date,title,content
20160517,习近平主持召开哲学社会科学工作座谈会强调 结合中国特色社会主义伟大实践 加快构建中国特色哲学社会科学,中共中央总书记、国家主席、中央军委主席习近平17日上午在京主持召开哲学社会科学工作座谈会并发表重要讲话。他强调，一个没有发达的自然科学的国家不可能走在世界前列，一个没有繁荣的哲学社会科学的国家也不可能走在世界前列。坚持和发展中国特色社会主义，哲学社会科学具有不可替代的重要地位，哲学社会科学工作者具有不可替代的重要作用。坚持和发展中国特色社会主义，必须高度重视哲学社会科学，结合中国特色社会主义伟大实践，加快构建中国特色哲学社会科学。 中共中央政治局常委、中央书记处书记刘云山出席座谈会。 座谈会上，中国社科院研究员汝信、北京大学国家发展研究院教授林毅夫、中国社科院马克思主义研究院研究员钟君、敦煌研究院研究员樊锦诗、复旦大学中国研究院教授张维为、北京师范大学文学院教授康震、中国政法大学教授马怀德、武汉大学马克思主义学院教授沈壮海、国防大学战略研究所教授金一南、中国人民大学重阳金融研究院研究员王文先后发言。他们分别介绍了哲学、经济学、科学社会主义、历史学、政治学、文学、法学、马克思主义理论、军事学等学科和领域的研究进展，并就如何推动哲学社会科学工作创新发展提出了意见和建议。 习近平认真听取大家发言，不时就有关话题同学者们深入讨论。大家发言后，习近平发表了重要讲话。他首先表示，发言的同志讲得很好，很多是真知灼见、肺腑之言，听了很受启发。他向全国广大哲学社会科学工作者致以诚挚的问候。 习近平强调，观察当代中国哲学社会科学，需要有一个宽广的视角，需要放到世界和我国发展大历史中去看。人类社会每一次重大跃进，人类文明每一次重大发展，都离不开哲学社会科学的知识变革和思想先导。现在，我国哲学社会科学学科体系不断健全，研究队伍不断壮大，研究水平和创新能力不断提高，马克思主义理论研究和建设工程取得丰硕成果。广大哲学社会科学工作者坚持以马克思主义为指导，深入研究和回答我国发展和我们党执政面临的重大理论和实践问题，推出一大批重要学术成果，为坚持和发展中国特色社会主义作出了重大贡献。 习近平指出，新形势下，我国哲学社会科学地位更加重要、任务更加繁重。历史表明，社会大变革的时代，一定是哲学社会科学大发展的时代。当代中国正经历着我国历史上最为广泛而深刻的社会变革，也正在进行着人类历史上最为宏大而独特的实践创新。这种前无古人的伟大实践，必将给理论创造、学术繁荣提供强大动力和广阔空间。这是一个需要理论而且一定能够产生理论的时代，这是一个需要思想而且一定能够产生思想的时代。一切有理想、有抱负的哲学社会科学工作者都应该立时代之潮头、通古今之变化、发思想之先声，积极为党和人民述学立论、建言献策，担负起历史赋予的光荣使命。 习近平强调，坚持以马克思主义为指导，是当代中国哲学社会科学区别于其他哲学社会科学的根本标志，必须旗帜鲜明加以坚持。我国哲学社会科学的一项重要任务就是继续推进马克思主义中国化、时代化、大众化，继续发展21世纪马克思主义、当代中国马克思主义。我国广大哲学社会科学工作者要自觉坚持以马克思主义为指导，自觉把中国特色社会主义理论体系贯穿研究和教学全过程，转化为清醒的理论自觉、坚定的政治信念、科学的思维方法。 习近平指出，坚持以马克思主义为指导，首先要解决真懂真信的问题，核心要解决好为什么人的问题，最终要落实到怎么用上来。我国哲学社会科学要有所作为，就必须坚持以人民为中心的研究导向。脱离了人民，哲学社会科学就不会有吸引力、感染力、影响力、生命力。我国广大哲学社会科学工作者要坚持人民是历史创造者的观点，树立为人民做学问的理想，尊重人民主体地位，聚焦人民实践创造，自觉把个人学术追求同国家和民族发展紧紧联系在一起，努力多出经得起实践、人民、历史检验的研究成果。马克思主义是随着时代、实践、科学发展而不断发展的开放的理论体系，它并没有结束真理，而是开辟了通向真理的道路。把坚持马克思主义和发展马克思主义统一起来，结合新的实践不断作出新的理论创造，这是马克思主义永葆生机活力的奥妙所在。 习近平强调，要加快构建中国特色哲学社会科学，按照立足中国、借鉴国外，挖掘历史、把握当代，关怀人类、面向未来的思路，着力构建中国特色哲学社会科学，在指导思想、学科体系、学术体系、话语体系等方面充分体现中国特色、中国风格、中国气派。 习近平指出，构建中国特色哲学社会科学，一是要体现继承性、民族性。要善于融通马克思主义的资源、中华优秀传统文化的资源、国外哲学社会科学的资源，坚持不忘本来、吸收外来、面向未来。坚定中国特色社会主义道路自信、理论自信、制度自信，说到底是要坚定文化自信，文化自信是更基本、更深沉、更持久的力量。二是要体现原创性、时代性。我们的哲学社会科学有没有中国特色，归根到底要看有没有主体性、原创性。只有以我国实际为研究起点，提出具有主体性、原创性的理论观点，构建具有自身特质的学科体系、学术体系、话语体系，我国哲学社会科学才能形成自己的特色和优势。我国哲学社会科学应该以我们正在做的事情为中心，从我国改革发展的实践中挖掘新材料、发现新问题、提出新观点、构建新理论，加强对改革开放和社会主义现代化建设实践经验的系统总结，加强对发展社会主义市场经济、民主政治、先进文化、和谐社会、生态文明以及党的执政能力建设等领域的分析研究，加强对党中央治国理政新理念新思想新战略的研究阐释，提炼出有学理性的新理论，概括出有规律性的新实践。三是要体现系统性、专业性。中国特色哲学社会科学应该涵盖历史、经济、政治、文化、社会、生态、军事、党建等各领域，囊括传统学科、新兴学科、前沿学科、交叉学科、冷门学科等诸多学科，不断推进学科体系、学术体系、话语体系建设和创新，努力构建一个全方位、全领域、全要素的哲学社会科学体系。要抓好教材体系建设，形成适应中国特色社会主义发展要求、立足国际学术前沿、门类齐全的哲学社会科学教材体系。 习近平强调，构建中国特色哲学社会科学是一个系统工程，是一项极其繁重的任务，要加强顶层设计，统筹各方面力量协同推进。 习近平指出，加强和改善党对哲学社会科学工作的领导，是繁荣发展我国哲学社会科学事业的根本保证。各级党委要把哲学社会科学工作纳入重要议事日程，加强政治领导和工作指导，一手抓繁荣发展、一手抓引导管理。各级领导干部特别是主要负责同志，既要有比较丰富的自然科学知识，又要有比较丰富的社会科学知识，以不断提高决策和领导水平。要加强中国特色新型智库建设，建立健全决策咨询制度。 习近平强调，哲学社会科学领域是知识分子密集的地方，要把这支队伍关心好、培养好、使用好，让广大哲学社会科学工作者成为先进思想的倡导者、学术研究的开拓者、社会风尚的引领者、党执政的坚定支持者。要实施以育人育才为中心的哲学社会科学整体发展战略，构筑学生、学术、学科一体的综合发展体系。要实施哲学社会科学人才工程，着力发现、培养、集聚一批有深厚马克思主义理论素养、学贯中西的思想家和理论家，一批理论功底扎实、勇于开拓创新的学科带头人，一批年富力强、锐意进取的中青年学术骨干，构建种类齐全、梯队衔接的哲学社会科学人才体系。要认真贯彻党的知识分子政策，做到政治上充分信任、思想上主动引导、工作上创造条件、生活上关心照顾。领导干部要主动同专家学者打交道、交朋友，多听取他们的意见和建议。要加强哲学社会科学优秀人才使用，让德才兼备的人才在重要岗位上发挥作用。 习近平指出，要提倡理论创新和知识创新，鼓励大胆探索，开展平等、健康、活泼和充分说理的学术争鸣，活跃学术空气。要大力弘扬优良学风，推动形成崇尚精品、严谨治学、注重诚信、讲求责任的优良学风，营造风清气正、互学互鉴、积极向上的学术生态。广大哲学社会科学工作者要立志做大学问、做真学问，严肃对待学术研究的社会效果，以深厚的学识修养赢得尊重，以高尚的人格魅力引领风气，在为祖国、为人民立德立言中成就自我、实现价值。 王沪宁、刘延东、刘奇葆、许其亮、栗战书出席座谈会。 中央和国家机关有关部门、中央军委政治工作部负责同志，各省区市和新疆生产建设兵团党委宣传部部长，马克思主义理论研究和建设工程咨询委员，有关专家学者和学生代表等参加座谈会。
20160517,习近平会见阿富汗首席执行官,国家主席习近平17日在人民大会堂会见来华进行正式访问的阿富汗首席执行官阿卜杜拉。 习近平指出，中国和阿富汗是传统友好邻邦。建交60多年来，中阿奉行和平共处五项原则，相互尊重、相互理解、相互信任、相互支持，睦邻友好关系不断增强。我们赞赏阿富汗民族团结政府致力于发展经济、推进和解、维护安全，并取得积极进展。作为阿富汗可以信赖的邻居和朋友，中方重视发展同阿富汗的友好合作关系。我们愿同阿方一道努力，推动中阿战略合作伙伴关系向前发展。 习近平强调，中方感谢阿富汗在涉及中国核心和重大利益问题上给予中方的支持。中方将继续坚定支持阿富汗民族团结政府施政，尊重阿富汗人民自主选择的政治制度和发展道路。我们愿同阿方密切高层交往，加强战略沟通，规划合作蓝图。中方将坚定支持阿富汗和平重建和发展。双方要密切配合，推动中国在阿富汗重大投资项目早日取得实质进展。中方愿继续支持阿富汗人力资源开发，鼓励两国青年、智库、媒体等加强交流，扩大地方政府往来。中方支持阿富汗融入区域合作，愿帮助阿富汗推进同周边国家互联互通，将中国的“一带一路”倡议同阿富汗国家转型和发展战略对接，加强双方全面合作，促进两国共同发展。中方坚定支持阿富汗打击恐怖主义，将继续为阿富汗加强安全能力建设提供支持。中方坚定支持阿富汗和平与和解进程，支持“阿人主导，阿人所有”的包容性和解进程，这是阿富汗实现长治久安的根本出路。 阿卜杜拉表示，阿富汗同中国是友好近邻，两国人民友谊源远流长。阿方感谢中方在阿最困难时期给予的帮助，感谢中方对阿民族团结政府的支持。阿方坚定支持中方在台湾等核心关切问题上的立场，愿同中方保持高层交往，加紧落实双方达成的共识，在国家重建过程中加强同中方在经济、基础设施、人力资源、安全等领域合作。 国务委员杨洁篪、郭声琨等参加会见。 当天，阿卜杜拉在天安门广场向人民英雄纪念碑敬献了花圈。
20160517,习近平接受十二国新任驻华大使递交国书,国家主席习近平17日在人民大会堂接受12国新任驻华大使递交国书。他们是：阿富汗驻华大使莫萨扎伊、格林纳达驻华大使安托万、亚美尼亚驻华大使马纳萨良、沙特阿拉伯驻华大使图尔基、阿根廷驻华大使盖铁戈、阿尔及利亚驻华大使布哈利法、塔吉克斯坦驻华大使达夫拉特佐达、瓦努阿图驻华大使赖岳洋、巴勒斯坦驻华大使马赫达维、赤道几内亚驻华大使埃夸、塞拉利昂驻华大使科罗马、日本驻华大使横井裕。 习近平欢迎各国使节来华履新，请他们转达对各有关国家领导人和人民的诚挚问候和良好祝愿。习近平积极评价中国同各国的良好关系及中国人民同各国人民的深厚友谊，指出中国高度重视发展同各国的关系，愿进一步巩固传统友谊，加强政治互信，深化互利合作，增进人文交流，实现共同繁荣。中国政府将为各国使节履职提供便利和支持，希望各位使节为推动中国同有关国家关系和各领域合作作出积极贡献。 各国使节转达了各自国家领导人对习近平的亲切问候和对中国人民的美好祝愿，积极评价中国的快速发展和在国际事务中发挥的重要作用。使节们表示，各国高度重视发展同中国关系，将对华关系视为各国外交的优先方向。他们对出使中国深感荣幸，愿竭尽所能，致力于推动各自国家同中国的友好合作，加深各国人民同中国人民的相互了解，实现互利共赢。
20160517,李克强会见法国外长,国务院总理李克强16日在人民大会堂会见来华进行正式访问的法国外长艾罗。 李克强表示，中法拥有高度政治互信，各领域务实合作广泛深入，人文等交往日益密切。中国政府高度重视发展同法国的关系，愿同法方在核能等领域开展深度合作，扩大相互投资，积极开拓第三方市场合作，在国际和地区事务中加强沟通协调，让中法互利合作不仅促进各自国家经济发展，也为世界经济复苏和增长提供助力。 李克强应询介绍了当前中国经济金融形势，他指出，今年以来，中国经济运行总体平稳，结构调整和转型升级出现好的势头，金融运行稳定，债务处于可控水平。虽然世界经济复苏乏力，中国发展也要应对多重困难和挑战，但我们通过全面深化改革、积极扩大开放，有能力保持经济运行在合理区间和长期向好的基本面，防范住系统性金融风险，保持金融稳定。 艾罗表示，法方看好中国经济发展前景，对法中关系与合作前景充满信心，愿同中方密切高层交往，持续推进核能、电力以及人文等领域交流与合作，加强多边沟通协调，推动法中关系不断取得新发展。
20160517,刘云山会见第五届中欧政党高层论坛欧方代表,中共中央政治局常委、中央书记处书记刘云山17日在北京会见出席第五届中欧政党高层论坛的欧方代表。 刘云山说，中欧全面战略伙伴关系呈现良好发展势头，中国党和政府高度重视中欧关系，视欧洲为当今世界格局中的重要力量。中国秉持创新、协调、绿色、开放、共享的发展理念，倡议和推动的“一带一路”建设是开放的、包容的、务实的，中欧双方发展战略高度契合、合作潜力巨大。中方愿同欧方一道，坚持相互尊重、平等相待，用好中欧政党高层论坛这个多边性战略性对话平台，不断丰富党际交往内容，推动中欧共同发展，实现互利共赢。 欧洲社会党主席、保加利亚前总理斯塔尼舍夫代表欧方代表表示，欧方高度评价中国改革开放取得的成就，敬佩中国共产党的治国理政能力，赞同中国“十三五”规划强调的新发展理念。中国坚持和平、合作、开放、共赢的外交政策，对欧中关系十分重要。欧中共同利益远大于分歧，中方“一带一路”倡议与欧洲发展战略对接可实现优势互补，互利共赢。
20160517,中央军委巡视组对7个大单位开展回访巡,经中央军委批准，近日，中央军委巡视组分4个组对海军、空军、火箭军、军事科学院、国防大学、国防科学技术大学和武警部队党委班子及其成员开展回访式巡视。这是中央军委实现对原四总部和大单位党委班子及其成员巡视全覆盖后，首次集中组织巡视“回头看”。
20160517,国务院办公厅印发《关于促进通用航空业发展的指导意见》,国务院办公厅日前印发《关于促进通用航空业发展的指导意见》，对进一步促进通用航空业发展作出部署。 《意见》提出，到2020年，建成500个以上通用机场，基本实现地级以上城市拥有通用机场或兼顾通用航空服务的运输机场，覆盖农产品主产区、主要林区、50%以上的5A级旅游景区。通用航空器达到5000架以上，年飞行量200万小时以上，培育一批具有市场竞争力的通用航空企业。通用航空器研发制造水平和自主化率有较大提升，国产通用航空器在通用航空机队中的比例明显提高。通用航空业经济规模超过1万亿元，初步形成安全、有序、协调的发展格局。
20160517,国内联播快讯,一季度重大政策落实审计结果发布 审计署今天发布了2016年第一季度国家重大政策措施贯彻落实跟踪审计结果。截至一季度末，已整改影响财政资金统筹使用方面问题74个、统筹盘活资金155.28亿元，尚未整改到位和3月份审计发现未及时统筹使用资金97.08亿元，审计部门正督促加快整改。 云盘“涉黄” 多家企业被查处 今天，全国“扫黄打非”办公室通报了四川绵阳“12·21”云盘传播淫秽物品案等案件。福建千军万马、北京百度等六家云盘服务企业因违规被行政处罚，同时被要求对相关产品进行功能调整。 海南首次发射任务进入全面实施阶段 昨天下午，随着长征七号运载火箭最后一批部件安全运抵海南文昌航天发射场，标志着发射场首次发射任务进入全面实施阶段。 目前，航天发射场设施设备状态良好，各项准备工作正按计划有序进行。 八成宽带用户年底实现光纤覆盖 记者从工业和信息化部了解到，截至2015年底，光纤到户覆盖家庭累计4.5亿户，是2013年初“宽带中国”战略实施时的近10倍。预计到今年年底，八成宽带用户将实现光纤覆盖。
20160517,利比亚问题国际会议在维也纳举行,16号，利比亚问题国际会议在奥地利首都维也纳举行。包括联合国安理会五个常任理事国在内的20多个国家和国际组织的代表参加会议。 当天的会谈主要讨论了极端组织在利比亚持续扩张的问题。 与会各方会后发表联合公报，表示国际社会承认利比亚民族团结政府为利比亚唯一的合法政府，各方将从政治、军事和经济等多个方面，对利比亚民族团结政府提供支持，并考虑放松对利比亚的武器禁运，以协助利比亚政府打击极端组织和其他恐怖组织。 在会后举行的新闻发布会上，利比亚民族团结政府总理法伊兹·萨拉杰表示，利比亚希望外国帮助训练和装备利比亚安全部队，但不是外部军事力量直接干预。 利比亚2011年爆发内战，美国等西方国家进行军事干涉，帮助反对派推翻卡扎菲政权。此后，利比亚内乱更加严重，派系争斗加剧，一度出现两个政府、两个议会并立局面。极端组织趁乱坐大，目前已占据苏尔特、德尔纳等城市，并在的黎波里、班加西等城市附近设有据点。 2015年12月，在联合国斡旋下，利比亚两个对立议会代表团签署《利比亚政治协议》，同意结束分裂，共同组建民族团结政府。国际社会随后表示，将为利比亚实现“国家权力和平快速移交”提供必要支持。
20160517,中国以色列加强创新创业合作,第三届全球创新创业会议16号在以色列召开，来自中国和以色列的企业家将重点围绕医疗健康、清洁环保、农业技术等领域开展项目对接与洽谈。自去年中以创新创业合作研究中心成立以来，双方在科技成果转化等方面加强合作，目前已经有超过200个创新创业合作项目正在运作当中。
20160517,巴格达又发生两起爆炸 死伤过百,北京时间今天下午，伊拉克首都巴格达接连发生两起爆炸。警方说，目前爆炸已造成至少44人死亡，超过90人受伤。暂时还没有组织宣称对袭击负责。 最近一周内，极端组织已在巴格达制造了多起袭击，仅11号的三起袭击就造成90多人死亡。
20160517,国际联播快讯,美国防部：极端组织近期频繁失地 美国国防部16号说，极端组织最近几个星期在伊拉克和叙利亚频繁失地，在伊拉克的控制区面积已削减45%左右，而在叙利亚失去的控制区面积在20%左右，并且还在不断扩大。 过去一年，伊拉克联合作战部队已完全收复萨拉赫丁省及安巴尔省绝大部分地区。而叙利亚政府军在今年3月底收复了巴尔米拉后，4月初又收复了盖尔亚廷，切断了极端组织从叙东部通往大马士革的补给线。 土耳其情报部门发出恐袭警告 据土耳其当地媒体16号援引土情报部门的话报道，极端组织和土耳其库尔德工人党计划于19号土耳其的青年和体育节期间，在首都安卡拉制造恐怖袭击。 中国外交部提醒中国公民，近期应谨慎前往土耳其，在土中国公民和机构应保持高度警惕，加强安全防范和应急准备，避免前往人群密集场所。 联合国将为难民儿童设立教育基金 联合国全球教育特使、英国前首相布朗16号说，联合国将设立专项基金，为全世界数千万名流离失所的儿童提供受教育的机会。这一基金名为“教育不能等待”，将在本月晚些时候召开的首次世界人道主义峰会上正式启动。基金寻求在5年内筹集38.5亿美元，向难民儿童提供最长5年的教育服务。 印尼著名景点突发山洪17名游客死亡 印度尼西亚北苏门答腊省著名旅游景点“双色瀑布”15号突发山洪，目前已造成至少17名游客死亡，多人失踪。 当地官员说，事发时，一个主要由学生组成的70多人的旅行团正在当地游览。山洪发生后，有57名学生成功逃脱。虽然有300多人参与营救，但由于事发地地处偏远，加之通讯不畅，搜救难度很大。 以色列潜水者发现1600年前沉船宝藏 近日，两名业余潜水者在以色列海滨城市凯撒里亚附近海域潜水时，在海底意外发现了一些雕像、数千枚硬币及其他文物。随后，考古学家和潜水者对这片海域进行了详细排查，发现了一艘古代商船的残骸和更多文物。16号，以色列考古学家向人们展示了部分打捞上来的文物。 据以色列文物管理局的专家估计，这艘船沉于古罗马时期，距今已有约1600年。
