date,title,content
20160206,习近平应约同美国总统通话,国家主席习近平5日应约同美国总统奥巴马通话，两国领导人互致新春问候和祝福。 　　习近平指出，过去一年，在双方共同努力下，中美关系取得重要进展。当前形势下，中美两国需要合作、能够合作的事情很多。中方愿同美方一道，继续深化各领域务实合作，加强在国际、地区、全球性问题上的沟通和协调，推动中美关系持续健康稳定发展。 　　奥巴马表示，很高兴在中国农历新年即将来临之际同习近平主席通话，希望美中关系取得新的进展，双方继续携手努力，深化合作，共同促进两国和国际社会和平、安全、繁荣。美方对朝鲜再次进行核试验并宣布将进行发射活动有严重关切，希望国际社会加强协调，推动联合国安理会采取措施，有效应对这一局面。美方愿就此加强同中方合作。 　　习近平强调，当前，半岛形势复杂敏感。中方坚持半岛无核化目标，主张致力于通过对话协商解决问题，维护半岛和平稳定，这符合各方根本利益。中方赞成维护联合国安理会有关决议和国际核不扩散体系，愿同包括美方在内的有关各方就此保持沟通和协调。
20160206,习近平同韩国总统通电话,国家主席习近平5日同韩国总统朴槿惠通电话。两国领导人互致农历新年问候和祝福，同意共同推动中韩双边关系不断提高到新水平。 　　习近平指出，在双方共同努力下，中韩关系发展取得丰硕成果。两国政治互信和各领域交流合作日益密切，中韩自由贸易协定正式生效并给两国人民带来实实在在的好处，人文交流呈现可喜局面，双方推动各自国家发展战略对接，在重大国际和地区问题上保持密切沟通和协调。我愿继续同总统女士共同指导好中韩关系各领域工作，推动双边关系不断提高到新水平。 　　朴槿惠表示，韩方高度重视韩中关系，致力于同中方共同努力，推进韩中各领域合作深入发展。两国领导人就共同关心的问题保持经常接触非常重要。韩方对朝鲜不久前进行第四次核试验并宣布将再次进行发射活动表示严重关切。韩方希望国际社会密切协调，希望安理会尽快作出反应，有效应对当前半岛局势。 　　习近平强调，中方在任何情况下都坚定致力于实现半岛无核化，坚定致力于维护半岛和平稳定，坚持通过对话协商解决问题。这符合包括中韩在内东北亚各国的共同利益。半岛不能有核，也不能生战生乱。我们希望有关各方从维护半岛和平稳定大局出发，冷静应对当前形势，始终坚持对话协商的正确方向。中方愿就半岛问题继续同韩方保持沟通和协调。
20160206,国务院印发《关于深入推进新型城镇化建设的若干意见》,经李克强总理签批，国务院日前印发《关于深入推进新型城镇化建设的若干意见》，全面部署深入推进新型城镇化建设。 　　《意见》指出，新型城镇化是现代化的必由之路，是最大的内需潜力所在，是经济发展的重要动力，也是一项重要的民生工程。深入推进新型城镇化，要坚持点面结合、统筹推进，着力解决好“三个1亿人”城镇化问题，全面提高城镇化质量。 　　《意见》提出了九个方面的具体措施。
20160206,新春走基层·回家的礼物,明天就是除夕了，回家过年，是天南地北在外打拼的人一年里最盼望的时刻，在回家的大包小裹中，是一件件回家的礼物，礼物是对家人的思念，更是一份不能陪伴的亏欠。今年的《新春走基层·回家的礼物》，让我们看看每一个游子回家的行囊中，又带着怎样的礼物。 　　30岁的邹进是河南南阳人，三年前带着家里的积蓄和家人的希望，来西安创业打拼，没想到赔了钱，邹进也只能干起了搬运工。他说，三年没回家，其实是自己没勇气。 　　面对镜头，邹进说出了平时说不出的话。 　　邹进：“说实话我真，我真喜欢你吧，就是说我真那个啥，我爱你们娘三个，我爱我老婆。” 　　挣没挣钱也要回家过年。而对于扬州大一学生王诗佳来说，自己的第一笔奖学金，是一定要给奶奶买礼物的。 　　王诗佳说，她13岁就跟着奶奶生活，读高中时，奶奶在学校附近租了房子陪着她，自己的被子、棉鞋都是奶奶给她做的。前段天冷时，不识字的奶奶还在捎来的新被里，塞进了一封找人代写的信，只有27个字。 　　王诗佳：“多吃点，不要减肥，晚上不要出门，照顾自己，常回家，给你做你爱吃的。” 　　到家的王诗佳，给我们发来了奶奶穿上红棉袄的照片，说奶奶嘴上说太贵了，可心里美着呢。 　　在云南丽江石鼓小学，12岁的文杰妹，今年最想要的，不是吃的穿的，而是希望打工回来的爸爸妈妈不再吵架。可当着妈妈的面，文杰妹却说不出口。 　　文杰妹说，家里地少，外出打工的爸爸，木匠活、泥瓦活、种花木什么都干过，每次回家都是灰头土脸，一年到头就那两件衣服，家里日子过得紧，只要一回家，爸妈就会为一些琐事吵个不停。 　　文杰妹的爸爸文建光：“她写的这个我也知道了，我们以后不吵了。” 　　从来就不知道女儿心思的爸爸，这次的承诺让文杰妹很满足。 　　文杰妹：“家里不管再怎么穷，反正一家人和睦相处就可以了，感觉这样很幸福。”
20160206,台湾高雄发生6.7级地震,据中国地震台网测定：台湾高雄市6日凌晨3点57分发生里氏6.7级地震，全台都有震感，其中台南市受损最为严重，多处建筑倾斜、甚至倒塌。截至发稿时，已有245人获救，11人死亡，400多人受伤，目前仍有人员受困，救援仍在持续。 　　6号凌晨，台湾南部，地龙翻身，民众半夜在睡梦中被地震摇醒。震情最惨重的就是台南，地震致使台南市区多条街道和路面发生塌陷，18座建筑倒塌、倾斜或受损。其中一栋17层大楼被拦腰截断，门窗扭曲变形，现场满目疮痍。台湾消警部门第一时间展开救援，在废墟中搜寻被困民众，并从大楼内成功救出上百人。地震还导致大楼水管破裂，现场飘出浓浓瓦斯味道。劫后余生的民众仍心有余悸。 　　台南市政府已开设一级防灾应变中心。台湾地区领导人马英九一早也赶往台南，了解灾情。 　　台湾地震发生后，国台办、海协会立即启动应急机制，向台湾陆委会、海基会了解灾情，表达慰问，并表示大陆方面愿意提供一切必要协助。 　　台湾地震也波及福建沿海地区，厦门、福州等地震感明显，部分列车因此晚点。 　　本台记者陈慧慧：“春节前后也是大陆居民赴台旅游的高峰期，经确认，目前并没有大陆游客在这次地震中伤亡。台湾观光部门表示，将持续清查南部景区状况，并及时通报。央视记者，台南报道。”
20160206,过年了 家乡周边去看一看,明天就是除夕了，过年七天假，您可别老闷在家里，出去走一走，看一看，有很多好玩好看的等着你。 　　在江西过年的朋友，不妨去看看南昌灯会，《孔融让梨》、《曹冲称象》，尤其适合带着孩子去转转。 　　如果你在江苏南京过年，秦淮河的灯会实在不容错过，这里的灯会，早在南朝的时候就有了；在浙江过年，乌镇的水灯也值得一看，这里的灯能在水上漂；在甘肃过年，感受一下社火，你可能更能了解西部人的性格；在安徽过年，文化遗产花鼓戏，花鼓灯等着你去细细品味；如果你在湖南长沙过年，火宫殿的大庙会不妨转一转，这里有传承百年的小吃，不过，怕辣的朋友可要小心了；这个年，如果你来到了祖国的最东边，黑龙江抚远的江鱼冰雕可是独具特色。 　　在贵州过年朋友，可以体验一下当地布依族的糍粑赛，热腾腾的糯米放进槽，大力士开始搓、揉、捻，一槌一槌地打，年味立马出来了。
20160206,瞰春：云南大理品古镇年味,过年，由南到北各地都有着自己的传统方式。从今天开始，我们用航拍的方式，带您从空中俯瞰各地春节特色民俗，换一个视角，去感受浓浓年味。今天，我们先去云南大理的沙溪古镇上空看看。 　　现在，位于云南省大理白族自治州剑川县的沙溪古镇，是一年中最热闹的时候。这是茶马古道上保留最完好的古镇，至今已经有数千年历史。眼下的年集是这里一年里最大的集市，忙年的人们从十里八乡赶来购置年货。逛累了，抬头看看，古戏台上，还有各个村演出队带来的乡戏。 　　沙溪古镇现有明清时代的建筑100多处，它们主要采用土坯与木头结合的结构，建筑布局以传统的白族民居形态为主，其中古镇的核心区域寺登街还被列入《世界濒危建筑保护名录》。 　　随着这几年来沙溪感受古镇风情，品味茶马文化的人越来越多，旅游成了这里最主要的经济收入。当地政府以每个标间补助5000元的标准，帮助居民把房屋改建成客栈。过去的一年，全镇农民人均纯收入6000多元，同比增长近10%。
20160206,“央视新闻”打造新媒体时代春节文化,这两天，“央视新闻”新媒体推出的“新春汉字”互动平台吸引了257万多网友参与，大家把对2016猴年的期许汇作汉字，传递美好寄托，书写率最高的三个字是“康”、“福”、“安”。其中，“安”字快速上升，也是因为今天台湾高雄地震发生后，网友祈福岁岁平安。此外，“央视新闻”新媒体还在春晚后台搭设了14个云摄像头，进行360度全景式春晚后台直播，网友可以通过手机客户端自由切换直播画面。除夕上午九点开始的特别节目“一年又一年”中，观众朋友还可以通过“我家的年夜饭”互动平台，分享家乡过年的风景和习俗。利用互联网技术，“央视新闻”新媒体为传统的春节民俗注入新的内涵，打造新媒体时代的春节文化。
20160206,“百名红通”39号41号嫌犯被抓获归案,今天凌晨，付耀波、张清曌两名“红通”嫌犯，从加勒比海岛国圣文森特和格林纳丁斯被抓获归案。 　　据记者了解，付耀波、张清曌两人分别是红色通缉令百人名单上的第39和41号嫌犯，50岁的付耀波，是辽宁省本溪市劳动和社会保障监察支队案件审理科原科长；44岁的张清曌是辽宁省本溪市劳动和社会保障监察支队原出纳员。 　　两人涉嫌于2008年至2014年间，利用职务便利共同贪污公款2996万元，2014年9月一起潜逃出境，先后流窜泰国、马来西亚、新加坡、格林纳达、圣文森特和格林纳丁斯等国。在初步掌握二人落脚加勒比地区后，专案组在格林纳达、圣文森特和格林纳丁斯两国警方支持配合下，历经51天艰苦奋战，在圣文森特和格林纳丁斯首都金斯敦郊区的大山里将二人成功抓获。
20160206,央视春晚集锦再登纽约时报广场 外国民众感受中国春节“年味”,近日，历年央视春晚集锦再度登陆美国纽约时报广场的“中国屏”，将中国的年味儿传递到“世界的十字路口”。 　　从1月29号到2月15号，央视春晚集锦以每天24小时、每小时12次、每次30秒的频率在时报广场的“中国屏”上循环播放。 　　美国有线电视新闻网(CNN)也在其本土频道、亚洲频道、欧洲频道等多个频道持续播出这一集锦，将中国春节传统的文化魅力带到外国观众身边。
20160206,安理会就叙利亚问题举行闭门磋商,合国安理会5号就叙利亚问题举行闭门磋商。联合国秘书长叙利亚问题特使德米斯图拉通报了叙利亚和谈暂时中止的情况。和谈重启的时间暂定为2月25日。 　　俄罗斯常驻联合国代表丘尔金在磋商后表示，叙利亚国际支持小组11号计划在慕尼黑召开会议，届时俄方将就重启和谈提出新建议。
