date,title,content
20161023,【学习总书记纪念长征胜利80周年讲话】跨越复兴之路上的“雪山草地”,在纪念红军长征胜利80周年大会上，习近平总书记说，新的长征路上，发展任务紧迫繁重，改革攻坚艰苦卓绝。实现“两个一百年”奋斗目标、实现中华民族伟大复兴的中国梦，其开创性、艰巨性、复杂性，丝毫不亚于当年的万里长征。各地干部群众表示：要牢记长征精神、弘扬长征精神，跨越我们复兴路上的“雪山草地”，攻克前进道路上的“娄山关”、“腊子口”。 总书记讲“半床被子”的故事，这两天引起了大家共鸣，80年前，借宿湖南沙洲村徐解秀家里的３名红军女战士，临走时把自己仅有的一床被子，剪了一半留给了老人。 老人等了大半个世纪，女战士再没有回来。30年前，这位重走长征路的老记者，挖掘到了这个故事。 80多年过去了，沙洲村也变了样，老人的曾孙，现在是村主任，他和村民们正在谋划的，是怎么致富奔小康。 心中有信仰，脚下有力量。这位全程走过2万5千里长征的吉安老红军曾广昌告诉记者，正是共产党人这种心系百姓的信仰，是支撑他走完长征的坚定力量。 80年过去了，弘扬长征精神，对共产党人来说，任务变了，但宗旨并没有变，那就是让人民过上更美好的生活。 走在复兴路上，我们的改革攻坚艰苦卓绝。丝毫不亚于当年的万里长征。 十八大以来，中央全面深化改革，从发展最突出的问题改起，从群众最期盼的领域改起，一系列改革破冰前行，这正是跨越复兴路上的“雪山草地”，攻克改革路上的“娄山关”、“腊子口”。
20161023,【学习总书记纪念长征胜利80周年讲话】传承长征精神 投身改革强军,长征是人民军队的光荣，光荣的人民军队必须永远继承红军长征的伟大精神和优良作风。习近平主席在纪念红军长征胜利80周年大会上发表的重要讲话，在全军部队引起热烈反响。 在一支支红军部队，官兵们表示，新时期，部队更需要大力弘扬伟大的长征精神。 正在野外驻训的火箭军某导弹旅和在亚丁湾护航的官兵，决心用长征中“铁心跟党走，一步不掉队”的精神，把忠诚于党的红色基因传承下去。 在酒泉卫星发射中心，刚刚执行完神舟十一号载人飞船发射的科技人员又投入到新的卫星发射任务。 驻守在祖国大陆最南端的空军航空兵官兵表示，把长征精神融入到血脉里、践行在岗位中、发扬在训练场。
20161023,人民日报评论员文章：走好今天的长征路——三论贯彻习近平总书记纪念红军长征胜利80周年讲话精神,明天出版的人民日报发表评论员文章，题目是《走好今天的长征路——三论贯彻习近平总书记纪念红军长征胜利80周年讲话精神。》
20161023,【全面从严治党】管党治党 从党内政治生活严起,党要管党，首先要从党内政治生活管起；从严治党，首先要从党内政治生活严起。十八大以来，各级党组织按照党中央的要求，从严从实落实党内政治生活各项制度，强化党员日常教育管理监督，不断拧紧管党治党的螺丝，全面从严治党取得了新的成效。 湖北省咸宁市张公庙村党员 饶云锦：大家都知道，白条现象入账，是不符合财经纪律和财经制度的。那么我就请问，白条现象是如何产生的？又是何种渠道、何种方式进入我们结账程序当中的？ 这是湖北咸宁市张公庙村举行的“主题党日+”活动，参加会议的党员就村里的事务向党员干部提出质询，接受质询的负责人必须当场做出解释。 不留情面，一针见血地提意见，使党日活动不见了原来的一团和气，多了不少火药味。这次党日活动结束之后，针对会上提出的问题，张公庙村党支部进一步规范了财务制度，并且按照质询会上的承诺做到村务财务全部公开。 咸宁市要求所有党支部每月固定一天开展“主题党日+”活动，开展学习党规党情、实行民主议事、落实公开制度等“六事联动”，从制度和规范上严肃党内政治生活。目前，咸宁市已开展11期“主题党日+”活动，为群众解决实际问题3.3万多个。 除了党日活动之外，召开专题民主生活会，开展批评和自我批评，让红脸出汗成为常态，也是严肃党内政治生活的重要方式。在河南省兰考县县委常委专题民主生活会上，班子成员之间进行了直截了当的批评和自我批评，使党内民主生活会不再流于形式。 开展严肃认真的党内政治生活，是党的优良传统和政治优势。中国共产党在古田会议上首次提出党内生活政治化、科学化，1980年党的十一届五中全会通过《关于党内政治生活的若干准则》。 十八大以来，党中央把严肃党内政治生活、净化党内政治生态摆在更加突出的位置来抓，深入开展“群众路线教育实践”活动、“三严三实”专题教育、“两学一做”学习教育，党内政治生活的政治性、时代性、原则性、战斗性不断增强。 严肃党内政治生活、净化党内政治生态是党的建设一项基础工程。解决党内政治生活、政治生态中出现的问题决非一朝一夕之功。即将召开的十八届六中全会将审议《关于新形势下党内政治生活的若干准则》，为加强和规范新形势下党内政治生活起到正确的指导作用。
20161023,新华社述评：书写全面从严治党的时代答卷——写在党的十八届六中全会召开之际,华社今天播发述评，《书写全面从严治党的时代答卷——写在党的十八届六中全会召开之际》 述评说，2016年10月24日至27日，党的十八届六中全会将在北京召开。全会将研究全面从严治党重大问题。 从党的十八届三中全会研究部署全面深化改革、四中全会研究部署全面依法治国、五中全会吹响全面建成小康社会决胜阶段的冲锋号，到六中全会研究全面从严治党重大问题，“四个全面”战略布局将更加系统地提升到新的高度。 述评指出，党的十八大以来，以习近平同志为总书记的党中央全面从严治党系统部署、渐次展开：以理想信念为全面从严治党树立航标；以巩固党的领导核心地位为全面从严治党指明航向；以舍我其谁的勇气担当为全面从严治党披荆斩棘；以依规治党为全面从严治党夯实基础；以改革创新为全面从严治党注入动力，党的建设呈现出鲜明的时代特征。 党的十八届六中全会将制定新形势下党内政治生活若干准则、修订《中国共产党党内监督条例(试行)》。外界普遍认为，这种议程设置表明了中共中央坚定不移推进全面从严治党的政治决心，释放出进一步加强党的制度建设的明确信号，必将有助于推动管党治党从“宽松软”走向“严紧硬”。 述评指出，坚持党的领导，是党和国家的根本所在，命脉所在，是全国各族人民的利益所系、幸福所系。这是栉风沐雨的95年间，中国共产党引领国家从危亡走向强盛的时代启示；这是迈向伟大复兴的征途中，中国共产党带领人民继续前进的铮铮誓言；这是永不停歇的赶考路上，中国共产党用初心书写的崭新答卷。
20161023,中办 国办印发《关于建立健全国家“十三五”规划纲要实施机制的意见》,中共中央办公厅、国务院办公厅近日印发《关于建立健全国家“十三五”规划纲要实施机制的意见》。 《意见》提出，要正确处理政府和市场的关系，发挥市场在资源配置中的决定性作用和更好发挥政府作用，把该放的全部放给市场，把该管的切实管好。要调动中央和地方两个积极性，坚持“全国一盘棋”，正确处理局部利益和整体利益关系，强化对全局性、战略性及跨区域、跨领域目标任务的统筹协调。坚持整体推进和重点突破相结合，强化《纲要》统领和约束作用。 各地区各部门要根据有关职责分工，制定《纲要》涉及本地区本部门的主要目标和任务实施方案，明确责任主体、实施时间表和路线图，确保《纲要》各项目标任务落地。
20161023,多项指标向好 中国经济进一步企稳,中国作为世界的主要经济体和全球经济增长的重要引擎，经济运行一直受到广泛关注。最近一周，多项重要经济指标公布，国内外专家学者及国际机构表示，中国经济企稳态势进一步显现，应抓住时机，坚定不移推进改革。 今年一、二、三季度，中国国内生产总值均保持了同比6.7%的增长。中国经济在全球经济深度调整、国内产能过剩形势严峻的背景下，保持了稳定。 改革带来新局面。前三季度，消费对经济增长贡献率达到71%，第二产业虽然增速减慢，但是结构不断优化。高技术制造业增加值增长10.6%，对工业增长贡献率超20%，9月份，工业品出厂价格PPI终于告别连续54个月的负增长，重新回到正增长区间。 但是，多位专家也表示，影响我国经济运行的潜在风险依然存在。尤其是还有高库存、高杠杆、高房价等棘手问题需要得到解决。 前三季度，中国经济走稳甚至好于预期，这也得到国际社会的普遍认可。
20161023,我国扩大饲料作物面积 优化种植结构,近年来，我国玉米在连年增收的同时，却不断出现库存过剩价格下滑的现象。从去年开始我国实施玉米种植结构调整，过去单一的种粮格局正在逐步改变。 眼下，山东的秋收已近尾声，种粮大户逄增海的350亩地正在机收，今年他试着改种了饲料专用玉米，没想到这一改还真把钱挣到手了。 过去，老逄要把玉米拉回家，经过脱粒晾晒折腾两个月后才能卖。现在整株玉米全部粉碎打好捆去做青贮饲料，仅用5分钟。 从2015年开始，农业部在全国30个县试点“粮改饲”，以全株青贮玉米为重点，推进草畜配套，通过饲料粮就地转化让粮变肉，草变乳，实现过户增值，促进农民增收。今年中央财政下达10亿元专项资金，试点县增加到100个。 据农业部初步调度，今年全国“粮改饲”试点范围已扩大到整个玉米主产区的17个省区。农户改种全株青贮玉米后，每亩增收约200到300元。
20161023,【纪念长征胜利80周年】隐蔽战线先驱冷少农,提起1930年中央苏区一、二、三次反围剿的胜利，人们不能忘记一位隐蔽战线的无名英雄，他就是被誉为共和国早期“最杰出红色特工”之一的冷少农。 冷少农，贵州省瓮安县人。 1925，冷少农怀着拯救苦难中国的伟大抱负，只身来到广州参加革命并秘密加入中国共产党。 1930年10月，蒋介石准备调集10万余兵力，对以江西南部地区为中心的中央苏区革命根据地发动大规模的“围剿”，企图摧毁中央苏区根据地，消灭红一方面军的主力。 时任国民党军政部少校秘书的冷少农利用自己的特殊身份，从军政部长何应钦处获得了这一秘密计划。 沉着冷静的冷少农立即将这一“围剿”计划通过秘密渠道送到了中央苏区最高领导人的手里。1930年11月5日，国民党军队开始推进。根据冷少农送来的情报和国民党军队部署的态势，红一方面军在苏区人民群众的支援下，五天打了两个胜仗，共歼敌1.3万人，缴获各种武器1.2万余件，胜利地打破了国民党军队的第一次“围剿”。此后，从1931年2月到1931年7月，蒋介石先后调集20万、30万人向中央根据地发动第二和第三次“围剿”。 由于有了冷少农及时提供的情报，中央苏区红军都提前部署，粉碎了国民党军队的围攻。 1932年6月9日，冷少农因叛徒出卖在南京雨花台英勇就义，享年33岁。
20161023,【长征路 新故事】陕西吴起：精准切掉贫困的“尾巴”,1935年10月19日，中央红军与陕北红军胜利会师吴起镇，开启了党中央在延安的13年光辉历程。81年过去了，当年满目疮痍的吴起小镇如今已是郁郁葱葱的吴起新城，今天的【长征路 新故事】我们走进吴起。 在红军会师地吴起，有一座山叫“胜利山”，当地人都知道，毛泽东曾经在这里指挥了著名的“切尾巴战役”，如今，见证“切尾巴战役”的山石依旧，但山下的吴起却发生了天翻地覆的变化。 位于延安西北部的吴起县，是典型的黄土高原丘陵沟壑区，前些年，这里的百姓靠着石油产业的增收、补偿，日子过得还不错。可当地政府也发现，由于没有一条长远、稳定的致富门路和支柱产业，这里的百姓返贫现象比较严重，有的村镇就成了“拖后腿的贫穷尾巴”。 李桥村村民张殿元就属于这种情况，为了让他有一个致富的长远产业，政府帮着他家打井、修路，还免费提供苗木、肥料、技术指导，今年年初，他家30多亩荒山上都种上了苹果树。 镇上还帮助村民成立起了苹果专业合作社，让村民抱团发展。 截至目前，吴起县发展了8.5万亩苹果，以种养殖和林下经济为主的合作社达到149个。今年上半年，吴起县生产总值50.5亿元，人均纯收入达到5775元。
20161023,“霜降”来临 深秋寒意渐浓,这两天，我国南方多地降雨，而北方天气渐凉，东北部分地区还降下了大雪。 今年第22号台风“海马”，在江西赣州境内减弱为热带低压，随着它的强度进一步减弱，昨天中央气象台对其停止编号，并解除了台风黄色预警。但受其外围环流的影响，上海、江苏、福建等地，这两天仍有大雨或暴雨。 在浙江，多地降雨量超过50毫米，并伴有强风天气。宁波海事部门今天对核心港区部分码头实施大风靠泊管制，白峰码头前往舟山普陀山的客船停航。 随着台风“海马”对广东沿海的影响逐渐减小，今天，珠海香洲渔港迎来了转港避风归来的渔船。 为帮助渔民尽快恢复生产，当地海上边防也派出工作人员登船办理相关手续。 在东北、华北等地，近日的天气，已经让人们感受到了冬天的到来。 内蒙古东北部两天前开始大范围降雪，最低温度降至零下16度。在呼伦贝尔市图里河镇，部分路段积雪深度达到3厘米以上。 吉林长春也迎来了入秋后的首场降雪，气温降到零下4度左右，当地比往年提前了一周开始供暖。寒冷的天气，还使黑龙江呼玛江段出现了冰排伴雾凇的景观。预计明天北方大部分地区气温低迷状态仍将持续。
20161023,国内联播快讯,弘扬长征精神 传承红色记忆 “弘扬长征精神·传承红色记忆”纪念红军长征胜利80周年红色旅游系列活动，今天在红军会师地甘肃会宁闭幕。系列活动今年9月启动，先后在红军长征沿线的15个省区市举行。 2016龙舟世界杯落幕 中国包揽五金 2016龙舟世界杯今天在江苏武进落幕。来自11个国家和地区的12支龙舟队，经过100米、200米、500米直道赛、400米接力和1000米追逐赛五个项目的比拼，中国队包揽五枚金牌，加拿大队获得一银一铜，泰国队夺得两枚铜牌。 《永远在路上》今晚播出第六集 八集大型电视专题片《永远在路上》今晚20点继续在我台综合频道播出，今晚播出第六集《拍蝇惩贪》。 “心连心赴会宁慰问演出”今晚播出 “中央电视台心连心艺术团赴甘肃会宁慰问演出”今晚19点30分在我台综艺频道播出。演出以“不忘初心 继续长征”为主题，分为大会师、革命理想高于天、同心共筑中国梦和新长征四个部分。 中文国际频道继续播出《一带一路》 我台中文国际频道特别节目《一带一路》将从明天开始播出国外部分，节目以接力的方式对“一带一路”各国进行深入采访，既关注各国之间的经贸往来、文化交流，又以中国人的视角看世界。
20161023,叙伊拒绝土耳其插手战事,对于土耳其军队近来以打击极端组织为由，在叙利亚和伊拉克境内采取军事行动，叙利亚和伊拉克方面22号再度指责，土耳其的这种行为是对他们主权的公然侵犯。 22号，土耳其总理耶尔德勒姆表示，土耳其军队与其支持的叙利亚反对派武装已经从极端组织手中夺取了叙利亚北部约1270平方公里的地区。对此，叙利亚政府方面22号发表声明，指责土耳其公然侵犯叙利亚国家主权。叙政府军将会采取一切可能的方式进行反击。 除了越境进入叙利亚展开军事行动，土耳其还强势插手伊拉克局势。土耳其总统埃尔多安本月17号表示，土方将参加摩苏尔收复战，且“不必寻求其他方面同意”。伊拉克总理阿巴迪对此强硬回绝。阿巴迪22号在会见到访的美国国防部长卡特时强调，收复摩苏尔的军事行动是由伊拉克主导并实施的，伊拉克的领土不需要土耳其帮忙收复。卡特当天也表示，所有国家都应尊重伊拉克主权，如入境参与打击极端组织，必须经过伊拉克同意。 二战以来，主要生活在土耳其、叙利亚、伊拉克和伊朗的库尔德人一直争取建立国家，而土耳其则将其境内的库尔德工人党定性为恐怖组织。分析认为，土耳其借打击极端组织的时机介入叙利亚和伊拉克战事主要目的就是防范和打击库尔德武装力量，同时扩大其在中东地区的影响力。
20161023,国际联播快讯,"南京大屠杀史实展在法国举行 22号，《共同见证：1937南京大屠杀》史实展在法国卡昂和平纪念馆开展。这是南京大屠杀档案被联合国教科文组织列入世界记忆名录后首次在欧洲展出。此次展览力图通过西方人对南京大屠杀的记录资料，让法国观众直观、真切地了解这段历史。 展览展出了当年身处南京的欧美人士的日记、书信、照片以及影像，分为日军在南京的屠杀暴行、欧美人士救援难民、西方媒体早期报道、中外人士共筑和平等四个部分，共展出270余幅历史照片、50余件展品和视频资料。 俄方:赴叙航母编队有""绝密""任务 俄罗斯总统新闻秘书佩斯科夫22号说，俄“库兹涅佐夫”号航母除保卫在叙利亚的俄军人外还有其他“绝密”任务，但他没有透露任务是什么。佩斯科夫说，俄罗斯在叙利亚的目标是打击恐怖组织，阻止叙利亚分裂。叙总统巴沙尔·阿萨德必须留任，否则局势将更加混乱，难以收拾。 俄罗斯媒体报道称，“库兹涅佐夫”号航母编队在通过英吉利海峡后将取道地中海驶往叙利亚海岸。 美国电话电报公司收购时代华纳 美国电信运营商—美国电话电报公司22号宣布，将以854亿美元，约合5780亿元人民币的价格收购时代华纳公司。尽管这一并购案还有待批准，但消息提前传出后，时代华纳股价21号大涨近8%。 美国电话电报公司是美国第二大电信运营商，时代华纳拥有CNN、HBO、华纳兄弟影业等内容平台，如并购成功，新公司市值将超过3000亿美元，成为美国传媒史上最大并购案。 观察人士认为，此次并购意味着传播渠道和内容的深度整合。"
