date,title,content
20160515,“两学一做” 重在实效,习近平总书记指出，“两学一做”学习教育，就是要推动党内教育从“关键少数”向广大党员拓展，从集中性教育向经常性教育延伸。辽宁、四川两地基层党支部结合自身特点，以先锋模范为镜教育党员，让党员在群众工作中起到带头作用。 这是盘锦大洼街道石庙子村刚刚装修完的乡村民宿，这里离盘锦的红海滩很近，再有几个月就要进入旅游旺季，村里新建的高端民宿预计将会带来不少收益。而当初，村里将发展民宿旅游作为致富方向，还与辽宁的一位老支书毛丰美有关。 毛丰美，生前是辽宁凤城市大梨树村原村党支部书记。今年3月，他被追授为“全国优秀共产党员”。30多年里，他带领乡亲们一起开荒山、种果树、搞乡村旅游，发展集体经济，使大梨树人过上了和城里人一样的好日子。盘锦市在“两学一做”学习教育开展以来，把毛丰美的事迹作为农村基层党员学习内容，也树立了做合格共产党员的标尺。石庙子村改造之初，村民们对民宿还不了解，尤其是要将自家房子出租给旅游公司统一装修、管理、经营，大都持观望态度，后来由村里的老党员岳爱娜首先带头，将自家的三间房让旅游公司改造。 岳爱娜家的房子改成民宿后，大家看到房子设计古朴、新颖，都纷纷跟旅游公司签了约，签约后村民不但有租金收入，还可以在民宿打工。 在“两学一做”学习教育中，辽宁省从学习内容、解决问题和实践载体等方面进行分类指导，全省346.1万名共产党员在各自的领域、岗位接受有针对性、实效性的学习教育，使每位党员都学有标准、行有规范。 “两学一做”学习教育，基础在学，关键在做。作为国家级贫困县的四川仪陇县，党员们成为扶贫工作中的先锋带头人，他们组成了“产业党小组”，为村民代言。 险岩村是仪陇县贫困村，从去年开始，村里发展起了食用菌种植、水果种植、有机蔬菜种植和蛋鸭养殖四种扶贫产业。产业发展离不开带头人，如果仅靠村委会的几个人显然不够。为此，村里将20名党员动员起来，成立了四个“产业党小组”，一方面带头搞产业；另一方面要做好村委会、合作社和村民之间的协调工作。 现在，仪陇县通过建立“产业党小组”，已经为1.98万户有脱贫意愿、脱贫能力的贫困户开展了农业技术和就业培训。 学是为了做，做能促进学。辽宁和四川两省的“两学一做”学习教育，把身边榜样当成活教材，把发展实际当成大课堂，让党员干部在学习教育中解决发展难题。在学中刷新认知、提升自觉，在干中磨砺担当、建功立业，“两学一做”学习教育就能取得实实在在的成效。
20160515,【爬坡过坎看东北】振兴需要好机制,东北科研院所不少，但每年能就地转化的成果却不多，奇怪的是，一些当地企业吃不饱，纷纷从外地买入专利和项目。大院大所“墙内开花墙外香”，这是东北的一大怪现象。在新一轮东北振兴中，如何下好创新这步先手棋，破除体制的墙？今天的《爬坡过坎看东北》，我们去吉林看一看。 采摘季结束没多久，李成宇就来到种植基地，检查以前安装的照明设备。北纬44度移栽大樱桃，在国内还是第一次。冬季日照不足，全靠这些灯弥补。 中科光电(长春)股份有限公司总经理 李成宇：植物需要什么光，我们就利用研发的稀土发光材料，精准地给它提供。 中科院长春应化所的这项新技术，现在终于用在东北的农业上。但当初这项技术在吉林诞生时，却落不了地。 最终，这项技术落地在了四川。近五年，中科院长春分院产业化项目573项，在吉林落地的不到四成。墙里开花墙外香，这是吉林也是东北的痛。三年前，有人找上了门。 中科院长春应化所研究员 中国科学院院士 张洪杰： 省委书记和省长来找我，就是希望我能够跟四川协商，把这个项目再引回到我们吉林省。 长春经济技术开发区有5000多家企业，这个老牌的国家级开发区，也出现了短板。 长春经济技术开发区管委会副主任 赵旭：我们缺乏科技型的企业，区内企业的创新能力也不足。 科研团队愿意回归，长春愿意接，双方很快就对接上了，但回归，人家企业有条件。 这种合作模式，在南方并不少见，吉林却没有过，但政府还是答应了，提供2万平方米的场地。争取国资委下属的投资公司参股，政策上的突破一个跟着一个。 要突破就大突破，吉林财政拿出4个亿，高校、科研单位匹配8500万，双方合作支持创新。在这个过程中，李成宇的项目在当地落户了。 创新体制，辽宁打造“科技指南针”“创新数据库”“技术超市”等信息综合服务平台，将研发和市场有效对接起来；黑龙江实施“千户科技型企业三年行动计划”，为175个科技项目融资39亿元，推动科技型企业上市。
20160515,全国铁路今天启动十年最大调图,"今天零点起，全国铁路启动近十年来规模最大的一次列车运行图调整,那么这次调图有哪些特点，旅客出行又有哪些新的变化呢？ 调图后，全国铁路增开旅客列车300对，是历次调图中增开列车最多的一次。京沪、京广、沪昆等高铁线路，增开晚间和早间时段的动车组列车100对，京沪高铁的末班车时间延长到晚上七点,贵阳北到北京西之间首次开行高铁动卧。 中西部新增列车近100对，增幅创10年来新高。齐齐哈尔到乌鲁木齐开出全国运营里程最长的列车。通辽、榆林、三江等38座市县级车站开行中长途始发列车。旅游列车线路从30条增加到69条，数量增加，品质升级，让列车成为旅游的一部分。 今天，连接江苏南京到南通的宁启快速铁路正式开通运营，两地之间的运行时间由4个半小时压缩到两个半小时，至此全国铁路旅客列车开行总数超过3400对，其中高铁列车2118对。 年底前，沪昆高铁贵阳到昆明段、云贵高铁昆明到百色段、兰渝铁路兰州到广元段，以及徐兰高铁的郑州到徐州段等高等级铁路都有望开通运营，旅客出行更加方便。"
20160515,江西寻乌：扶贫项目商量着来,国家扶贫重点县江西赣州寻乌县，因地制宜、因人施策，确定扶贫项目由贫困户说了算，极大调动了贫困户脱贫致富的积极性。 寻乌县新群村的贫困户严华平，这几天正忙着打理去年种的猕猴桃。严华平说，他家的18亩猕猴桃，是政府贴息贷款种的，政府每亩还给800元补贴。可当初因为从没种过猕猴桃，严华平心里没底。 江西寻乌县晨光镇新群村村民 严华平：这个东西适不适合种呢、会不会死掉呢还是怎么样呢，都有这个担心。 当地干部组织村民代表，带着土壤和气象资料，跑南昌、到武汉找专家咨询，实地测试，专家适合种植的结论打消了村民的顾虑。 可适合种植，并不意味能挣到钱，当地组织大家到猕猴桃主产区去参观，一圈下来，大家心里更有底了。 当地政府还给村民算了一笔账，按目前的长势和市场情况，后年猕猴桃挂果后，每亩产值可达3000元，肯定能实现脱贫。 为了让村民心里更踏实，当地政府还帮助村民成立了合作社，建起了上千亩的猕猴桃种植基地。 2015年，依托分区域、分项目、分需求进行差异化扶贫的方式，寻乌县全县22000多人实现了脱贫。
20160515,新华社文章：加快构建具有全球竞争力的人才制度体系——有关部门深化人才发展体制机制改革亮点扫描,华社今天播发《加快构建具有全球竞争力的人才制度体系——有关部门深化人才发展体制机制改革亮点扫描》。
20160515,【劳动者之歌】关改玉：钢轨探伤工中的“花木兰”,我国高铁铺设的钢轨，采用的是无缝焊接技术，焊接口的质量直接关系着行车的安全。而探伤工就是专门负责对钢轨焊接口质量进行检测的工种。今天的《劳动者之歌》我们来认识中铁十七局唯一的一名女性钢轨探伤工——关改玉。 除锈、刷漆、检测，无论春夏秋冬、刮风下雨，关改玉几乎每天都要重复同样的动作。她的工作就是用专业的超声波探伤仪，检查钢轨焊接口是否合格，焊缝间有没有气泡，排除安全隐患。相同距离的钢轨探伤作业，她总是要花费比别人更多的时间。 为了降低焊接口伤损率，关改玉牵头成立了国内高铁钢轨建设中，第一个由焊接、打磨和探伤三个不同工种组成的课题组，对钢轨焊接伤损成因和控制方法进行专项研究。 在工作的七年时间里，关改玉先后参与了京沪高铁、汉宜铁路等八项国家重点工程，累计步行1700多公里，先后检测焊头8000多个，准确率达到95%以上。
20160515,纳税500强 新税源折射新动能,"国家税务总局日前首次发布全国纳税500强有关信息。 数据显示，2015年,全国纳税500强企业总计纳税2万7千多亿元，超过当年税收总收入的五分之一。从整体态势来看，高端制造业增势强劲，民营经济发展活跃，折射出经济结构调整有了新的动能驱动。 日前，这款“无人驾驶”轿车，成功完成了高速路上的测试。意味着中国“智能驾驶”技术迈入了世界先进行列。 高新技术研发离不开资金的大量投入，很大程度上也离不开国家在税收方面给予的专项支持。 研发费用税收可优惠。仅此一项，当年就为企业减税1.4亿元。当然，企业当年的税收贡献也不小。 税务总局的数据显示，2015年，制造业纳税大户户数占据了纳税500强榜单第一位。 不论身份，不论行业，国家鼓励科技研发的税收优惠政策一视同仁，并且和企业的持续发展形成了良性互动。 在创新型城市深圳，包括“通信设备制造”在内的高端制造业，税收贡献尤为突出。 与2014年相比，2015年有116家企业新晋500强名单。可喜的是，新进33家制造业大都是高端制造业。集成电路等多个高端制造行业实现零突破，首次迈进全国纳税500强名单。"
20160515,凡人善举,碰到事儿是绕着走还是伸援手？这对于深陷危难中的人来说，可是相当关键。今天我们就来认识一群在人命关天时伸出援手的好心人。 5月5号下午，河北邢台南和县兴业路上，一辆满载钢管的拖拉机侧翻，车上两人被钢管和车身压住，几位村民赶来救人，但毕竟钢管太重，救援缓慢。这时，驾驶111路公交的赵师傅路经此地立即停了车。 在赵师傅的带领下，车上二三十位乘客全都下了车，有的搬钢管，有的抬车，有的打120。几吨重的拖拉机也被大家掀起来，压在下面的人被抬了出来。 在大伙的合力救助下，伤者被送上火速赶来的救护车。由于救援及时，事故中两名伤者都已脱离生命危险。 看到老人摔倒，到底该不该扶？在安徽阜阳一个十字路口，一位80多岁的老人站在川流不息的人流车流中，由于身体不适摇摇晃晃。就在晕倒的瞬间，两位路过的人几乎同时快步上前，扶住了老人，让他没有直接倒地，大大避免了更严重的情况发生。 通过现场监控看到，后来有一位穿黄衣服的人帮忙照顾老人，还打电话联系家人。 后来，老人被及时送到医院救治，所幸并无大碍。
20160515,2016全国“最美家庭”揭晓暨全国五好文明家庭表彰会在京举行,全国妇联今天在北京举行2016全国“最美家庭”揭晓暨全国五好文明家庭表彰会，会上表彰了979户全国五好文明家庭和98户全国五好文明家庭标兵，揭晓了961户全国“最美家庭”。大会号召各级妇联组织深入学习贯彻习近平总书记关于家庭建设的重要思想，积极开展文明家庭创建活动，把广大妇女对个人幸福、家庭幸福的追求汇聚成全面建成小康社会和实现社会主义现代化、追求中国梦的强大动力。
20160515,全国助残日：帮助孤残儿童实现人生梦想,今天是第26次全国助残日，助残日的主题是“关注孤残儿童，让爱洒满人间”。各地为孤残儿童办实事、解难题。 娴熟演奏钢琴，能弹会唱百首歌曲的全盲学生郭宝，十个月大时被遗弃，在宁夏儿童福利院的精心照顾下，小郭宝健康成长。 郭宝从能用手去触摸钢琴，到通过了国家钢琴八级，老师付出了艰辛。 尽管现在20岁的郭宝在宁夏特殊教育学校上学，福利院还是每天把她接回来，让郭宝享受家的温暖。 2001年创办的长春智障人士托养康复中心，2009年在政府和残联的帮助下，托养康复中心实现了从个人收养到社会福利机构的转型。去年，经过培训的12位智力障碍残疾人，在餐厅上班了。 2014年全国有特教学校2000所，江苏、甘肃、陕西神木县等地开展的技能教育，为残疾学生走向社会创造条件。截至2014年底，全国共有孤儿52万人，每年0到6岁新增残疾儿童19.9万人。2015年中央财政投入补助资金为22亿元，全国52万孤儿基本生活得到有效的保障。
20160515,各地开展防范涉众型经济犯罪活动,今天是第七个全国公安机关打击和防范经济犯罪宣传日。全国各地公安机关采取多种形式，结合与群众生活密切相关的典型案例和实物展示，揭露犯罪手法和社会危害性，向群众介绍防范知识，并免费提供法律咨询服务。 宣传活动重点围绕非法集资、传销等涉众型经济犯罪开展，如近期破获的“e租宝”“中晋系”“融资城”等案件。据了解，去年全国公安机关共立信用卡类犯罪6万多起，同比上升近40%。制售假冒伪劣犯罪呈现出跨境跨地区售假、网上售假等特点，犯罪手法不断翻新，严重侵害了人民群众合法权益。 去年以来，全国公安机关相继组织开展了一系列专项整治行动，共破获各类经济犯罪案件20.7万起，挽回直接经济损失470余亿元。
20160515,两岸合作打击电信诈骗达成积极成果,经过三天的协商，两岸执法部门在珠海就合作打击电信诈骗，取得积极成果。 这些成果包括：一、双方就进一步合作侦办涉肯尼亚和涉马来西亚电信诈骗案交换了部分证据及相关资料；二、台湾方面将采取积极有效措施，追查幕后主谋和赃款去向，及时追回赃款并返还大陆受害人；三、大陆方面同意按照有关规定安排台湾犯罪嫌疑人家属前来大陆探视；四、双方适时对案件侦办情况进行阶段性总结，进一步深化在《海峡两岸共同打击犯罪及司法互助协议》下共同打击电信诈骗犯罪的合作机制，坚决遏制电信诈骗犯罪的猖獗势头。
20160515,西藏震区牧民生活逐步恢复正常,来关注西藏昌都丁青县5.5级地震救灾最新消息，今天，震后房屋建筑安全鉴定和灾后评估全面展开。 昨天地震灾区下起阵雨，在海拔4300多米的山上，气温接近零度。 目前民政部门调运了棉衣、棉被、毛毯等保暖物资均发放到位，乡里还提供了用于取暖的燃料，参与救援的消防官兵们走进帐篷，用藏语跟大家讲解消防安全知识。此前，卫生防疫人员对嘎塔乡最大的安置点和周边水源地进行了水质快速磷化检测，结果显示水质符合国家饮用水卫生标准。 受地震影响，丁青县有165户房屋倒塌，今天，西藏住建部门启动了震后房屋建筑安全鉴定和灾后评估。由于丁青县海拔高，冬季长，建房时间只有6月到10月，救援指挥部力争早日拿出规划方案来，让受灾群众，尽早能搬进新居。 现在嘎塔乡中心小学的操场又响起了朗朗读书声。
20160515,国内联播快讯,我国成功发射遥感卫星三十号 今天上午10时43分，我国在酒泉卫星发射中心用长征二号丁运载火箭，成功将遥感卫星三十号发射升空，卫星顺利进入预定轨道。遥感卫星三十号主要用于科学试验、国土资源普查、农作物估产以及防灾减灾等领域。 公安部儿童失踪信息发布平台上线 公安部儿童失踪信息紧急发布平台今天上线，各地一线打拐民警利用平台，即时上报各地儿童失踪信息，并将相关信息对外发布。同时通过社会力量广泛参与，协助公安机关快速侦破案件，找回失踪儿童。 1-4月我国完成旅游投资两千多亿元 国家旅游局今天发布：1-4月，我国完成旅游投资2145亿元，同比增长27%。乡村旅游、海洋旅游、在线旅游等旅游项目投资约占全国投资的70%。西部地区旅游投资增幅加快，首次超过中部地区。 三峡水库释放逾七成防洪库容 由于上游来水持续偏高，长江三峡水库连续加大下泄水量，出库流量增大到每秒20100立方米，这也是2003年三峡水利枢纽蓄水以来，历史同时刻最高纪录。目前，三峡水库已释放逾七成防洪库容，库区水位跌破155米。 湖南森警收缴野生蛇类两万多斤 湖南森林警方联合公安部门，对长沙市非法经营蛇类的市场、野味店进行集中整治，总共收缴大王蛇、乌梢蛇、菜花蛇等共计24000多斤，抓获非法经营野生动物的16名嫌疑人，其中刑事拘留10人。 公益寻人节目《等着我》今晚播出 大型公益寻人栏目《等着我》今晚八点档在我台综合频道播出。本期节目中将有四位求助者寻求帮助，有的是寻找失散多年的亲人，有的是寻找给予自己关怀的老班长，他们能否找到，今晚将揭晓。
20160515,美官员：极端组织大本营现恐慌,据美国媒体报道，美国国防部发言人史蒂夫·沃伦13号称，由于担心很快将遭到围困，极端组织在叙利亚的大本营拉卡已出现恐慌。 沃伦称，美国国防部方面已注意到有媒体报道说，极端组织宣布拉卡进入所谓的紧急状态，这说明极端组织“应该并且已经感到了威胁”。他还说，面对猛烈的地面进攻以及空中打击，极端组织正在加固城防、转移军事装备和人员。拉卡位于叙利亚北部，2014年遭极端组织占领并被作为大本营。 沃伦说，美国军方已经注意到，“叙利亚民主力量”和“叙利亚阿拉伯联盟”等反对派武装近日已经宣布，他们准备从东、西两个方向同时对拉卡发动大规模进攻，以最终从极端组织手中解放拉卡。极端组织意识到了被围攻的威胁，开始强化防御。 对于美军方的这一说法，叙利亚政府并未作出回应。今年2月底，叙冲突各方停止敌对行动协议生效，叙政府军地面打击极端组织能力增强。3月开始，叙政府军陆续收复了中部战略要地——巴尔米拉，盖尔亚廷，切断了极端组织从叙东部通往大马士革的补给线。此外，由于国际力量的空中打击及油价持续低迷，叙利亚的极端组织也面临资金短缺等问题。 不过，也有分析认为，当前，打击极端组织各方尚未形成有效合力、极端组织实力没有被根本削弱，加上当地教派矛盾根深蒂固，剿灭极端组织仍任重道远。
20160515,国际联播快讯,委内瑞拉实施60天全国紧急状态 委内瑞拉总统马杜罗宣布，从14号开始委内瑞拉全国进入为期60天的紧急状态，以应对“国内和国外势力推翻国家政权的企图”。 与此同时，由于委内瑞拉国内经济衰退严重，马杜罗还宣布再次将经济紧急状态延长60天。从1月14号起至今，委内瑞拉政府一直实施经济紧急状态，政府有更大权力保障物资供给和流通、增加生产、打击逃税等。 熊本地震一个月 上万灾民仍避难 14号，日本九州地区熊本县6.5级地震正好过去一个月。据日本媒体报道，熊本县灾害对策总部的统计数据显示，截至当天该县的避难者总计仍有1万零312人。此外由于担心余震等原因，目前仍有近800人选择在帐篷或汽车中过夜。熊本市14号首次开工建设96户临时住宅，预计6月开始入住。 巴西一贫民区火灾烧毁大量房屋 巴西圣保罗南部的一个贫民区14号发生火灾，目前还没有具体的人员伤亡报告。据报道，大火从当地时间14号下午5点开始燃起，并迅速蔓延到整个街道，造成120多座房屋被烧毁。由于该贫民区的道路非常狭窄，导致消防车出入困难，直到深夜消防部门才控制住了火势。目前，还不清楚这次火灾的具体原因。 欧洲歌唱大赛 乌克兰选手夺冠 第61届欧洲歌唱大赛总决赛14号在瑞典斯德哥尔摩落幕，32岁的乌克兰歌手贾马拉凭借一首原创歌曲《1944》夺魁。不过由于这首歌曲以二战期间苏联把鞑靼人从克里米亚驱逐的历史为创作背景，引发不小的争议。一些俄罗斯观众表示对比赛结果非常失望，他们称主办方选择这首歌的创作者为冠军，使歌唱比赛政治化。但大赛主办方表示，乌克兰歌手提交作品时并没有包含政治元素。欧洲歌唱大赛是欧洲级别最高、历史最久的歌唱比赛之一。
