date,title,content
20160510,习近平致电祝贺金正恩被推举为朝鲜劳动党委员长,5月9日，中共中央总书记习近平致电金正恩，祝贺他在朝鲜劳动党第七次代表大会上被推举为朝鲜劳动党委员长。 习近平代表中国共产党中央委员会并以他个人名义对金正恩表示热烈祝贺，祝朝鲜人民在以金正恩委员长为首的朝鲜劳动党领导下，在建设社会主义事业中取得新的成就。 习近平表示，中朝传统友谊由双方老一辈领导人亲自缔造和精心培育，是双方共同的宝贵财富。中国党和政府高度重视中朝关系。我们愿同朝方共同努力，从中朝关系大局出发，推动中朝友好合作不断发展，造福两国和两国人民，为本地区和平、稳定、发展作出贡献。
20160510,应习近平邀请 摩洛哥国王将访华,应国家主席习近平邀请，摩洛哥国王默罕默德六世将于5月11日起对中国进行国事访问。
20160510,张德江将赴港出席“一带一路”高峰论坛并视察香港特区,中共中央政治局常委、全国人大常委会委员长张德江将于5月17日至19日赴香港，出席香港特别行政区政府主办的“一带一路”高峰论坛，并视察香港特别行政区。
20160510,为进一步推动政策落实 引导民间投资健康发展 国务院部署开展专项督查,党中央、国务院高度重视促进非公有制经济发展和民间投资，不断完善相关政策措施。为鼓励和引导民间投资健康发展，按照国务院常务会议决定，国务院办公厅5月9日发出通知，要求对促进民间投资政策落实情况开展专项督查。在各省(区、市)、各有关部门开展自查的基础上，国务院将派出9个督查组赴18个省(区、市)开展实地督查，组织开展第三方评估和专题调研。 督查重点为：一是党中央、国务院关于促进民间投资有关政策的贯彻落实情况。二是放宽民间投资市场准入情况。三是加强和改善政府服务情况。四是营造公平竞争的投资环境情况。五是发挥政府投资的引导带动作用情况。六是大力促进创业创新中民间投资发展的情况。七是加大对民间投资的金融支持情况。八是大力推进政府和社会资本合作(PPP)模式情况。九是落实地方政府和部门责任促进民间投资持续稳定增长情况。
20160510,八部门联合印发《关于加强全社会安全生产宣传教育工作的意见》,日前，国家安全监管总局、中共中央宣传部、教育部、文化部、国家新闻出版广电总局、中华全国总工会、共青团中央、中华全国妇女联合会等8部门联合印发《关于加强全社会安全生产宣传教育工作的意见》。《意见》要求，各地各部门要认真做好安全发展观念、安全生产形势、安全生产措施和经验、安全生产法治、安全生产知识技能的宣传教育和生产安全事故的警示教育，着力构建全媒体、分众化的安全生产宣传教育工作格局，扎实推进安全生产宣传教育进企业、进学校、进机关、进社区、进农村、进家庭、进公共场所，促进全社会牢固树立安全发展理念，增强全民安全文明素质，进一步提高全社会整体本质安全水平。
20160510,4月居民消费价格指数同比上涨2.3%,国家统计局今天发布数据显示，4月份全国居民消费价格温和上涨；工业品价格也比3月份有所回升。 4月份，居民消费价格指数同比上涨2.3%，与上月涨幅持平，这也是今年以来，物价连续3个月涨幅为2.3%。 从环比看，4月份，食品价格下降1.4%，其中，猪肉价格上涨幅度趋缓，比3月上涨了3.2%，影响CPI上涨约0.09个百分点，蔬菜价格下降12.5%，影响CPI下降约0.43个百分点。 从工业品价格看，4月份全国工业生产者出厂价格PPI同比下降3.4%，降幅比上月缩小0.9个百分点，降幅连续4个月收窄，反映出工业品市场需求回升。 专家表示，目前工业领域产能过剩，结构调整任务依然艰巨，需要坚定扎实推进供给侧结构性改革，去产能、去库存，工业品价格才能出现一个平稳回升的态势。
20160510,【调结构转方式·深圳调研行】研发未来就是创造未来,推进供给侧结构性改革要增加有效供给，培育新的发展动力，但是在跨越转型门槛的过程中，有的地方出现换挡焦虑，停滞不前，或者举棋不定，无从下手。面对这种情况，深圳是怎么做的呢？今天的“调结构转方式·深圳调研行”播出：研发未来就是创造未来。 像这样可卷曲的柔性显示屏，市场潜力巨大，是全球研发竞争的焦点。 柔宇科技拥有200多项核心技术知识产权，技术水平领先于同行业竞争对手。五年前，像柔宇这样的企业在深圳还只有一千多家，而现在这个数翻了近五倍。这得益于深圳对转型的规划：支持拥有自主知识产权、自主品牌、创新能力突出、引领带动能力强的领军企业进入世界科技创新前沿，实现从模仿跟随到超越引领。 90%的研发人员、90%的研发机构、90%的科研投入和90%的专利产出，都来自企业。这四个90%一直是深圳人的骄傲。然而，未雨绸缪的深圳人已经注意到，缺少大量高校和科研机构资源，缺少源头创新，是深圳最大的短板。 那么，深圳如何补上这块短板呢？深圳推出“孔雀”计划，专门引进海外高层次人才团队，给政策、给补贴、给资源，世界级的顶尖科研团队现在最多可以拿到一个亿的研发资金。 五年里，超过1200名“孔雀人才”投奔到深圳。而深圳的超材料、基因测序、4G技术、3D打印等核心技术，跻身世界前沿，也只用了五年。 与此同时，在深圳新型研发机构已经超过70家。它们正在成为深圳创新驱动的生力军：光启研究院申请超过2500个专利，超材料技术领先全球同行业；中物研究院的液体防弹材料，达到国际先进水平；华大基因研究院建成了全球最大的基因测序及分析中心。
20160510,我国贫困退出机制将逐步实施,今天上午国务院新闻办公室举行发布会，邀请国务院扶贫办相关负责人就我国贫困退出机制的程序和标准等相关内容进行解释说明。 在发布会上，国务院扶贫办主任刘永富介绍，贫困退出将分级实施，包括贫困人口、贫困村、贫困县的退出，标准有所不同。贫困人口退出以户为单位，衡量标准是该户年人均纯收入稳定，超过国家扶贫标准且吃穿不愁、义务教育、基本医疗、住房有保障。贫困村和贫困县的退出以贫困发生率为主要衡量标准，原则上，中部地区贫困村、贫困县的贫困发生率降至2%以下，西部地区降至3%以下即可退出。贫困户退出由村两委组织民主评议提出，在村内公示，贫困村退出要在乡镇公示，公示无异议后才可退出。贫困县退出则需要经过市、省两级扶贫开发领导小组核查后，经过国务院扶贫领导开发小组批准才可退出。 此外，刘永富还介绍，贫困县摘帽以后，绝大多数政策都会继续保持一段时间，保证能够稳定脱贫。
20160510,人才流动改革：畅通渠道 人尽其才,长期以来，我国人才流动中存在流动不畅、不平衡等问题。当前的深化人才发展体制机制改革，正在逐步打通渠道，推动人才合理流通。 中国科大的先进技术研究院是一个研发、转化先进技术的创新平台，来到这里的人才，只要方案通过，组建团队可以不受预算金额和编制数量的限制。陈志波团队正在研发一项虚拟现实技术，他从建团队、定计划到搭起平台只用了两个月时间。 目前先进技术研究院在量子信息、未来网络等先进技术领域共培养出一千多名高端应用型人才，创造产值达几十亿。改变的不仅是在高校，十八大以来，各地各部门都在积极探索畅通人才流动的新机制。山东省提出人才双向交流挂职，每年选派高层次人才到偏远地区挂任科技副职。禹城市副市长王禄山是山东大学微生物国家重点实验室的教授，来禹城不到一个月他就帮着当地一家能源企业解决了多年攻克不了的技术难题。 近年来，国家专门出台政策鼓励高校、科研院所等事业单位专业技术人员在职创业、离岗创业，并可保留体制内身份和待遇三年。十八大以来，中组部等十部门制定实施了包括边远贫困地区等人才支持计划，人社部推出万名专家服务基层行动。各地各部门实施的特色人才项目大大带动了人才向艰苦地区和边远一线流动。
20160510,【劳动者之歌】鲁宏勋 张文良：勤于钻研 创新筑梦,今天的《劳动者之歌》，我们来认识两位勤于钻研、勇于创新的优秀技术工人。一位是在我国空空导弹研制领域不断革新加工工艺的操作工——鲁宏勋。一位是不断钻研造币技术的“90后”青年技工——张文良。 空空导弹，是现代歼击机的主要武器。其零部件的加工，误差要控制在微米以下，加工件的报废率非常高，因此也很少有人敢在既有的加工工艺上做改动，而鲁宏勋却是个例外。多年来，他有一个工作习惯，接到了新的加工任务，动手前总是要先琢磨一下以前的工艺、流程有没有改进的空间。 为了准确控制钻孔的精度，老鲁把传统钻孔的铰刀中间磨细，减弱刚性，从而保证了加工精度。从业33年来，鲁宏勋已完成上百种工装夹具和工艺方法革新。在他的带领下，31人的班组里先后走出了5位全国技术能手，9位河南省技术能手和7位高级技师。 同样醉心于钻研技术的沈阳造币有限公司 “90后”青年技工张文良，不仅是“全国青年职业技能大赛”工具钳工第一名，还是“机械设备安装工”的第三名得主，年仅25岁，就成为了“双料”高级技师。在造币工序中，废品率高是一个“顽疾”，在加工时硬币的坯饼卡在机器里，是一种比较常见的故障。张文良在翻阅大量的资料后，大胆对设备参数进行了改动，用高精度的锉削及平台调平手法，将爬币皮带机构与转盘上表面的平行度调整到0.02毫米以下，彻底解决了“卡饼”的问题。
20160510,【最美基层干部】“拼命书记”范振喜,范振喜是河北省滦平县周台子村党委书记，他做了29年村里的带头人，与白血病抗争25年；凭着“要为乡亲多干事”的信念，带领大伙把一个贫穷村建设成富裕村。 这就是周台子村，楼房整齐、道路宽阔。可在1987年，从部队复员的范振喜刚当上村支书的时候，村集体只有两间破房子，外加8万元外债。 要干事，钱从哪来？当时村里有几个小矿点，都是由个人开采，该往村里交的承包费从来不交。其中规模最大、效益最好的是范振喜二哥的矿点，范振喜决定先收回二哥的矿点。 滦平县周台子村村民雒明阁：“他二哥说，说别人当干部都顾自个家，都顾亲戚，哥们兄弟，你倒好，你当个破支书，你先拿我开刀，祸害我来。” 但范振喜义无反顾，他一趟趟往二哥家里跑。最终，二哥同意把矿点交给村集体。随后，其他几个小矿点也陆续被收回。当年，村集体进账10万元。用这“第一桶金”，村里修田、栽果树、翻盖学校，在全县率先脱了贫。1991年，正当范振喜准备再大干一番时，却被查出患上白血病，那时候他刚刚30岁。 让范振喜没想到的是，村民纷纷为他捐款，短短几天时间，全村人就凑够了10多万“救命钱”。 同范振喜几年不说话的二哥，给他捐献了骨髓。范振喜闯过了最危险的排异期出院回家，他不顾医生至少需要休养三五年的叮嘱，带领村民发展现代农业，开展多种经营。去年，周台子村产值达4亿元，人均收入13000元。
20160510,上海：群团改革 在基层见效,上海扎实推进群团改革试点工作，“减上补下”，精简群团机关编制，充实基层组织，不仅激发了机关干部的创造力，也有针对性地服务了基层群众。 黄浦区五里桥街道创意园区，有311家创业企业，白领员工近5000人，群团改革后，园区新设立了14个群团服务站，在区机关工作6年的徐越，被充实到街道群团服务站当站长。 像徐越一样，黄浦区有30%的工青妇机关人员被精简，充实到一线，为基层群众提供零距离服务。 这次改革试点中，上海全市群团内设机构精简幅度超过25%，市总工会、团市委内设机构从13个精简为9个，市妇联内设机构从8个精简为6个。精简下来的群团机关干部被充实到725家青年服务中心，工会、妇联承接的服务职工、妇女儿童的政府实事项目也在成倍增长。
20160510,福建泰宁“5·8”泥石流灾害救援持续,国务院工作组9日对福建泰宁“5·8”地质灾害现场进行实地踏勘，初步认定此次地质灾害为泥石流。目前，灾害抢险救援已进入第三天。来自抢险指挥部的消息，截至今天下午6点，遇难人数升至35人，仍有1人失联。 今天，救援现场的工作，一方面是对被泥石流掩埋的房屋，再次进行地毯式搜救；另一方面，是对滑坡体临边、临坡进行再清理，确保滑坡体稳定。 同时，考虑到泥石流发生时，有人员可能会被冲到附近的江里，救援人员还加大沿江搜寻的力度。 这两天，搜救现场的强降雨时断时续。陆军第31集团军连夜修复路基、架设桥梁，确保救援车辆通行顺畅。国家安全监管总局调派空间遥感等专业技术人员，实时监控救援作业上方的山体和土石松动情况。 伤员救治方面，今天，14名伤者中，有4人经过治疗已无大碍，办理了出院手续，其余伤者病情稳定。目前，福建省三明市和周边县区，已调集了近百人的医疗力量，到泰宁县医院和事故救援现场进行支援。
20160510,南方部分地区强降雨持续,今天，南方暴雨范围明显减小，强度减弱，中央气象台解除了暴雨黄色预警。不过，在广东、福建等地的部分地区仍有大雨，局地有暴雨。 今天清晨，广州遭遇大暴雨，仅两小时降雨量81.4毫米，当地气象部门将暴雨预警从黄色提升至橙色。强降雨造成市区内涝严重，广州天河客运站周边一片泽国。上午，随着降雨减弱，路面积水逐渐消退，交通恢复正常。 江西抚河支流宜群港河堤今天凌晨突然决口，低洼地带村民家里被淹，农田一片汪洋。决口发生后，当地迅速转移村民，同时调动大型机械和储备物资，封堵决口。到下午5点，决口已被封堵。 这是湖南道县连日暴雨过后的一个场景，县城街道“水漫金山”，洪水把城郊池塘的鱼冲到了街道上，人们提着渔网到路上捕鱼。目前，道县抢险救灾工作已全面展开。广西阳朔县城的积水也在慢慢回落，很多店铺重新开门营业，大部分城区已经恢复供水、供电和通讯。 中央气象台预计，14号起，南方将再有降雨过程，需提前注意防范地质灾害。
20160510,国内联播快讯,4月我国实际使用外资同比增长6% 商务部今天发布的数据显示，4月份，全国新设立外商投资企业2342家，同比增长21.4%；实际使用外资金额625.7亿元人民币，同比增长6%。前4个月一带一路沿线国家对华投资增长明显，新设立和增资大型企业较多。 我国首个涉农债券总指数发布 我国首个涉农债券总指数——“中债—农发行债券总指数”今天正式发布，该指数可全面、客观反映农发行债券价格变动等综合性表现，有利于吸引更多机构投资涉农债券，反哺“三农”发展。 京沈高铁进入轨道铺设关键阶段 北京至沈阳高速铁路建设进入关键的轨道铺设阶段，全线采用了我国拥有自主知识产权的新型无砟轨道板。京沈高速全长709公里，设计时速350公里。预计将于2019年全线通车。 长安航空复航首飞 随着西安飞往珠海的9H8303航班起飞，长安航空有限责任公司正式投入运营。长安航空成立于1992年，在历经了重组合并后，今年一月，国家民航局批准恢复独立运行。 我国首个深海研究所建成 中科院深海科学与工程研究所今天通过总体验收。4500米国产载人潜水器母船“探索一号”、深海极端环境模拟实验室等装备，将成为国家深海研发试验的共享开放平台，为我国深海战略的发展提供有力支撑。 国内最大载重吨位半潜打捞船首航 我国自主研发的、国内载重量最大的半潜打捞船9号开始首航，该船载重量超过5万吨，具备27米下潜能力，可在海上持续航行60天，同时具备大件货物运输和应急抢险打捞的功能。 中国-中东欧国家艺术合作论坛开幕 2016中国-中东欧国家艺术合作论坛在京开幕。本次论坛以跨文化合作为主题，来自中国和阿尔巴尼亚、波黑等16个中东欧国家的艺术家，围绕教育培训、艺术管理、市场推广等方面展开交流。
20160510,本台记者探访临时停火后的阿勒颇,叙利亚政府军9号宣布，从10号开始，把北部城市阿勒颇实施的暂时性停火再次延长48小时。9号，本台记者抵达阿勒颇采访，实地观察了当地的停火协议执行情况。 记者来到阿勒颇市中心，首先看到的是车水马龙的热闹景象。据了解，在临时停火协议达成前的几周，这里并没有这样人来人往的情景。但是再过几个街区，情况却不太一样。 这里是叙政府控制的米丹区，也是阿勒颇最容易遭受反对派火箭弹袭击的地区之一，就在8号下午，一枚火箭弹击中了该区的一栋公寓楼，造成3人死亡，11人受伤，楼房损毁严重。 就在袭击不远处的商户表示，这样的火箭弹袭击已经司空见惯，临时停火协议执行期间只是袭击数量减少而已。 从4月底以来，叙利亚最大城市阿勒颇冲突加剧，造成大量平民伤亡。叙利亚政府军从5号开始在阿勒颇及拉塔基亚省部分地区实施48小时临时停火，此后多次延长。俄罗斯与美国9号发表声明称，俄美将加强行动，争取停火协议在叙利亚全境得以执行。
20160510,巴西总统弹劾案再起波澜,巴西众议院代议长马拉尼昂9号签署决定称，众议院将重新审议针对罗塞夫总统的弹劾案，该弹劾案应从参议院撤回。但巴西参议院议长卡列罗斯随即表示将无视众议院的决定，将按照原计划在11号启动弹劾案表决。 众议院代议长马拉尼昂在当天的新闻公报中表示，决定重新审议总统弹劾案是因为此案存在“恶意”动机、并受到某些党团“诱导”，因而“不具法律效力”。 马拉尼昂5号刚刚就任众议院代议长，接替因涉嫌腐败案而遭巴西最高法院解职的前众院议长库尼亚。库尼亚是罗塞夫弹劾案的主要推手。而马拉尼昂属于原执政联盟成员进步党，一直以来与执政的劳工党关系较近。在4月17号众议院全体会议的表决中，他对总统弹劾案投了反对票。 针对众议院代议长的决定，参议院议长卡列罗斯与各党团领袖商议后表示，参议院审议弹劾案已经数周，参议院特别委员会已通过弹劾报告，现在中止程序已不可能。因此参议院全体会议将按计划在11号对总统弹劾案进行第一次表决。如果弹劾案获得通过，罗塞夫将被停职180天，总统职务由副总统特梅尔代理。
20160510,国际联播快讯,杜特尔特在菲总统大选中大幅领先 菲律宾选举委员会今天宣布初步计票结果称，杜特尔特在总统选举中获得至少1529万张选票，比排名第二的执政党候选人罗哈斯领先约6百万张选票，获胜基本已成定局。菲律宾国会将在6月初正式宣布总统选举获胜者。 71岁的杜特尔特此前担任达沃市市长长达22年，在当地强力推行反腐和打击犯罪，获民众好评。 气温骤降 加拿大山火火势减弱 加拿大艾伯塔省政府9号称，随着气温下降，已持续9天的森林大火火势减弱，灭火战斗进入相对稳定阶段，政府下一步将计划安排疏散的居民回家。艾伯塔省属于草原气候，气温变化无常，从7号到9号，当地的气温从27摄氏度骤降到10摄氏度，10号的最低气温有可能降到零度，并伴有降雨，利于灭火。9号媒体首次进入此次灾情最为严重的石油重镇麦克默里堡市拍摄采访，当地有8万多居民因大火被疏散。 获减轻处罚 普拉蒂尼拟辞职 国际体育仲裁法庭9号宣布，驳回欧足联主席普拉蒂尼取消“禁足令”的请求，但将禁令期限由6年减为4年，罚款由8万降至6万瑞士法郎，也就是从53.6万元减到40.2万元人民币。这是普拉蒂尼第二次得到减轻处罚。由于涉嫌受贿丑闻，去年国际足联道德委员会宣布对普拉蒂尼与前国际足联主席布拉特实行8年“禁足令”，禁止两人在8年内参加国家与国际层面任何与足球相关的活动。普拉蒂尼9号发表声明称，他将在未来几天辞去欧洲足联主席一职。
