date,title,content
20160606,习近平出席第八轮中美战略与经济对话和第七轮中美人文交流高层磋商联合开幕式并发表重要讲话,国家主席习近平6日出席在钓鱼台国宾馆举行的第八轮中美战略与经济对话和第七轮中美人文交流高层磋商联合开幕式，并发表题为《为构建中美新型大国关系而不懈努力》的重要讲话，强调作为世界上最大的发展中国家、最大的发达国家和前两大经济体，中美两国应该从两国人民和各国人民根本利益出发，勇于担当，朝着构建中美新型大国关系的方向奋力前行。 习近平指出，3年前我同奥巴马总统在安纳伯格庄园会晤以来，在双方努力下，中美两国在双边、地区、全球层面众多领域开展合作，推动两国关系发展取得新成果，给双方带来了实实在在的利益，也有力促进了亚太地区及世界和平、稳定、发展。中美合作成果给我们最根本的启示就是，双方要坚持不冲突不对抗、相互尊重、合作共赢的原则，坚定不移推进中美新型大国关系建设。无论国际风云如何变幻，我们都应该坚持这个大方向，毫不动摇为之努力。 习近平强调，现在世界多极化、经济全球化、社会信息化深入推进，各国利益紧密相连。零和博弈、冲突对抗早已不合时宜，同舟共济、合作共赢成为时代要求。中美要增强两国互信。要防止浮云遮眼，避免战略误判，就要通过经常性沟通，积累战略互信。我们要积极拓展两国互利合作。要秉持共赢理念，不断提高合作水平。当前要着力加强宏观经济政策协调，同有关各方一道推动二十国集团领导人杭州峰会取得积极成果，全力争取早日达成互利共赢的中美双边投资协定，深化两国在气候变化、发展、网络、防扩散、两军、执法等领域交流合作，加强双方在重大国际和地区以及全球性问题上的沟通和协调。我们要妥善管控分歧和敏感问题。中美双方存在一些分歧是正常的，双方要努力解决或以务实和建设性的态度加以管控，只要双方遵循相互尊重、平等相待原则，坚持求同存异、聚同化异，中美两国关系就能避免受到大的干扰。我们要就亚太事务加强沟通和合作。宽广的太平洋不应该成为各国博弈的竞技场，而应该成为大家包容合作的大平台。中国奉行亲诚惠容的周边外交理念，始终致力于促进亚太和平、稳定、发展。中美在亚太地区拥有广泛共同利益，应该保持经常性对话，开展更多合作，应对各种挑战，努力培育两国共同而非排他的“朋友圈”，都做地区繁荣稳定的建设者和守护者。我们要厚植两国人民友谊。双方要为两国各界交往搭建更多平台、提供更多便利，让中美友好薪火相传、生生不息。 习近平指出，今年是中国实施“十三五”规划开局之年。我们对实现中国经济社会发展既定目标充满信心。中国将会为世界提供更多发展机遇，将会同包括美国在内的世界各国开展更密切的合作。 习近平强调，中国坚定不移走和平发展道路，倡导构建以合作共赢为核心的新型国际关系。我们愿同世界各国加强合作，共同维护以联合国宪章宗旨和原则为核心的国际秩序和国际体系，推动国际秩序朝着更加公正合理的方向发展。 习近平指出，中美战略与经济对话和人文交流高层磋商机制为增进两国战略互信、拓展互利合作、加深两国人民友谊发挥了重要作用。只要我们坚定方向、锲而不舍，就一定能推动中美新型大国关系建设取得更大发展，更好造福两国人民和各国人民。 美国总统奥巴马向第八轮中美战略与经济对话和第七轮中美人文交流高层磋商发来书面致辞。奥巴马在致辞中表示，美中任何一方的成功都攸关对方的利益。过去7年来，美中携手应对了一系列重大全球性挑战。通过战略与经济对话机制，两国政府得以共同处理全球最紧迫的经济与安全问题。这些经济对话有助于双方培育合作、加强沟通以及更好地管控彼此分歧，对两国关系发展起到了支持与推动作用。美国欢迎一个稳定、和平、繁荣的中国崛起并在世界事务中发挥作用，期待着美中携手应对全球性挑战。美中两国各自拥有独特历史和传统，难以事事完全一致，但我们必须继续围绕共同挑战、共同责任及共同利益来构建双边关系，并承担维护和加强国际体系的共同义务。我们还必须努力开辟渠道，进一步加强人文交往纽带。我期待今年9月访华时与习近平主席继续推进这项重要工作。 习近平主席特别代表国务院副总理刘延东、国务院副总理汪洋、国务委员杨洁篪和奥巴马总统特别代表国务卿克里、财政部长雅各布·卢等参加了联合开幕式。 本轮中美人文交流高层磋商由刘延东和克里共同主持。本轮中美战略与经济对话分别由汪洋和杨洁篪与克里和雅各布·卢共同主持。
20160606,德国总理默克尔将访华,应国务院总理李克强邀请，德意志联邦共和国总理安格拉·默克尔将于6月12日至14日对中国进行正式访问。李克强总理与默克尔总理将共同主持第四轮中德政府磋商。
20160606,【发力供给侧：佛山样本】加减并行降成本,广东佛山，在全国地级城市中率先推出供给侧结构性改革总体方案，加法减法并用，让企业在“降成本”中获益。 在佛山，政府降成本的第一个突破口就是各项行政事业性收费。 佛山市水务局副局长 仇志权：佛山3800平方公里国土，大部分是由堤围围起来的。 眼前这位名叫仇志权，是佛山市水务局的副局长，他告诉记者，从今年起，已经征收十几年的堤围防护费被取消了，也意味着今后堤围防护的费用要全部从佛山市财政支出。 周和平告诉记者，他们曾经多次到企业进行调研，堤围防护费也是企业感觉压力比较大、抱怨最多的一项，对此，政府的态度是，尽管难，但是坚决取消。 这轮降成本改革中，取消的不只是堤围防护费，政府收费方面，免征34项涉企收费，加上此前减免取消的经营费及服务性收费，今年一年累计减负35亿元。 除了做减法，针对企业一直诟病的融资难、融资贵问题，政府还要做加法，佛山市拿出15亿元，建立了支持企业融资专项资金。 佛山市降成本行动计划中明确提出，要在今年内为企业减负280亿元，这其中58亿元直接来自于政府的财政预算收入，相当于佛山市去年财政收入的十分之一，这对政府运行造成了不小的挑战，不过他们也做好了准备，这首先就要从政府部门勒紧裤腰带做起。 财政收入少了，除了严控各项支出，佛山市还要把以往各个政府项目的剩余资金归拢起来，同时再置换38亿元的政府债务，保证2016年民生项目、重点项目的支出。
20160606,“十二五”科技创新成就展：见证国之利器,“创新是引领发展的第一动力”，为期一周的国家“十二五”科技创新成就展正在深刻诠释着这一主题。1.9万平方米的展区里，充分展现了“十二五”以来特别是党的十八大以来，我国在重大专项、基础研究、战略高技术等方面取得的新进展、新成果。 “十二五”期间，科技重大专项共部署2500多个项目课题，攻克了一批提高国家核心竞争力的关键技术。C919国产大飞机已经总装下线，订单达500多架；天宫一号和神舟飞船成功实现三次交会对接；嫦娥三号首次实现中国航天器地外天体软着陆和巡视勘察；北斗导航突破关键技术实现区域组网。与此同时，一大批基础前沿和战略高技术研究取得重大突破，站在了国际竞争的制高点。 科技创新既要面向世界前沿和国家重大需求，同样也在面向经济主战场提供源源不断的驱动力。我国研制的试验列车曾创造每小时605公里的实验室最高速度，高速铁路运行里程已达世界第一；袁隆平团队实现了中国超级稻计划亩产1000公斤的育种目标，为我国粮食安全奠定了坚实基础。 十个展区、800多件实物、120多件模型、近百项互动项目，全景呈现了我国科技创新的飞速跨越。十二五期间，中国科技创新一些关键指标已经跃居世界前列，2015年科技进步对经济社会发展的贡献率增长到55.3%，全社会研发支出超过1.4万亿、比2010年翻了一番。
20160606,【“两学一做” 我为什么入党】林秀贞：做好一切事 为群众服务,林秀贞，是一位普通的农村妇女，30多年里她义务赡养6位村里的孤寡老人，被评为“全国优秀党员”。今天“‘两学一做’我为什么入党”，给您讲讲林秀贞入党的故事。 今年70岁的林秀贞，在河北枣强县可是远近闻名，她从1976年开始，先后义务照顾村里的6位孤寡老人，让他们度过了幸福的晚年。 说起自己为什么要入党？林秀贞说，最初与母亲常常给她讲老党员朱书贵的故事有关。朱书贵是本村人，曾是一名地下党员。 1970年，林秀贞郑重地写下入党申请书，“做好一切事，为群众服务”这两句话，直到现在她都还记得。1971年10月，25岁的林秀贞正式成为一名共产党员，父亲还为此带她去拍了一张照片留念。 这之后，林秀贞就把“人人都帮人，世上无穷人，人人管闲事，世上没难事”当成一个党员的准则，尽心尽力为乡亲们服务。1976年起，她先后义务赡养村里6位与自己无任何血缘关系的孤寡老人，给老人喂水喂饭、洗洗涮涮。这些被她悉心照料的老人都度过了幸福的晚年，其中有4位活过了80岁，村里人都说，连亲生儿女也不一定能做的这么周到。 除了照顾孤寡老人，林秀贞和丈夫做生意挣的钱，都用来帮助有残疾的村民、资助困难家庭，但她生活简朴，至今还住在土墙包砖的矮房里，10年前到北京参加“全国优秀党员”领奖时穿的衣服，已经破旧了，到现在还舍不得扔。
20160606,七部门推动家庭医生签约服务工作,国务院医改办、国家卫计委等七部门今天发布《关于推进家庭医生签约服务的指导意见》，到2020年，我国将基本实现家庭医生签约服务制度全覆盖。 《指导意见》提出我国家庭医生服务的分期目标，今年在200个公立医院综合改革试点城市开展家庭医生签约服务，优先覆盖老年人、孕产妇、儿童、残疾人等人群以及高血压、糖尿病等慢性疾病和严重精神障碍患者等。2017年家庭医生签约服务覆盖率达到30%以上，重点人群签约服务覆盖率达到60%以上。到2020年，力争将签约服务扩大到全人群。 家庭医生主要由基层的全科医生、乡镇卫生院医师和乡村医生，符合条件的公立医院医师和中级以上职称的退休临床医师组成，居民签约后，将享受到家庭医生团队提供的基本医疗、公共卫生和约定的健康管理服务。除了常见病、多发病诊治，还有个性化签约服务，比如健康评估、康复指导、家庭病床等。 家庭医生采取团队服务形式，居民或家庭可以自愿选择1个团队签订服务协议，家庭医生团队将拥有一定比例的医院专家号、预约挂号、预留床位等资源，方便签约居民优先就诊和住院。
20160606,新疆昌吉：全民公益成风尚,疆昌吉，四川成都两地将核心价值观传播与公益行动嫁接，与茶馆文化融合，向社会传递正能量。 每个月的月底，新疆昌吉回族自治州奇台县的街头都会出现一个特殊的“爱心巴扎”。一些热心公益的人自发来到这里，义诊、义卖、为居民提供义务服务，所得的每一分钱都用来帮助那些需要帮助的人。 除了奇台县，“全民公益”活动在新疆昌吉其他各县也广泛开展。有专门关爱空巢老人的阜康市“爱心妈妈志愿服务队”、有倡导友善亲邻好风尚的呼图壁县邻居节活动队、还有从十几人发展到6120人的吉木萨尔县“小红帽”志愿服务队。从政府引导到志愿者积极参与，再到专业队伍的成立，最终走向全民公益。一大批弱势群体得到关爱，一部分家庭困难得到化解，核心价值观念不断传播和延伸。 泡茶馆，是成都人的最爱。从今年开始，川剧界有名的戏窝子悦来茶馆，选取了体现爱国、友善等社会主义核心价值观的十几个川剧，梳理改编，每周末推出专场表演。半年来，这样的演出受到了茶客们的热捧。 同时，茶馆里还举办读书会 、摄影展、书法展，宏扬民俗文化。通过这些轻松的方式，成都把社会主义核心价值观与茶文化有机融合，让市民们在休闲中感受着满满的正能量。
20160606,各地积极为考生迎考做准备,明天又是一年一度的高考，各地推出人性化服务措施，确保明天考生顺利迎考。 今天，在湖北宜昌，有两千多辆出租车和私家车自愿领取了蓝丝带，系在了后视镜上，高考期间，他们将随时随地为考生义务服务。 像宜昌一样，在各地今年有不少类似的公益行动，陕西延安的“红飘带”、新疆和田的“绿丝带”，颜色各不相同，但都是通过“定人”“定点”“定时”等免费接送的方式，尽心为考生出行提供便利，“多彩丝带”将成为全国很多城市的一道靓丽风景。 除了爱心送考，还有科技助力。甘肃开通了新媒体平台为考生和家长随时应急解答问题；而在广州，考生如果遇到交通堵塞等情况无法及时赶考，可以通过手机“@广州交警”求助。 高考期间，南方地区面对可能出现的暴雨、洪水，也已做好应对。另外，今年将是“作弊入刑”之后的首次高考，各地也加大打击力度，确保考试公平。
20160606,三峡水库群整体降低水位备战大洪水,为防范今年可能发生的大洪水，经过两个月的时间，三峡水库的库容今天下泄至防汛限制水位。 截至到今天中午，三峡水库库容由最高175米水位降至145.79米的汛限水位，总下泄水量220多亿立方米，已经超过三峡水库库容的一半。而145.79米的汛限水位也是防洪时才能下泄到的三峡水库最低水位。从今年4月份开始，三峡水库及上游20座大型水库整体开始腾出库容，准备迎战今年主汛期可能发生的大洪水。 目前，三峡水库及上游水库群总共下泄了将近400亿立方米水量，这已超出整个三峡水库库容的水量。
20160606,国内联播快讯,“护苗2016”行动公布首批查办案件 全国“扫黄打非”办公室今天公布了“护苗2016”专项行动以来查办的第一批共8起案件。该专项行动自今年二月开展以来，重点围绕校园周边出版物市场和网上“涉黄”突出问题进行整治。 广东集中整治8264公里中小河流 为全面提升山区防灾减灾能力，广东省近两年累计投入159亿元，集中力量对山区8264公里的中小河流进行整治，通过挖深河床、拓宽河道等方式，逐步让洪水不进村，河水不淹田。 海南文昌突遭龙卷风袭击 5号下午，海南文昌市锦山、冯坡两个乡镇突然遭遇龙卷风袭击，造成1人死亡11人受伤，100多栋房屋损毁，749人受灾。目前，当地相关部门正在展开救灾工作。 新型战备模式提速部队作战准备 陆军第一集团军创新模块化作战样式，通过人员集结、车辆机动等战备环节的精准计算，实现作战物资准备从单兵携带到主战装备携行转变，提速部队作战准备时间。
20160606,奥朗德：将全力保障欧洲杯期间安全,2016年欧洲杯足球赛即将在法国拉开帷幕。由于欧洲近期发生多起恐怖袭击事件，欧洲杯期间的安全备受外界关注。5号，法国总统奥朗德表示，法国将竭尽全力确保赛事安全。 奥朗德说，2016年欧洲杯足球赛确实面临安全威胁，且威胁将长时间存在，作为法国总统，他有责任把危险告诉大家，但是法国政府将采取一切措施确保赛事成功举办。 另据今日俄罗斯网站5号援引法国《观点报》的报道说，法国情报部门发现，在为2016年欧洲杯招募的安保工作人员中，其中有82人竟然在一份法国恐怖嫌疑观察名单上，这意味着这些人可能与恐怖组织有关或是有极端主义倾向，但报道没有说明这82人的具体身份信息。 此前，美国国务院在5月底曾发布警告说，今年夏天，特别是欧洲杯和环法自行车赛期间，大量前往欧洲的游客将为恐怖分子提供更大目标，并对美国公民发出了欧洲旅行警告。 为确保欧洲杯期间的安全，法国近期已投入了大量人力物力。除了常规的安保力量，法国将为每一支比赛队伍额外配置17名警员和2名特勤人员。此外，法国巴黎的各个外国使领馆也纷纷加大了安保力度。 除了安全问题，今年的欧洲杯还面临恶劣天气的挑战，包括巴黎在内的中央大区和大巴黎地区等19个省发生了洪水灾害，塞纳河水位一度升至30年来最高，刚刚结束的法国网球公开赛就因天气原因推迟了多场比赛。 有24支球队参加的2016年欧洲足球锦标赛将于6月10号至7月10号在法国10座城市举行，预计将有250万观众在此期间涌进法国。
20160606,乌逮捕企图在欧洲杯期间发动袭击者,乌克兰国家安全局今天证实，他们此前在乌克兰与波兰边境逮捕了一名法国男子，他图谋在欧洲杯期间对法国发动15次恐怖袭击。经调查，这名男子涉嫌通过乌克兰非法组织购买大量武器和爆炸物。该男子现年25岁，被捕时被发现携带大量武器、炸药，其中包括125公斤TNT炸药。
20160606,瑞士公投对“全民发薪”说“不”,在瑞士6号举行的全民公投中，一项关于将无条件发放基本工资写入瑞士宪法的动议被高票否决。 这项动议的正式名称是“无条件基本工资”，要求瑞士政府向每位成年公民，无论其就业与否，每月发放2500瑞郎，约合1.7万元人民币，向每位未成年人每月发放625瑞郎，约合4200元人民币。动议发起者称，这是为了让所有人都能“有尊严地生活和参与社会活动”。 然而， 在参与投票的约250万瑞士人中，有76.9%的人投了反对票。反对者认为，无条件领钱会毁掉人们的劳动观念和进取精神，从而阻碍社会进步，给民众尤其是年轻人传递了错误的信息。同时，“全民发薪”意味着百姓要多交税，而且必然导致物价进一步上涨。 瑞士有近800万人口，这项动议的发起者在2013年10月征集到超过10万个签名，按照瑞士法律得以进入公投表决程序。瑞士政府、议会两院、绝大多数党派也都对动议持反对态度。政府方面表示，如果动议获得通过，政府可能需要通过减少投资和增加税金来筹措资金，这将会削弱瑞士的经济和市场竞争力。
20160606,国际联播快讯,驻冲绳美军酒驾伤人再爆丑闻 在冲绳的驻日美军近来频频爆出丑闻，美军基地工作人员抛尸案风波尚未平息，4号，又有一名隶属美军嘉手纳基地的海军陆战队士兵艾梅·梅西亚酒驾逆行，并与两辆汽车相撞，导致2名日本人受伤。冲绳县警方5号以涉嫌违反《道路交通法》将梅西亚逮捕并展开调查。对此，冲绳县知事翁长雄志6号怒斥美军屡次触犯法律并要求从根本上解决这一问题。 阿富汗东部法院遭袭 院长身亡 阿富汗5号发生多起袭击事件，其中一起发生在东部卢格尔省，两名阿富汗塔利班武装分子用爆炸装置袭击了该省法院，造成包括法院院长在内的5人死亡，另有19人受伤。武装分子被赶来的军警射杀。 同一天，在首都喀布尔，一名国会议员在其寓所前遇袭身亡，另有11名安全部队人员受伤。 连夺四大满贯 法网小德称王 法国网球公开赛今天凌晨结束男单的较量。世界第一德约科维奇在落后一盘的不利局面下连扳三盘，逆转二号种子穆雷，实现了问鼎全部四项大满贯的“全满贯”。这也是他自2015年温网起，连续夺得的第四个大满贯冠军。
20160606,比利时火车追尾至少造成3死40伤,比利时东部列日省昂日市附近5号夜间发生一起火车追尾事故，一辆客运列车和前方行驶的货运列车发生追尾，事故造成至少3人死亡、40人受伤。有目击者称，列车相撞时发出巨大声响，客运列车前两节车厢已撞毁。事故发生后，救援人员连夜赶往现场展开了救援。
