date,title,content
20160408,习近平举行仪式欢迎瑞士联邦主席访华,国家主席习近平8日下午在人民大会堂东门外广场举行仪式，欢迎瑞士联邦主席施奈德·阿曼对我国进行国事访问。 全国人大常委会副委员长沈跃跃、国务委员杨洁篪、全国政协副主席王钦敏等出席欢迎仪式。 陪同施奈德·阿曼访华的有瑞士联邦经济、教研部教育、科研与创新国务秘书等。 军乐团奏瑞中两国国歌。 鸣礼炮21响。 施奈德·阿曼在习近平陪同下检阅中国人民解放军三军仪仗队。 两国元首回到检阅台观看仪仗队分列式。 随后，军乐团进行行进吹奏表演。 施奈德·阿曼是应习近平的邀请对我国进行国事访问的。
20160408,习近平同瑞士联邦主席举行会谈 两国元首决定建立中瑞创新战略伙伴关系,欢迎仪式后，习近平与施奈德·阿曼举行会谈。两国元首一致决定建立中瑞创新战略伙伴关系，为两国关系未来发展指明方向。 习近平指出，瑞士是最早同新中国建交的西方国家之一，近年来中瑞关系发展势头良好，各领域交流合作更加紧密，经贸合作成果尤为突出。两国共同培育了平等、创新、共赢的中瑞合作精神，合作之路越走越宽。 习近平强调，坚持平等互尊、交流互鉴是今后发展中瑞创新战略伙伴关系的政治基础。双方应建立和加强战略磋商等各类对话机制，增进相互理解和信任，统筹规划重点合作领域，将两国关系新定位落到实处。开拓创新是中瑞关系最突出的特点。双方应该在巩固扩大自由贸易和金融合作基础上，把中国实施创新驱动战略同瑞士的创新优势相结合，支持两国搭建创新合作平台，开展企业、高校、科研机构间创新合作，深化在可再生能源、现代生态农业、节能环保、医药等领域互利合作。共建“一带一路”为中瑞合作开辟了更广阔空间，中方也愿同瑞方加强在亚洲基础设施投资银行框架内合作。双方应该搭建更多人文交流平台，继续扩大在教育、文化遗产保护、冬季运动、旅游等方面合作。中方愿同瑞方加强在国际事务中的政策协调和协作，共同致力于和平解决国际和地区冲突，并为全球经济金融治理贡献智慧。 习近平指出，瑞士是最早承认中国完全市场经济地位的欧洲国家之一，也是首个同中国签署自由贸易协定的欧洲大陆国家。希望瑞方继续关心和支持中欧关系发展，带动中欧各领域务实合作再上新台阶。 施奈德·阿曼表示，瑞中两国建交以来，本着相互尊重原则，始终保持良好关系，近年来双方经贸、投资、金融等领域合作更是发展迅速。瑞方对两国自贸协定实施情况感到满意，对瑞中合作进入创新战略伙伴关系新时代感到高兴，希望进一步加强同中方在科技、创新、环保、金融、文化、教育、体育等领域交流合作。瑞方愿积极参与“一带一路”和亚洲基础设施投资银行建设。 会谈后，两国元首共同见证了职业安全与健康、低碳城市建设、科技创新等领域合作文件的签署。 中瑞双方共同发表了《中华人民共和国和瑞士联邦关于建立创新战略伙伴关系的联合声明》。 国务委员杨洁篪等参加会谈。
20160408,习近平会见斯里兰卡总理,国家主席习近平8日在人民大会堂会见斯里兰卡总理维克拉马辛哈。 习近平指出，中国和斯里兰卡长期友好，在涉及彼此核心利益和重大关切问题上相互支持，在互利互惠的基础上开展合作。我们愿同斯方一道，巩固传统友谊，深化互利合作，推动两国真诚互助、世代友好的战略合作伙伴关系不断迈上新台阶。 习近平强调，中斯可以将双方发展战略更加紧密地对接起来，在发展中不断提升两国关系。双方要保持高层交往势头，加强战略沟通，从长远和战略高度把握中斯关系发展方向，做好两国关系及各领域合作的顶层设计。中斯是“一带一路”建设重要合作伙伴，双方要以此为契机加强统筹规划，深化在贸易、基础设施、工业园区、加工制造业、产能、科技、海洋等领域务实合作。中方将积极探讨帮助斯里兰卡建设医疗卫生等项目，赞同双方加强在旅游、教育、文化等领域合作，让中斯友好惠及更多普通民众，夯实中斯友好的社会基础。中方愿同斯方继续加强在联合国、东盟地区论坛、南盟等框架内的沟通和协调。 维克拉马辛哈表示，斯中两国政治、经济、文化联系源远流长，发展真诚互助、世代友好的战略合作伙伴关系符合两国根本利益，也是斯各党派共识。斯方赞赏中国在促进全球经济稳定和增长方面的积极作用，感谢中国长期以来给予斯里兰卡的帮助和支持，愿积极参与中方提出的“一带一路”倡议，进一步加强在港口、机场等基础设施建设、贸易投资、交通、科技等领域合作，促进文化交流与人员往来，造福两国人民。斯方愿加强同中方在南盟等框架内的合作。 国务委员杨洁篪等参加会见。 当天下午，斯里兰卡总理维克拉马辛哈前往天安门广场，向人民英雄纪念碑敬献花圈。
20160408,李克强会见德国外长,国务院总理李克强8日下午在中南海紫光阁会见德国外长施泰因迈尔。 李克强表示，中方高度重视发展中德关系，愿同德方深化交往与合作，乐见一个团结稳定繁荣的欧洲。中德第四轮政府磋商将于年内在华举行，希望双方着力推进“中国制造2025”同德国“工业4.0”对接，推动高铁等领域第三方市场合作取得突破，拉动中德两国经济增长，为地区和世界的稳定、发展与繁荣贡献力量。 李克强指出，世界经济复苏依然乏力，不确定、不稳定性因素增多。从目前情况看，今年一季度中国经济指标出现较多向好变化，总体形势好于预期。同时，受世界经济低迷和市场波动等影响，上述向好趋势的基础并不牢固。我们正视困难和挑战，将继续发挥中国经济巨大的韧性、潜力和回旋余地，持续推进改革开放，有信心有能力保持中国经济中高速增长，迈向中高端水平。 施泰因迈尔表示，世界经济形势依然复杂严峻，欧洲发展也面临诸多难题。德方愿同中方加强沟通，扩大合作，特别是第三方市场合作，共同促进稳定与增长。
20160408,张德江会见瑞士联邦主席,全国人大常委会委员长张德江8日在人民大会堂会见了瑞士联邦主席施奈德·阿曼。 张德江说，中瑞合作一直走在中欧合作的前列，取得了丰硕成果。主席先生此次访华，习近平主席与您共同规划中瑞关系未来发展。双方应共同努力，把高层共识转化为合作成果，推动中瑞关系持续快速发展。中国全国人大重视与瑞士联邦议会的友好关系，愿进一步加强往来，深入交流，增进相互了解，促进彼此互信。双方可在知识产权保护、创新创业、职业教育等领域的立法工作中加强互鉴，充实合作内容，为两国企业和地方扩大合作提供便利，营造更好的法律环境。 施奈德·阿曼表示，近年瑞中合作取得积极成果，瑞方为此感到自豪，愿支持联邦议会加强对华合作。 张平参加会见。
20160408,俞正声会见“感恩侨爱——四川雅安芦山地震灾后重建巡礼”全体代表,中共中央政治局常委、全国政协主席俞正声8日在北京钓鱼台国宾馆会见了“感恩侨爱——四川雅安芦山地震灾后重建巡礼”活动的全体代表，并与代表们合影留念。他代表党中央、国务院，向广大海外侨胞和港澳同胞，致以亲切的问候和良好的祝愿! 俞正声说，广大海外侨胞、港澳同胞是中国建设和发展的一支重要力量。在中国革命、建设、改革的各个历史时期，广大海外侨胞、港澳同胞为中华民族的独立和解放，为中国的繁荣和发展，作出了不可磨灭的重要贡献。特别是改革开放以来，广大海外侨胞、港澳同胞心系祖国，敢为人先，积极返乡投资兴业，捐助公益事业，为中国改革开放和现代化建设发挥了不可替代的作用。 俞正声指出，当前中国经济进入新常态，中国发展面临的困难更多，挑战更为严峻。同时也要看到，经过多年快速发展，我国物质基础雄厚，经济韧性强，潜力足，回旋余地大，改革开放不断汇入新动力，创新宏观调控积累了丰富的经验，我们对中国经济长期向好充满信心。我们将按照全面建成小康社会、全面深化改革、全面依法治国、全面从严治党的战略布局，齐心协力为实现“两个一百年”奋斗目标、实现中华民族伟大复兴而奋斗。 俞正声强调，中国的发展将对世界作出越来越大的贡献，也给广大海外侨胞和港澳同胞提供更加难得的机遇和更加广阔的舞台。希望广大海外侨胞和港澳同胞努力服务国家发展战略，实现互利共赢;积极履行企业社会责任，聚焦脱贫攻坚;热心参与公益慈善事业，弘扬传统美德。 韩启德参加会见。
20160408,中共中央组织部部署全国优秀共产党员 优秀党务工作者 先进基层党组织表彰推荐工作,按照党中央决定，在纪念建党95周年之际，对全国优秀共产党员、全国优秀党务工作者、全国先进基层党组织进行表彰。中央组织部近日发出通知，对做好表彰推荐工作作出部署。 《通知》强调，这次表彰的对象，主要是党的十八大以来，在推动发展、深化改革、服务群众、维护稳定等方面作出显著成绩，得到党员群众公认的先进模范。 《通知》要求，各地区各部门（系统）要结合正在开展的“两学一做”学习教育，发现和挖掘一批具有鲜明时代特征的重大先进典型，进一步弘扬正气、树立标杆，激励各级党组织和广大党员在协调推进“四个全面”战略布局、贯彻落实五大发展理念、努力实现第一个百年奋斗目标中积极进取，作出新的更大贡献。
20160408,一批学术大家、文化名家、社会名流担任讲好中国故事文化交流使者,中宣部、国务院新闻办8日在京向40多位学术大家、文化名家、社会名流颁发了“讲好中国故事文化交流使者”的聘任证书并举行座谈会，围绕贯彻落实习近平总书记重要指示精神，在中外文化交流互鉴中讲好中国故事、展示中国形象，开展了研讨交流。 会议指出，中华民族自立于世界民族之林，不仅要靠经济的根基，还要靠文化的大树。聘请有关领域的名人名家担任文化交流使者，可以更好地发挥他们的知识经验、国际声誉和人脉资源优势，向国际社会生动精彩地讲述中国故事，展示灿烂多姿的中华文化，传递中国人民对各国人民的美好情谊，把一个真实、丰富、立体的中国展示给世界。
20160408,三部门发文保护奖励职务犯罪举报人,最高人民检察院、公安部、财政部日前联合下发《关于保护、奖励职务犯罪举报人的若干规定》，进一步完善保护、奖励职务犯罪举报人工作。 司法实践中，对举报人的打击报复行为除了直接侵犯人身、财产的显性报复外，更多地体现为利用职权对举报人进行变相打击报复，对此，《规定》对隐性报复的几类情形作了列举规定，包括违反规定解聘、辞退或者开除举报人及其近亲属的；克扣或者变相克扣举报人及其近亲属的工资、奖金或者其他福利待遇的；对举报人及其近亲属无故给予党纪、政纪处分或者故意违反规定加重处分的；在职务晋升、岗位安排、评级考核等方面对举报人及其近亲属进行刁难、压制的；对举报人及其近亲属提出的合理申请应当批准而不予批准或者拖延的。 为了鼓励群众实名举报，《规定》提高了奖励金额，举报人有重大贡献的，可给予二十万元至五十万元不等的奖励。有特别重大贡献的，经最高人民检察院批准，不受数额限制。
20160408,跨境电商税收新政今天实施,今天，由财政部会同海关总署、国家税务总局发布的我国跨境电子商务零售进口税收新政，正式实施。新政规定：如果跨境电子商务零售进口商品的单次交易人民币2000元以下，个人年度交易人民币20000元以下，暂不征收关税，进口环节增值税、消费税暂按法定应纳税额的70%征收。超过单次限值、累加后超过个人年度限值的交易，以及完税价格超过2000元限值的单个不可分割商品，均按一般贸易方式全额征税。同时，本次新政对行邮税的税目和税率也做了相应调整。
20160408,国内联播快讯,《装备制造业标准化和质量提升规划》发布 《装备制造业标准化和质量提升规划》今天发布，《规划》提出以提高装备制造业发展质量和效益为中心，对接“中国制造2025”，实施工业基础、智能制造、绿色制造等标准化和质量提升工程，加快质量安全标准与国际标准接轨。 中国电子信息博览会在深圳开幕 第四届中国电子信息博览会今天在深圳开幕，本次展会集中展示了机器人、虚拟现实、无人机、移动互联网等信息产业重点技术和应用，共有世界各地的1700多家企业参展。 国际矿博会5月将在湖南举行 亚洲最大的矿物宝石展会——中国（湖南）国际矿物宝石博览会，将于5月19日到23日在湖南省郴州市举行。本届矿博会展览面积13万平方米，共设置国际标准展位2300多个，分设精品矿晶区、化石陨石区、精品宝石区等8个展区。 “世界一流大学校长论坛”在上海举行 “世界一流大学校长论坛”在上海交大举行，这期间发布的《上海宣言》，提出要联手共建新型创新网络。2016世界知名大学博览会同日也在西安举行，美国加州大学、斯坦福大学，英国牛津大学等世界知名大学的代表参加论坛和博览会。 “溱潼会船”水上庙会在江苏举行 今天，有着近千年历史的、国家级非物质文化遗产项目“溱潼会船”，在江苏姜堰十里溱湖上展开，400多条船只和1万多名选手飞篙走桨，为人们再现了千年水乡“水上庙会”的壮观场景。
20160408,世贸预计今年全球贸易仍低速增长,世界贸易组织7号公布报告说，受全球贸易市场需求不确定性影响，今年全球贸易增速将维持在2.8%，这也是全球贸易增速连续第五年低于3%。 世贸组织总干事阿泽维多表示，虽然全球贸易增长速度“令人失望”，但贸易总量仍维持正增长。不过，如果以美元计价的贸易额来看，受汇率变动和大宗商品价格下跌影响，全球贸易总额实际已出现下滑趋势。 对于目前的经济形势，阿泽维多呼吁世贸组织成员通过取消贸易限制措施和实施《贸易便利化协定》等来刺激全球经济和贸易增长。 当天，阿泽维多在接受本台记者专访时表示，中国经济仍是全球经济增长的动力。对于近期有评级机构下调中国主权信用评级，阿泽维多表示并不认同。
20160408,本台记者探访俄军巴尔米拉排雷现场,为清除极端组织留在叙利亚巴尔米拉的大量爆炸装置，俄罗斯向这一地区派出了工兵和排雷小组。日前，本台记者跟随俄罗斯军方来到巴尔米拉排雷工作现场。 记者从莫斯科出发抵达俄军位于叙利亚境内的拉塔基亚空军基地后，马上转乘直升机和装甲车前往巴尔米拉古城。目前叙利亚政府军正对盘踞在巴尔米拉附近的极端组织武装人员进行清剿。 本台记者顾鑫：“我现在所在的位置就是巴尔米拉古城区，现场大约有30多名俄罗斯工兵正在进行扫雷作业。极端组织武装人员在撤退之前在当地遗留了大量自制爆炸物，排除这些爆炸物成为工作的当务之急。” 在叙利亚军队上个月收复巴尔米拉之后，俄罗斯总统普京表示，俄方将为排除古城爆炸装置提供最大限度的援助。俄军此次派出的排雷分队装备了新式排雷及防护装备以应对复杂的作业条件。除了工兵，还派出了探雷犬分队。当地的炎热天气为排雷工作增加了难度。工兵穿戴防护装备工作15分钟，就必须到冷却室降温。 俄军方介绍说，除了在古城区，俄军还将负责巴尔米拉市内的排雷工作。
20160408,国际联播快讯,130多个国家确认将签署《巴黎协定》 7号，联合国秘书长副发言人哈克说，目前已有超过130个国家确认将于4月22号在纽约联合国总部签署《巴黎协定》。协定将在至少55个《联合国气候变化框架公约》缔约方批准后第30天起生效。此前，中方已经确认将在4月22号签署《巴黎协定》。 去年12月，《联合国气候变化框架公约》近200个缔约方在巴黎气候变化大会上一致同意通过《巴黎协定》，为2020年后全球应对气候变化行动作出安排。 比利时检方公布机场爆炸嫌疑人视频 7号，比利时检方公布了上个月布鲁塞尔机场恐怖袭击案中在逃嫌疑人的视频。视频记录了嫌疑人在爆炸事件发生后的逃跑路线，还拍到了他遗弃爆炸物、换装后逃跑的场景。在机场爆炸事件发生前，这名嫌疑人被拍到与另两名自杀式袭击者在一起。警方呼吁知情民众向警方提供线索。 3月22号，布鲁塞尔机场和市内欧盟总部附近地铁站接连发生爆炸袭击，造成300多人死伤。 印度遭遇持续高温60多人丧生 印度中南部地区近日遭遇高温，在情况最严重的特伦甘纳邦，高温已经造成了66人死亡。《印度快报》报道说，7号至少有15个城市的气温突破40摄氏度。 印度去年5月曾遭受长时间的热浪袭击，造成超过2000人死亡。印度气象局预计，今年夏天将继续迎来高温，地方政府呼吁人们尽量避免在烈日下出行。 国际空间站即将迎来新“房间” 7号，美国宇航局和太空探索技术公司的专家对一个可充气的活动舱进行最后测试。这一活动舱将于当地时间8号搭乘“猎鹰9”火箭前往国际空间站，最终被固定在空间站上，成为空间站的一个新“房间”。这将是2011年以来，空间站添加的首个模块。与现存的金属舱室不同的是，这个新舱室由可折叠的纤维制成，在运抵空间站后即可充气展开。科学家说，它足以抵抗流星和辐射，且能维持适宜的温度。
