date,title,content
20160619,习近平会见塞尔维亚总理,当地时间18日，国家主席习近平在贝尔格莱德会见塞尔维亚总理武契奇。 习近平强调，中国和塞尔维亚是彼此信赖的好朋友和重要合作伙伴。近年来，两国高层交往密切，各领域合作成果显著。双方一致同意将两国关系提升为全面战略伙伴关系，将为双方各领域务实合作注入新动力，推动双边关系再上新台阶。新形势下，中塞合作契合点增多、前景更为广阔。双方要再接再厉，稳步推进交通基础设施重大项目合作。我们愿同塞方加大合作，推动匈塞铁路项目全面开工，早日通车。要加快“一带一路”倡议同塞尔维亚国家发展战略对接，推动斯梅代雷沃钢厂等大项目运营达到预期目标，增加当地就业，提高人民生活水平，促进塞尔维亚经济发展，实现互利共赢。要积极拓展经贸金融领域合作，扩大贸易规模。双方要加强海关、税务等领域合作，为双边贸易发展提供有力支撑和保障。要深化科技合作，实现创新驱动发展。要密切人文交流，筑牢两国关系民意基础。 习近平指出，中国－中东欧国家合作保持快速发展势头，已经步入收获期。双方应该将“16+1合作”打造成为“一带一路”倡议融入欧洲经济圈的重要承接地，将“16+1合作”建设成中欧和平、增长、改革、文明四大伙伴关系落地的优先区域。中方愿同塞方一道，推动“16+1合作”在更高水平上平稳运行，更好造福两国人民。 武契奇表示，再次热烈欢迎习近平主席对塞尔维亚历史性访问。全面深化塞中传统友谊、政治互信和互利合作，符合两国人民利益。塞尔维亚政府高度重视发展对华关系，致力于扩大同中国在更加广泛领域合作。塞方欢迎中国企业加大对塞投资，愿同中方共同努力，推动塞中重点项目合作早日收获成果。 王沪宁、栗战书、杨洁篪等，塞尔维亚政府内阁全体成员参加会见。
20160619,习近平会见塞尔维亚国民议会议长,当地时间18日，国家主席习近平在贝尔格莱德会见塞尔维亚国民议会议长戈伊科维奇。 习近平强调，中塞两国人民怀有真挚感情，近年来中塞传统友好合作关系日益焕发出新活力。我同尼科利奇总统决定建立中塞全面战略伙伴关系，为两国关系发展搭建了更为宽广的平台。中国视塞尔维亚为值得信赖的真挚朋友和战略伙伴。中方愿同塞方密切高层交往，加强在重大国际和地区问题上的沟通协作，在“一带一路”、中国－中东欧国家合作、国际产能合作等框架内深入推进重点领域合作，扩大两国人民直接交流。 习近平指出，立法机构交往是中塞全面战略伙伴关系的重要组成部分。近年来，两国立法机构开展密切交往合作，取得积极成果。两国立法机构要完善现有交流机制，密切各层级友好往来，加强立法、监督、治国理政等方面经验交流，推动经贸、人文等领域互利合作，增进在国际议会组织内沟通协调，为增进双边关系社会和民意基础、促进中塞全面战略伙伴关系全面健康稳定发展贡献力量。 戈伊科维奇表示，习近平主席这次对塞尔维亚进行国事访问是塞尔维亚人民的一件大事，必将推动塞中传统友谊和合作迈上新台阶。塞尔维亚国民议会致力于塞中友好，愿密切同中国全国人大的交流合作，为促进塞中各领域关系发展作出积极贡献。 王沪宁、栗战书、杨洁篪等参加会见。
20160619,塞尔维亚各界高度评价习主席访塞,习近平主席访问塞尔维亚期间，两国元首发表声明，决定将中塞关系提升为全面战略伙伴关系。塞尔维亚各界表示，这种新的政治定位，将为塞中关系发展开拓更大空间，激发更多合作潜力。 习主席访塞期间，两国还签署了产能、金融、基础设施建设、贸易、能源等多领域的双边合作文件，引发高度关注。塞尔维亚国家电视台出动40台摄像机、数百位前后期人员，对习主席的访问进行大时段直播。 在此次访问中，习主席还被授予塞尔维亚最高勋章“共和国一级荣誉勋章”。
20160619,波兰各界热切期待习主席到访,对于习近平主席即将对波兰展开的国事访问，波兰各界表示热切期待，认为此访将强化两国关系、深化务实合作。 17号，波兰百年大报《共和国报》刊登了习主席的署名文章《推动中波友谊航船全速前进》。参与文章翻译工作的《共和国报》负责人对习主席有关两国关系的描述印象深刻。 习主席文中着重提到了和中东欧国家之间的“16+1合作”，波兰企业界人士对此表示振奋。 波兰东亚文明研究中心主任加夫利科夫斯基说，习主席的文章让波兰人了解中国领导人的治国理念和对发展两国关系的设想，有利于进一步推动两国在各个领域的合作。 波兰是最早承认并与新中国建交的国家之一。目前，波兰是中国在中东欧地区最大的贸易伙伴，是首个加入亚投行的中东欧国家，中国则是波兰在亚洲最大的贸易伙伴。
20160619,【光辉历程】新中国诞生 中国人民从此站起来了,继续来看建党95周年特别节目《光辉历程》。在中国共产党领导全国人民进行了28年艰苦卓绝的奋斗之后，古老的中国迎来了新生。 1949年3月25日下午，毛泽东率领的中共中央机关从西柏坡驱车来到北平的西苑机场。 1949年9月21日，中国人民政治协商会议第一届全体会议的召开，毛泽东在开幕词中庄严宣告： 毛泽东：“我们的工作将写在人类的历史上，它将表明占人类总数四分之一的中国人，从此站立起来了。” 经民主协商，政协会议通过了具有临时宪法作用的《共同纲领》；决定新中国的国名为中华人民共和国，北平为首都，并改名为北京；采用公元纪年；以《义勇军进行曲》为代国歌；以曾连松设计的五星红旗为国旗；选举毛泽东为中央人民政府主席。 其中，《共同纲领》明确规定中华人民共和国“实行工人阶级领导的，以工农联盟为基础的团结各民主阶级和国内各民族的人民民主专政”，“中华人民共和国的国家政权属于人民”。 1949年10月1日，30万军民聚集天安门。下午3点整，中央人民政府主席毛泽东站在天安门城楼上向全中国、全世界庄严宣告： 毛泽东：“中华人民共和国，中央人民政府，今天成立了！” 毛泽东按动电钮，在义勇军进行曲的雄壮旋律中，第一面鲜艳的五星红旗冉冉升起，54门礼炮齐鸣28响，象征着中国共产党领导全国人民艰苦奋斗的28年光辉历程。由中国人民解放军、陆海空三军组成的方队，威武雄壮地通过主席台前。 中华人民共和国的成立开辟了中国历史新纪元。从此，中国结束了一百多年来被侵略、被奴役的屈辱历史，真正成为独立自主的国家。中国人民从此站起来了，成为国家的主人。
20160619,【民族脊梁】王若飞：一切要为人民打算,今天的系列节目——民族脊梁，我们来追忆一位政治活动家，他叫王若飞。他一生坚持真理，临终前的一句话“一切要为人民打算”，成了他一生的写照。 快七一了，贵州安顺消防部队的党员来到王若飞故居，上了一堂特殊的党课。 王若飞，贵州安顺人，1896年出生。1917年留学日本，两年后赴法国勤工俭学。在法国期间，他开始研究马克思主义，并结识了周恩来等进步青年。 1925年，王若飞回国，1926年赴上海任中共中央首任秘书长，此后参与领导了上海工人武装起义。1931年，王若飞到西北筹建统一的党组织，这期间因叛徒出卖被捕，在敌人的法庭上，他宣传共产党主张，敌人将他押赴刑场，假装枪毙他，他也没有屈服。 在他度过的5年零7个月铁窗生涯中，敌人不断安排人住进他的牢室监视他，不料，一个个都被王若飞感化，成了共产主义的信仰者。 在狱中，王若飞还写了两万多字的长信，劝国民党绥远主席傅作义抗战，傅作义很受打动。西安事变后，在中共中央北方局的营救下，1937年王若飞获释。抗战胜利后，王若飞协助毛泽东、周恩来做重庆谈判工作。 1946年4月8日，谈判代表王若飞、秦邦宪等人乘机从重庆飞往延安，准备向党中央汇报工作，途中飞机失事牺牲，时年50岁。
20160619,上海：共享共治 建设有序宜居城市,上海不断创新社会治理理念，聚焦群众反映强烈的突出问题，通过共享共治，建设和谐有序的宜居城市。 随意逆行，乱闯红灯。您看到的这些视频其实不是警方记录的，而是上海市民通过行车记录仪拍到的。从上个月开始，市民可以把交通违法视频，上传到公安机关建立的违法视频举报平台，工作人员将根据这些举报线索，核实违法车辆，处理涉事司机。 目前举报平台已接到了9000多条举报线索。 交通可以说是特大型城市如今都回避不了的问题，城市道路拓展空间有限，用好现有资源加大道路通行效率就成了关键。像这样搭建举报平台，让监督无处不在；用共享共治，提高通行效率，是今年上海在社会治理方面的新探索。数据显示，6月以来，上海道路交通事故、受伤人数同比分别减少40.9%和60.6%。 加强城市治理，上海还从影响改革创新、协调发展的难点和瓶颈入手。 重拳出击，整治环境、拆除违法建筑，目前上海已拆除违法建筑2100多万平方米。 重心下移，警方执法力量下沉，进入居委会参与社区综合管理。 重点突破，全面深化街道体制改革，实行多年的街道招商引资职能全面取消，更好服务群众。
20160619,“两学一做”重在实效,北京和江西南昌等地创新方式，搭建“两学一做”学习教育平台，让广大党员随时随地可以接收到学习内容，由集中性教育向经常性教育延伸。 这是北京市委组织部的工作人员在对“北京组工”微信公众号中“两学一做”专栏进行完善，有关“两学一做”的总体要求、学习要点等以图文并茂的形式梳理出来，重点内容还特别标注出来。 在“北京组工”的启发下，延庆区结合本区实际开发了“党员小书包”手机客户端，为党员打造在线阅读和移动学习交流平台。 “两学一做”学习教育开展以来，北京市在9.3万个基层党组织中，开展了以“亮明身份、公开承诺、示范带头、接受监督”为主要内容的承诺践诺活动，引导党员立足岗位做贡献。 “我志愿加入中国共产党……” 重温入党誓词、学习党章党规，在南昌市青山湖区塘山镇党建服务中心，每天都有辖区内的党员来这儿学习交流，这里也是江西省首个基层党建服务中心。 为便于大家随时学习，区党委开通了“智慧党建”手机客户端，上面设有“基层党建、掌上讲堂”等板块，不仅党课学习、组织活动能够在网上完成，还可以通过“党务管家”板块反映问题。 此外，青山湖区还开展了“巡讲、巡展、巡查、巡谈、巡访”活动，通过集中学习、辅导讲座等形式，将“两学一做”落实到基层党组织。
20160619,【归国创业梦】高福：祖国给了我成就梦想的舞台,近期，我国科学家成功解析了在南美洲等地蔓延的寨卡病毒的蛋白结构，这在全球尚属首次。取得这一重大科研成果的是中科院微生物研究所的高福院士和他的科研团队。学成归国后的十几年里，高福在病毒研究领域取得众多重大科研成果，他认为，祖国对留学归国人才的大力扶持是他取得今天成就的关键因素。 这里是中科院微生物研究所高福院士团队工作的实验室，在这里，首个寨卡病毒的蛋白质晶体结构NS1被成功解析出来，这为正在全球多地蔓延的寨卡病毒相关研究提供了重要的科学依据。 其实，这早已不是高福第一次面对高危病毒和公共卫生突发事件。2014年9月，作为首批中国政府援助塞拉利昂医疗队的负责人之一，高福冲向了抗击致死率极高的埃博拉病毒的最前线。经过世界各国专家的努力，2015年底，西非埃博拉疫情被完全控制住。高福团队在对埃博拉病毒的研究中破解了该病毒入侵人体的关键机制，这为人类攻克埃博拉做出了重大贡献。一系列成果的背后，离不开深厚的积淀。上世纪90年代初，高福被国家公派到英国留学深造，因学习成绩优秀，他还先后在牛津大学、哈佛大学从事博士后研究工作。然而海外的生活并未改变高福回国发展的决心，2004年，高福毅然放弃了国外优厚的待遇，只身回到祖国。 回国后的10多年里，高福逐渐成为相关学科领域的带头人。从候鸟“禽流感”、人感染“猪链球菌”，到H1N1流感病毒，以及H7N9禽流感病毒，高福都身先士卒带领团队冲在病毒防疫的最前线，并出色完成了国家赋予的各项使命。在大量科研成果面前，高福认为，国内优越的科研环境是他成就职业梦想的舞台。
20160619,强降雨再袭南方多地,从昨天开始，新一轮强降雨又来到我国南方，湖北、江西、重庆等地区降下了大暴雨。 今天凌晨，湖北多地降下大暴雨，黄冈蕲春县最大降雨量达235毫米，部分乡镇爆发山洪，道路、桥梁被毁。 在蕲春县受灾最严重的张榜镇，蕲宿公路完全发生了中断，将会影响3万人的出行。目前，连接7个村庄的通信线路中断，村庄处于失联状态。当地武警、消防已经徒步进入村庄，进行险情排查和搜救。 受持续强降雨影响，江西奉新县城多处内涝，积水涌入部分地势较低的沿街店面。 当地公安、消防等部门逐门逐户排查，迅速转移被困居民。 昨天傍晚开始，重庆江津区普降大暴雨，有的地方水位上涨到了2米。在一个网吧里，30多人被困。 消防人员用救援梯将被困人员一个一个的疏散到安全地带。中央气象台预计，今明两天，西南地区东部到长江中下游一带将有大到暴雨。
20160619,国内联播快讯,港珠澳大桥明年年底具备通车条件 开工近7年的港珠澳大桥核心岛隧工程目前完成了80%，桥梁部分将于今年8月主体完工，全部工程明年底具备通车条件。 中国·海峡项目成果交易会举行 第十四届中国·海峡项目成果交易会在福州举行，集中展示了一批新项目新技术，涉及智能装备与机器人、新能源汽车等。 全球外国人汉语大会国内预赛开赛 汉语桥·2016全球外国人汉语大会国内预赛相继开赛。国内预赛共设立了北京、广州等7个赛区。“全球外国人汉语大会”由孔子学院总部、中国国家汉办与中央电视台联合主办。 北京地铁进行消防救援演习 北京地铁举行大规模灭火救援实战演练。演练模拟地铁车厢突然起火，大量乘客被困。消防官兵迅速集结，控制火情，展开人员搜救。 中华龙舟大赛第四站惠州开赛 2016中华龙舟大赛第四站比赛今天在广东惠州进行，来自全国各地的36支龙舟队进行了100米、200米和500米直道赛三个项目的比拼。最终，顺德乐从队、南海九江队分获职业男、女子组总冠军；热带海洋学院、东北电力大学分获青少年男、女子组总冠军。 环青海湖电动汽车挑战赛开幕 2016环青海湖（国际）电动汽车挑战赛今天开幕，来自国内9款车型的近30辆电动汽车将进行特技表演、拉力赛、性能评测赛等。
20160619,日本冲绳民众举行大规模反美集会,日本冲绳县议会和冲绳市民团体今天发起大规模反美抗议集会，抗议驻日美军基地工作人员杀害并遗弃冲绳女子尸体案，谴责驻日美军士兵的暴行。 反美抗议集会在冲绳县那霸市奥武山公园举行。主办方说有约6万5千人参加集会。集会人群高举标语，要求美军彻底撤出冲绳。今天是冲绳抛尸案案发一个月的日子。5月19号，失踪近一个月的20岁冲绳女子岛袋里奈的尸体被找到，驻日美军士兵辛扎托涉嫌侵害并杀害了岛袋。 一直以来，美军基地在冲绳当地都是一个非常不受欢迎的存在。而这次恶性事件的发生更是直接点燃了冲绳人民心中的怒火。这次集会就是直接把矛头对准美军基地以及让美军基地留在这里的日本政府。 除了冲绳民众，还有远从北海道、神奈川等地赶来的抗议者。他们认为，美军基地所带来的不是“和平”而是“战争的恐惧”。 冲绳县知事翁长雄志出席了今天的集会并重申把美军基地赶出冲绳的决心。东京等多地也举行抗议活动，声援冲绳的反美集会。
20160619,国际联播快讯,比利时警方逮捕多名涉恐嫌疑人 比利时联邦检察院18号发表声明称，比利时警方17号晚上在全国多地开展40多次反恐行动，并抓捕12名涉恐嫌疑人。检方随后以涉嫌参与恐怖组织、企图实施袭击等罪名起诉了其中3名嫌疑人，其余9人被释放。警方在行动中还搜查了150多个可疑车库，但没有发现武器或爆炸物。本月15号，比利时媒体报道说，有情报显示有不法分子企图近期在法国和比利时发起袭击。 叙总统会见俄国防部长商讨反恐合作 叙利亚总统巴沙尔18号与到访的俄罗斯国防部长绍伊古举行会谈，商讨合作打击叙境内恐怖组织和军事合作等问题。据叙利亚国家电视台报道，绍伊古是受俄罗斯总统普京委派访问叙利亚。本月9号，伊朗、叙利亚和俄罗斯三国防长曾在伊朗举行三方会谈，重点讨论反恐合作等议题。 埃及前总统穆尔西被判40年监禁 埃及开罗刑事法庭18号宣布，埃及前总统穆尔西因间谍罪及泄露“机密文件”等被判40年监禁。法庭指控说，穆尔西在总统任内与其他10名被告向卡塔尔泄露有关埃及军队部署等涉及国家安全的机密文件，以换取100万美元酬劳。据悉穆尔西可就判决结果提出上诉。此前，穆尔西曾在2015年因越狱罪被判处死刑，但仍有上诉机会。
