date,title,content
20160530,习近平举行仪式欢迎多哥总统访华,国家主席习近平30日下午在人民大会堂东门外广场举行仪式，欢迎多哥总统福雷·埃索齐姆纳·纳辛贝对我国进行国事访问。 全国人大常委会副委员长沈跃跃、国务委员杨洁篪、全国政协副主席刘晓峰等出席欢迎仪式。 陪同福雷总统访华的有经济财政与发展规划国务部长、总统府办公厅主任、邮政与数字化经济部部长等。 军乐团奏多中两国国歌。 鸣礼炮21响。 福雷在习近平陪同下检阅中国人民解放军三军仪仗队。 两国元首回到检阅台观看仪仗队分列式。 随后，军乐团进行行进吹奏表演。 福雷是应习近平的邀请对我国进行国事访问的。
20160530,习近平同多哥总统举行会谈 双方同意共同推动中多关系再上新台阶,欢迎仪式后，习近平主席在人民大会堂同福雷总统举行会谈，两国元首同意以推动落实中非合作论坛约翰内斯堡峰会成果为契机，促进双边关系再上新台阶，给两国人民带来更多实惠。 习近平指出，中多友好事业是总统先生父亲埃亚德马总统和新中国几代领导人共同缔造和培育的。建交44年来，两国在各自国家发展进程中相互支持，中多关系已堪称大小国家真诚友好、平等互信、互利共赢的典范。当前，中多发展战略契合，经济互补性强，合作前景广阔。我们愿与多方共同努力，推动中多传统友谊发扬光大，更好造福两国人民。 习近平强调，中多双方要加强政治互信，保持高层交往势头，密切政府、政党、立法机构、地方等友好往来。双方应发挥政治、经贸等磋商协调机制作用，加强政策沟通和对双边合作的规划指导，推动各领域合作深入发展。中方愿鼓励中国企业和金融机构以多种形式支持多哥基础设施项目建设，支持多方建立自主可持续发展的工业体系。中方愿以中国援建的农业技术示范中心为依托，同多方开展粮食种植、农渔生产、产品加工等领域互利合作，帮助多方提高农业附加值，增加农民收入。中方愿同多方加强打击几内亚湾海盗和跨国有组织犯罪等安全领域合作，帮助多方增强国防和维稳能力建设。中方愿同多方加强文化、教育、旅游、青年、妇女、媒体、智库等领域的交流合作，夯实两国友好民意和社会基础。双方还可就非洲和平安全、2030年可持续发展议程等重大国际和地区问题加强战略协作，共同维护发展中国家正当权益，促进国际关系民主化。 习近平指出，中国和非洲历来是休戚与共的命运共同体。发展同非洲国家的团结合作，始终是中国外交政策的基石。当前中非合作面临新的机遇。中方将秉持真实亲诚理念和正确义利观，全面落实中非合作论坛约翰内斯堡峰会成果，把实现自身发展同助力非洲发展结合起来，实现合作共赢、共同发展。 福雷表示，多中友好源远流长，历久弥新。建交44年来，两国互利共赢合作取得丰硕成果，感谢中国政府和人民长期以来给予的大力支持和帮助。多方愿同中方加强各领域合作，希望中方在改善民生、发展农业、基础设施建设、临港经济开发、和平安全等方面继续给予多哥支持。欢迎更多中国企业加大对多哥投资，参与多哥经济和社会建设，多方将为此提供良好的政策和法律环境。多哥高度评价中国在国际事务中发挥的重要作用，赞赏中方“一带一路”倡议，愿同中方共同努力积极落实中非合作论坛约翰内斯堡峰会成果。多哥坚定奉行一个中国政策，认为中国是多哥和非洲最真诚的朋友。 会谈后，两国元首共同见证了外交、经济技术、基础设施建设等领域双边合作文件的签署。 杨洁篪等参加上述活动。
20160530,习近平同埃及总统互致贺电 庆祝中埃建交60周年,国家主席习近平日前同埃及总统塞西互致贺电，庆祝两国建交60周年。 习近平在贺电中表示，60年前，中埃两个伟大国家正式建立外交关系。60年来，在中埃双方共同努力下，两国在政治、经贸、人文等诸多领域开展了广泛交流合作，取得了丰硕成果。中埃关系已成为中国同阿拉伯国家、中国同非洲国家及南南关系的典范。展望未来，我们对中埃关系美好前景充满信心。我愿同你携手努力，深化两国全面战略伙伴关系，更好造福两国和两国人民。 塞西在贺电中表示，两国在政治、经济、文化等各领域密切合作，在共同关心的地区和国际问题上保持高水平协调，我们将埃中关系视为埃对外友好关系中最重要、最突出的组成部分。埃中合作关系提升至全面战略伙伴关系水平充分表明，两国领导人和人民决心不断提高合作水平，增进人民福祉，进一步实现两国人民对稳定和发展的期待。
20160530,应习近平邀请 柬埔寨国王将访华,应国家主席习近平邀请，柬埔寨王国诺罗敦·西哈莫尼国王将于6月2日至4日对中国进行国事访问。
20160530,李克强同埃及总理互致贺电 庆祝中埃建交60周年,国务院总理李克强日前同埃及总理伊斯梅尔互致贺电，庆祝两国建交60周年。 李克强在贺电中说，建交60年来，中埃双方始终相互支持、相互尊重、相互信任，传统友谊历久弥坚。中埃关系已成为中国同阿拉伯国家、中国同非洲国家及南南关系的典范。近年来，中埃关系保持快速发展势头，两国建立了全面战略伙伴关系，各领域合作的广度和深度不断拓展。中方愿同埃方共同努力，不断增进两国传统友谊，深化各领域互利合作，造福于两国和两国人民。 伊斯梅尔在贺电中表示，埃中两国各领域合作历史悠久。我真诚希望两国深厚的友好关系能得到进一步加强，两国政府能够继续密切合作，造福埃中两国人民。祝中国繁荣富强，人民幸福安康。
20160530,张德江会见美国国会议员代表团,全国人大常委会委员长张德江今天在人民大会堂会见了美国联邦参议员戴安斯率领的美国国会议员代表团。 张德江说，近年来，习近平主席和奥巴马总统多次会晤，各层次领域交往与合作持续推进，中美关系总体保持稳定发展势头。一个良好发展的中美关系符合两国和两国人民的根本利益。今年下半年，中国全国人大与美国参议院将举行新一轮的交流机制会议。两国立法机关保持交往交流，有利于增加相互理解、避免误解误判、防止合作大局受到大的干扰。双方应继续努力，为两国相互投资、经贸合作、人员往来提供法律保障，为构建中美新型大国关系增加正能量。 戴安斯和代表团其他成员就关心的问题谈了看法，表示愿为推动中美各领域务实合作多做工作。 张平参加会见。
20160530,国务院办公厅印发《关于开展消费品工业“三品”专项行动营造良好市场环境的若干意见》,国务院办公厅日前印发《关于开展消费品工业“三品”专项行动营造良好市场环境的若干意见》，部署开展消费品工业增品种、提品质、创品牌“三品”专项行动。
20160530,中央组织部追授李保国同志“全国优秀共产党员”称号,日前，经中央领导同志同意，中央组织部决定，追授李保国同志“全国优秀共产党员”称号，李保国同志生前系河北农业大学林学院二级教授、博士生导师。他以实际行动践行入党誓词，教书育人、为人师表、心系百姓、立志扶贫，为太行山区10多万农民群众脱贫致富作出了突出贡献。
20160530,【时代先锋】李保国：大山教授 太行楷模,穿行太行山脉三十五年，推广36项标准化林业技术，使140万亩荒山变绿。今年四月，李保国教授突发心脏病，将人生永远定格在了58岁。 追寻着李保国的足迹，我们来到河北邢台县前南峪村，上世纪八十年代初，河北农大的山区开发课题组来到这。当时这是“有雨遍地流，无雨渴死牛”，种不成粮食，也没人相信能种树。 为了治理好荒山，李保国和同在一个课题组的妻子郭素萍，带着两岁的儿子，和同事们在这透风漏雨的石板房里一住就是4年。 李保国和同事们把荒山上的薄土收集起来，然后把厚厚的石层炸出一条条深一米多、宽两米的深沟，然后土层回填种树。通过“聚集土壤，聚集径流”的荒山治理技术，前南峪村陆续种起了8000多亩苹果、板栗。 从前南峪村开始，李保国和妻子35年里一直穿行在太行山间，为果农提供农技指导，平均一年在山里200多天。他手机里存的号码大部分都是山区农民，后来还建了四五个微信群，随时帮果农解答难题。 多年超负荷工作，让李保国患上了糖尿病和疲劳性冠心病。今年4月10号，突发心脏病夺去了李保国58岁的生命。在他离开后很多天，还有山区果农发短信到他的手机上。
20160530,第八轮中美战略与经济对话将在北京举行,中美双方商定，第八轮中美战略与经济对话将于6月6日至7日在北京举行。中国国家主席习近平特别代表国务院副总理汪洋、国务委员杨洁篪将与美国总统奥巴马特别代表国务卿约翰·克里、财政部长雅各布·卢共同主持本轮对话。 届时双方将就中美关系以及共同关心的其他重大问题深入交换意见。中方愿同美方相向而行，认真落实两国元首达成的共识，加强战略沟通，促进互利合作，妥善处理分歧，推动中美新型大国关系建设不断取得新进展。
20160530,第七轮中美人文交流高层磋商将在北京举行,经中美双方商定，第七轮中美人文交流高层磋商将于6月6日至7日在北京举行，中国国家主席习近平特别代表国务院副总理刘延东将与美国国务卿约翰·克里共同主持磋商全体会议。 本轮磋商将以“系牢人文纽带，共塑美好未来”为主题，双方将就教育、科技、文化、卫生、体育、妇女、青年等领域的交流与合作深入交换意见，认真落实中美两国元首重要共识，为中美新型大国关系建设做出新的贡献。
20160530,中外媒体走进丝绸之路经济带核心区,从5月24号开始，国务院新闻办组织的“中外媒体走进丝绸之路经济带核心区主题采访活动”在新疆拉开帷幕。来自英国、法国、比利时、加拿大、日本等20国31家媒体的50多名记者走进新疆，对丝绸之路经济带核心区的交通枢纽、商贸物流、文化科教、健康医疗、经济金融等方面进行实地探访。 此次采访活动分为南疆和北疆两条线路，活动将于6月2号结束。
20160530,联播快讯,我国首颗民用空间基础设施卫星发射成功 今日11时17分，我国在太原卫星发射中心用长征四号乙运载火箭成功将资源三号02星及搭载的两颗乌拉圭小卫星发射升空。资源三号卫星是我国民用高分辨率立体测绘卫星，主要服务于国土资源调查与监测、防灾减灾、生态环境等领域。 工信部要求明年7月前电话全部实名登记 工信部下发通知，要求各基础电信企业确保在2016年12月31日前本企业全部电话用户实名率达到95%以上，2017年6月30日前全部电话用户实现实名登记，逾期未完成登记的用户，将会被停机处理。 我国首座变桁高铁路桥今天合龙 我国首座下弦变桁高铁路桥--成贵铁路岷江特大桥今天合龙，该桥全长5597米，承载双线铁路，设计时速为每小时250公里。224米的主跨采用的下弦桁高不断变化的结构位居亚洲同类型钢桁桥梁之首。 10集电视纪录片《创新之路》今晚起播出 由我台财经频道历时三年制作的10集电视纪录片《创新之路》将于今晚9点10分在我台财经频道播出。节目组分赴数十个国家寻找他山之石，深入探讨国外如何通过创新来驱动发展。 联合国：一周内恐有七百难民海上丧生 联合国难民署官员29号表示，过去一周内，很可能已有约700名难民在接连发生的三起偷渡船倾覆事故中丧生。而意大利海岸警卫队等方面近来共救起了约1万4千名难民。有分析认为，今年3月欧盟与土耳其达成互换协议，基本切断了难民从土耳其进入欧洲的路线，迫使难民选择更危险的从北非前往意大利的偷渡路线。 法德借一战纪念活动呼吁欧盟团结 29号，是第一次世界大战中“凡尔登”战役一百周年的纪念日，德国与法国对峙的凡尔登战役是一战中破坏性最大、时间最长的战役。当天法德领导人共同出席了纪念仪式，并呼吁欧盟国家吸取历史教训，避免对立，加强合作。德国总理默克尔说，当前难民危机、英国脱欧呼声不断等问题导致欧盟内部裂痕加深，欧盟各国应保持沟通和开放，而不是自我封闭。法国总统奥朗德则表示，法德应该承担起保护欧洲安全和维护现有同盟的责任。
20160530,《新闻联播》 20160530 21:00,
