date,title,content
20160715,习近平就法国尼斯恐怖袭击事件向法国总统致慰问电,国家主席习近平15日就法国尼斯恐怖袭击事件向法国总统奥朗德致慰问电，对这一骇人听闻的野蛮行径表示强烈谴责，向不幸遇难者表示深切的哀悼，向伤者和遇难者家属表示诚挚的慰问。 习近平指出，恐怖主义是世界各国人民面临的共同威胁。中方坚决反对一切形式的恐怖主义，坚定支持法国政府维护国家安全，愿同法方深化反恐合作，共同维护中法两国和世界安全和平。
20160715,李克强就法国尼斯恐怖袭击事件向法国总理致慰问电,国务院总理李克强15日就法国尼斯发生恐怖袭击向法国总理瓦尔斯致慰问电，对袭击事件表示强烈愤慨和谴责，对遇难者表示沉痛哀悼，对遇难者家属表示诚挚慰问。 李克强表示，中国政府和人民对法方的遭遇感同身受，同法国人民坚定地站在一起，愿同法国和国际社会一道，加强反恐国际合作，捍卫正义和世界和平安宁。
20160715,法国尼斯发生恐怖袭击事件,当地时间14号晚，法国南部旅游城市尼斯发生恐怖袭击事件。当晚22点30分左右，大量民众正在沿海的英国人大道上欣赏国庆日烟花表演，一辆卡车突然冲入人群，车上的司机同时向人群开枪扫射，卡车在人群中连续行驶了约两公里。袭击造成至少84人死亡，另有数十人受伤。 卡车司机随后被警察击毙，警方从车上发现嫌犯的身份证。媒体报道，嫌疑男子31岁，为突尼斯裔法国公民。目前尚未有组织宣布对袭击负责。 法国总统奥朗德15号凌晨发表讲话，强调面对恐怖主义，法国决不退缩。他说，法国将继续保持最高警戒水平，同时将原定7月底结束的全国紧急状态延长3个月。 法国全国15号降半旗哀悼遇难者。 事件发生后，中国外交部立即启动应急响应机制。中国驻法国马赛总领馆表示，有两名中国公民受伤，领馆方面与尼斯警方保持密切联系，领馆人员已前往尼斯处理相关事宜。
20160715,李克强出席第十一届亚欧首脑会议并发言,当地时间15日上午，国务院总理李克强在乌兰巴托出席第十一届亚欧首脑会议，并作引导性发言。 李克强首先对在法国尼斯袭击事件中遇害人员表示哀悼，对伤者和遇害者家属表示慰问。 李克强就亚欧合作提出三点建议： 一是创新亚欧合作理念。树立命运共同体意识，强化责任共担意识。深化团结协作意识，共同维护战后国际秩序，摒弃冷战思维和零和博弈，中国一贯坚持国家不论大小、贫富、强弱，都要遵法守则，反对曲解国际法，反对双重标准，应遵守地区达成的规则，以和平方式、政治手段解决分歧争端，而不是挑起冲突和对抗。 二是增添亚欧合作动力。把亚欧合作引到更加务实的方向，特别是加强经贸合作。加快建设开放包容的亚欧大市场，提升贸易投资自由化、便利化水平。 三是夯实亚欧合作人文基础。加强不同文明之间的对话，扩大教育、科技、文化、旅游、青年及创业等领域的交流。 李克强指出，今年上半年，面对诸多国内外挑战，中国经济平稳运行，经济结构转型升级加快，新经济活力四射，新业态快速成长，发展新动能加快积蓄。尽管经济下行压力还在持续，但中国作为世界最大的发展中国家，经济发展潜力大、优势足、空间广。中国将坚定不移推进改革开放，深入推进结构性改革尤其是供给侧结构性改革。我们有信心有能力实现今年发展的主要预期目标任务，使经济保持中高速增长、迈向中高端水平，为促进亚欧经济发展、为维护亚欧和平稳定贡献中国力量。
20160715,李克强会见拉脱维亚总统、越南总理、老挝总理和柬埔寨首相,国务院总理李克强14至15日在乌兰巴托会见了拉脱维亚总统韦约尼斯、越南总理阮春福、老挝总理通伦和柬埔寨首相洪森。 在会见韦约尼斯时，李克强表示，拉脱维亚是中国在波罗的海地区的好朋友和欧盟内的好伙伴，中方愿同拉方对接发展战略，推进交通物流、基础设施建设等领域合作；支持拉脱维亚年内主办第五次中国－中东欧国家领导人会晤，推动“16+1合作”走深走实。 韦约尼斯表示，希进一步同中国加强交通物流、贸易投资、农业等领域合作。期待李总理年内访拉并出席“16+1”合作领导人会晤。 在会见阮春福时，李克强表示，中越关系呈现积极发展势头，海上、陆上、金融合作三线并举取得初步成果。中方愿同越方对接发展战略，扎实推进产能合作，加快完成北部湾湾口外海域共同考察后续工作。 阮春福表示，越方愿继续保持两国高层交往，推动各领域合作平衡健康发展。越方尊重中方关于菲律宾南海仲裁案的立场，愿妥善管控分歧，为本地区和平稳定作出贡献。 在谈及南海问题时，李克强指出，中方不承认、不接受菲律宾南海仲裁案的立场是明确的。要在尊重历史事实基础上，依据国际法和《南海各方行为宣言》，由当事方通过双边对话谈判妥善处理有关争议。希望越方从中越关系大局出发，共同维护好南海地区的和平稳定。 在会见通伦时，李克强表示，中老传统友好历久弥坚。中方愿进一步丰富中老全面战略合作伙伴关系内涵。积极推进中老铁路项目全面施工，加强产能和投资合作，打造示范项目，共同推进中国-东盟合作，造福两国和地区人民。 通伦希望双方进一步密切高层交往，加强发展战略对接，争取老中铁路项目年内全面施工。老方将办好东盟-中国建立对话关系25周年纪念活动。 李克强阐述了中方在菲律宾南海仲裁案上的原则立场。通伦表示老方支持中方立场，愿共同维护南海地区和平稳定。 在会见洪森时，李克强表示，中柬友谊源远流长，在涉及彼此重大关切问题上秉持公道，相互支持。希望双方着眼于改善柬埔寨的民生，积极推进产能与投资等各领域合作。增进两国人民特别是青年一代的友好往来，让中柬友好世代相传。 洪森表示，柬中肝胆相照，愿全力推动柬中友好合作关系向前发展。 李克强表示，在所谓菲律宾南海仲裁案问题上，柬方秉持客观公正立场，仗义执言，捍卫了真正的国际法治和地区规则秩序，为维护中国-东盟关系大局和地区和平稳定发挥了重要作用。中方将继续致力于同直接当事国通过谈判协商解决争议，同东盟国家一道维护南海地区和平稳定。 洪森表示，柬方将继续坚持客观公正立场，支持直接当事国通过对话协商解决具体争议。致力于维护东盟与中国友好合作的大局。
20160715,张德江会见巴基斯坦国民议会副议长,全国人大常委会委员长张德江15日在人民大会堂会见了巴基斯坦国民议会副议长阿巴希。 张德江说，去年4月，习近平主席对巴进行国事访问，双方宣布将两国关系提升为全天候战略合作伙伴关系。中方愿与巴方携手，不断巩固政治互信，扎实推进中巴经济走廊建设，加强反恐安全合作，筑牢中巴友好的民意基础，打造中巴命运共同体。中方感谢巴方在南海问题上给予中方的坚定支持。中国全国人大愿与巴基斯坦国民议会加强治国理政经验交流，为各领域务实合作创造良好的法律和社会环境。 阿巴希说，巴中友好深入人心。加强对华合作是巴方各阶层的共识。巴方将一如既往坚持一个中国政策，在南海等涉及中国核心利益的重大问题上坚定支持中方。 吉炳轩参加会见。
20160715,中央党校举行2016年春季学期毕业典礼 刘云山出席并为学员颁发毕业证书,中共中央党校15日举行2016年春季学期毕业典礼。中共中央政治局常委、中央党校校长刘云山出席毕业典礼，并为学员颁发毕业证书。 中央党校本期毕业学员1003人。毕业典礼上，7位毕业学员代表作了发言。学员们普遍反映，通过党校学习培训，进一步提高了思想认识，提升了理论水平；进一步提高了党性修养，坚定了理想信念，强化了纪律和规矩意识；进一步拓展了战略视野，提高了思维能力；进一步增强了改革意识，提升了领导能力。大家表示，要认真学习习近平总书记“七一”重要讲话，不忘初心、继续前进，牢记全心全意为人民服务宗旨，积极投身“两学一做”学习教育，永不停步持续改进作风，在增强“四个意识”上作表率，在贯彻落实党中央治国理政新理念、新思想、新战略上当先锋。 赵乐际、赵洪祝出席毕业典礼。
20160715,杨洁篪就南海仲裁案仲裁庭作出所谓裁决接受中央媒体采访,7月14日，国务委员杨洁篪就南海仲裁案仲裁庭作出所谓裁决接受中央媒体采访，全面阐述中方有关立场主张。 杨洁篪表示，南海仲裁案仲裁庭所谓裁决完全是非法的、无效的。中国政府表明了坚决反对和不接受、不承认严正立场。中国社会各界和广大民众坚决拥护和支持中央政府的立场。 杨洁篪指出，南海仲裁案由始至终就是一场披着法律外衣的政治闹剧，其背后有着不可告人的图谋。某些域外国家妄图借仲裁案否定中国的南海主权权益，甚至要在国际社会孤立、抹黑中国，牵制中国的和平发展，但他们是竹篮打水一场空，目前有70多个国家和国际、地区组织发表声明，对中国的立场表示理解和支持，这足以说明某些国家围堵、抹黑中国的阴谋失败了。 杨洁篪强调，主权问题是中国的底线。中国虽大，但老祖宗留下来的基业一寸都不能丢。仲裁裁决抹杀不了历史事实，否定不了中国在南海的权益主张，更动摇不了我们维护领土主权和海洋权益的决心和意志。仲裁庭任意扩大管辖权，完全无视南海的历史和现实，曲解《公约》有关规定，从一开始就把《公约》这本经念歪了，其越权、扩权作出的非法裁决自然非法无效。仲裁庭代表不了国际法，更代表不了国际公平和正义。 杨洁篪强调，历史不容篡改，法律不容滥用。中国在南海的主权、权利及相关主张是在中国人民千百年来的历史实践中逐渐形成和不断发展起来的，并且一直为历届中国政府所坚持。早在1948年，中国政府就在公开发行的官方地图上标绘了南海断续线，确认了中国对南海诸岛及其附近海域的主权和相关海洋权益。中国在南海权益主张远早于《公约》签署的时代，它不可能被《公约》所否定，更不可能被一纸谬误百出的所谓裁决所否定。中国在南海的主权和海洋权益受到国际法和《公约》的双重保护。 杨洁篪表示，南海是中国人民的祖宗海，是吾祖吾宗用智慧和生命开拓出来的基业。任何外国不要指望我们吞下损害我国主权、安全和发展利益的苦果。中国政府和人民将继续团结一心，众志成城，以实实在在的行动坚定捍卫属于我们的每一寸领土、每一片海域。 杨洁篪指出，仲裁的本质是某些国家假国际法之公名，谋取其私欲的闹剧，也是域外国家插手南海问题的一个典型反面案例。仲裁案丝毫不会动摇中国走和平发展道路的决心。中国坚持通过谈判协商解决有关领土和海洋划界问题，坚定捍卫周边地区和平与稳定。希望菲律宾新政府从中菲共同利益和两国关系大局出发，妥善处理有关问题。
20160715,“南海白皮书”：南海诸岛是中国固有领土,国新办日前发布《中国坚持通过谈判解决中国与菲律宾在南海的有关争议》白皮书。专家指出，白皮书有理有据，有效阐明了南海诸岛是中国的固有领土。 白皮书指出，早在公元前2世纪的西汉时期，中国人民就在南海航行，并在长期实践中发现了南海诸岛。 中国历史古籍，记载了中国人民在南海的活动情况，还以很多生动形象的名称为南海诸岛命名。比如“涨海”就是中国古人对于南海最早的称谓，而“崎头”指的就是南海的岛礁和浅滩。 中国也是最早开始并持续对南海诸岛及相关海上活动进行管理的国家。例如，宋代曾公亮在《武经总要》中提到中国为加强南海海防，设立巡海水师，巡视南海。 白皮书说，新中国成立后，多次重申并采取立法、行政设治、外交交涉等措施进一步维护对南海诸岛的主权和在南海的相关权益，中国对南海诸岛及相关海域的巡逻执法、资源开发和科学考察等活动从未中断过。 2012年6月，国务院批准设立三沙市，管辖西沙群岛、中沙群岛、南沙群岛的岛礁及其海域。 然而，自20世纪70年代起，菲律宾先后以武力侵占中国南沙群岛部分岛礁，并提出非法领土要求。
20160715,深圳“12·20”特别重大滑坡事故调查报告公布,国务院日前批复了广东深圳光明新区渣土受纳场“12·20”特别重大滑坡事故调查报告。经国务院调查组认定，广东深圳光明新区渣土受纳场“12·20”滑坡事故是一起特别重大生产安全责任事故。 2015年12月20日，位于深圳市光明新区的红坳渣土受纳场发生滑坡事故，造成73人死亡、4人下落不明、17人受伤，直接经济损失8.81亿元。 调查组查明，事故直接原因是：红坳受纳场没有建设有效的导排水系统，受纳场内积水未能导出排泄，致使堆填的渣土含水过饱和，形成底部软弱滑动带；严重超量超高堆填加载，下滑推力逐渐增大、稳定性降低，导致渣土失稳滑出，体积庞大的高势能滑坡体形成巨大的冲击力，加之事发前险情处置错误，造成重大人员伤亡和财产损失。 调查认定，深圳市绿威公司为红坳受纳场运营服务项目的中标企业，违法将全部运营服务项目整体转包给深圳市益相龙公司。深圳市益相龙公司违法违规开展红坳受纳场运营；无视受纳场安全风险，对事故征兆和险情处置错误。两家公司和实际参与运营者都是事故责任主体。 调查同时认定，深圳市和光明新区党委政府未认真贯彻执行党和国家有关安全生产政策方针和法律法规，违法违规推动渣土受纳场建设，对有关部门存在的问题失察失管；公安、检察机关对53名企业人员和涉嫌职务犯罪人员依法立案侦查并采取刑事强制措施。 调查组另对57名责任人员提出了党纪政纪处理意见。建议对深圳市委市政府2名现任负责人和1名原负责人等49名责任人员给予党纪政纪处分，其中厅局级11人、县处级27人、科级及以下11人；建议对深圳市委、市政府主要负责人等2名责任人员进行通报批评，对深圳市有关部门的6名责任人员进行诫勉谈话。建议责成广东省政府向国务院作出深刻检查，责成深圳市委、市政府向广东省委、省政府作出深刻检查。
20160715,上半年经济总体平稳 稳中有进,国家统计局今天公布上半年宏观经济主要指标，数据显示，今年上半年，经济平稳增长，经济结构进一步优化。 首先是增速稳，上半年国内生产总值340637亿元，同比增长6.7%，其中，二季度增速与一季度持平。 就业稳，上半年，城镇新增就业岗位717万，调查失业率为5.2%左右，农村外出务工劳动力增加73万人。 收入和消费稳，上半年，全国居民人均可支配收入11886元，同比实际增长6.5%，外出务工劳动力月均收入3202元，同比增长6.7%。 上半年，供给侧结构性改革和转型升级力度加大。从产业结构上看，第三产业占GDP的比重达到54.1%，比去年同期提高了1.8个百分点。工业中，高新技术产业增长速度达到10.2%，占比12.1%，比去年同期提高0.7个百分点。 从需求结构上看，最终消费支出对经济增长的贡献率是73.4%，比去年同期提高了13.2个百分点，内需对中国经济稳定增长的贡献正在提升。
20160715,中国标准动车组完成420公里会车试验,今天上午11点20分，两列中国标准动车组“金凤凰”和“蓝海豚”以超过420公里的时速在即将投入运营的郑徐高铁线上交会而过，相对速度超过840公里，交会全程不到两秒。 这是拟运营高铁动车组列车世界上首次实现时速420公里交会和重联运行，标志着我国已全面掌握高速铁路核心技术，中国高铁总体技术水平跻身世界先进行列。 由中国铁路总公司牵头组织的此次试验，对于打造中国标准动车组品牌，助力中国高铁“走出去”，具有重要意义。
20160715,“百名红通人员”两嫌犯投案自首,在中央反腐败协调小组国际追逃追赃工作办公室的统筹指导下，经湖北各有关单位的努力，“百名红通人员”34号嫌犯郭廖武今天清晨从澳大利亚回国投案自首。 郭廖武，曾任武汉钢铁集团矿业有限责任公司副总经理，因涉嫌受贿犯罪，于2010年8月逃往国外。 而就在两天前，“百名红通人员”64号嫌犯朱海平也从美国主动投案自首。朱海平，深圳玉威实业公司总经理，曾任中国民航湖北省管理局财务处副处长，涉嫌诈骗犯罪，1998年6月逃往美国。 据了解，朱海平和郭廖武的归案，标志着2015年4月发布的红色通缉令百人名单中，已有三分之一落网。2016年1至6月，我国共从40多个国家和地区追回外逃人员381人，追回赃款12.4亿元。
20160715,国内联播快讯,人民币贷款余额首次突破100万亿元 中国人民银行今天公布，上半年人民币贷款增加7.53万亿元，6月末人民币贷款余额为101.49万亿元，首次突破100万亿元。6月末，广义货币M2余额同比增长11.8%。 新型远洋综合补给舰加入战斗序列 我国自行设计制造的新型远洋综合补给舰洪湖舰、骆马湖舰入列命名仪式，今天在广东湛江举行。洪湖舰、骆马湖舰具备横向、纵向、立体补给功能，可同时对多艘不同类型舰艇进行补给，有较强的远洋综合补给能力和一定的对海、对空防御作战能力。 强降雨持续中央气象台发布蓝色预警 四川盆地到长江中下游一带强降雨持续，中央气象台今晨继续发布暴雨蓝色预警。昨天决口的湖北鄂州车湾港河堤，今天凌晨已被封堵。长江中下游干流和太湖水位持续缓慢回落，但7月中下旬，长江流域还将多雨，防汛形势依然严峻。 “图说我们的价值观”评选结果揭晓 由中国网络电视台主办的“图说我们的价值观”公益广告征集活动评选结果今天正式揭晓，在电视、平面和创意脚本三大奖项的评选中，共有66部作品获奖。活动开展两年来，共征集到2000多件作品，用多种艺术形式宣传推广了社会主义核心价值观。 2016国际学生北京夏令营开营 2016国际学生北京夏令营今天开营，来自美国、德国等22个国家的600多名师生将在十天里，以感受中国为主旨，参加太极拳、国画、制作风筝等课程，了解中国传统文化，也在彼此交流中增进友谊。
20160715,“合作-2016”中俄联合反恐训练结束,14号，“合作－2016”中俄联合反恐训练圆满结束。结束仪式上，中国武警部队“猎鹰突击队”“雪豹突击队”和俄罗斯国民卫队“勇士”特种部队”进行了训练成果汇报。 据介绍，此次反恐训练促进了中国武警部队与俄罗斯国民卫队合作交流，加深了相互了解和信任，提高了双方训练水平和反恐能力建设，为今后联合打击“三股势力”奠定了基础，对提高中俄共同应对国际恐怖主义威胁，维护地区及世界和平、安全与稳定具有重要战略意义。
20160715,国际联播快讯,中国军队工作组看望慰问维和伤员 继三名我驻南苏丹维和士兵伤员转送抵乌干达后，14号，另一名重伤员陈英抵达乌干达接受救治。经初步诊断，陈英伤情平稳，没有生命危险。当天，中国军队工作组看望慰问了伤员。至此，我驻南苏丹维和步兵营5名伤员均获妥善救治。 广西左江花山岩画申遗成功 中国广西左江花山岩画艺术文化景观15日在伊斯坦布尔举行的第40届联合国教科文组织世界遗产委员会会议上获准列入世界文化遗产名录。大会将在17号对湖北神农架申请自然遗产进行审议。 花山岩画地处广西崇左市左江流域，与其依存的山体、河流、台地共同构成壮丽的左江花山岩画文化景观。岩画绘制年代可追溯到战国至东汉时期，已有2000多年历史，其地点分布之广、作画难度之大、画面之雄伟壮观，为国内外罕见。 德美要求英“脱欧”谈判快速有序展开 14号，德国财政部长朔伊布勒和美国财政部长雅各布·卢在柏林会谈后，要求快速和有序地开展英国“脱欧”谈判。朔伊布勒说，英国“脱欧”谈判必须以有序的方式来完成，以便减小对英国、欧洲其他国家和世界经济的负面影响。 两国财长认为，尽管在英国“脱欧”公投后英镑和全球股市一度暴跌，但目前国际金融市场各项指标均在修复。
20160715,暴风雨袭击日本部分地区,猛烈的暴风雨14号袭击了日本部分地区。此前，日本气象厅已经做出预报，并宣布可能引发洪灾。据当地媒体报道，日本崎玉县的降雨量已经达到70毫米。 日本九州中北部多地从6月20号起普降暴雨，引发山体滑坡、河流泛滥等灾害。日本气象厅已提醒当地10多万居民疏散避难。
