date,title,content
20161123,习近平抵达圣地亚哥对智利共和国进行国事访问,当地时间22日，国家主席习近平抵达圣地亚哥，对智利共和国进行国事访问。 下午2时20分许，习近平乘坐的专机抵达圣地亚哥国际机场。习近平和夫人彭丽媛步出舱门，智利外长穆尼奥斯等在舷梯旁迎接。礼兵分列红地毯两侧。 习近平向智利人民致以诚挚问候和良好祝愿。习近平指出，智利是拉美重要国家。作为第一个同新中国建交的南美国家，智利在发展对华关系方面创造了多项“第一”。建交46年来，两国政治互信不断深化，各领域交流合作成果丰硕。当前，中智两国合作面临更加广阔的发展前景。我这次访问的目的是增进传统友谊、深化互利合作、促进共同发展。我期待着在这次访问期间，同智利领导人共同描绘中智关系未来发展蓝图。相信这次访问一定能够推动中智关系迈上新台阶，为两国人民带来更多福祉。 王沪宁、栗战书、杨洁篪等陪同人员同机抵达。 中国驻智利大使李宝荣也到机场迎接。 习近平是在结束出席在利马举行的亚太经合组织第二十四次领导人非正式会议并对秘鲁进行国事访问后抵达智利的。 离开秘鲁时，秘鲁总统库琴斯基亲自到机场为习近平和夫人送行。习近平检阅仪仗队。礼兵沿红地毯站立。两国元首在舷梯旁亲切话别。
20161123,习近平出席智利总统举行的欢迎仪式,军乐队奏中智两国国歌。在巴切莱特陪同下，习近平检阅陆军仪仗队。习近平向巴切莱特介绍中方陪同人员。巴切莱特向习近平介绍智方主要官员。习近平在巴切莱特陪同下检阅总统卫队。
20161123,习近平同智利总统举行会谈 两国元首一致决定建立中智全面战略伙伴关系 开启双边关系发展新阶段,欢迎仪式后，习近平主席同巴切莱特总统举行会谈。两国元首积极评价中智关系发展，一致决定将两国关系定位提升为中智全面战略伙伴关系，推动中智关系得到更大发展。 习近平指出，拉美有句谚语“真正的朋友能够从世界的另一头触及到你的心灵”。中国和智利正是这样的好朋友。两国虽然相隔万里，但彼此心心相通，在中拉关系史上创造了多项“第一”。双方政治上高度互信，经济上互利共赢，多边协作日益密切，中智关系已经进入成熟、稳定的新阶段。中智两国都处在发展的关键阶段，都在致力于通过深化改革推动发展。站在中智关系新起点上，我们要积极进取，使中智关系继续走在中拉关系前列。 习近平强调，中方愿同智方加强对两国关系的顶层设计，完善自由贸易区建设，扩大投资合作，加强科技创新合作，厚植民意土壤，提升战略协作。中方支持中国企业参与智利基础设施、清洁能源等领域建设。扩大两国旅游合作有助于增进两国人文交流。中智双方应该加强在多边机构中的沟通和协调。 巴切莱特表示，热烈欢迎习近平主席访问智利。习主席此访将密切智中友好，增进双方政治对话和经贸联系。智方愿以两国建立全面战略伙伴关系为契机，深化同中方各领域合作，并拓展新的合作领域。智中自贸协定升级将有力扩大双方经贸合作，智利欢迎中国企业加大对智利投资，并愿尽快加入亚洲基础设施投资银行。智方愿同中方密切在国际事务中的协调和合作。 两国元首一致决定将中智关系提升为全面战略伙伴关系，掀开中智关系新的一页，促进两国互利友好合作长远发展，更好造福两国人民。 双方同意加强高层交往，密切两国政府部门、立法机关、政党、地方等各领域、各层级交流，坚定支持对方自主选择符合本国国情的发展道路，继续在涉及彼此利益的重大问题上相互坚定支持。 双方同意发挥2015年签署的《中华人民共和国政府与智利共和国政府共同行动计划》对两国各领域中长期交流合作的指导作用，有效利用各项双边合作机制，尽早开始自由贸易协定升级谈判，深化双边经贸关系。 双方同意加强发展战略对接，拓展矿业、农业、制造业、信息通信、基础设施建设、金融、清洁能源、中小企业等领域合作，促进产业融合，实现优势互补和互利共赢。 双方同意以中拉文化交流年和“智利周”成功举行为契机，扩大文化、教育、南极科考、天文观测、防震减灾等领域交流合作，推动中国文化中心尽早落户智利，扩大人员往来和旅游合作。 双方同意就全球经济治理、气候变化、海洋保护、落实2030年可持续发展议程等重大全球性议题保持密切协调，深化平等互利、共同发展的中拉全面合作伙伴关系，加强中国同太平洋联盟对话合作，携手推动亚太自由贸易区建设，加强地区互联互通，建设开放型经济，为世界稳定和繁荣作出更大贡献。 会谈后，两国元首见证了经贸、农业、质检、文化、教育、电子商务、信息通信、金融等领域多项双边合作文件的签署。 两国元首还共同会见了记者。 双方发表了《中华人民共和国和智利共和国关于建立全面战略伙伴关系的联合声明》。 当天，习近平向智利解放者奥希金斯纪念碑敬献花圈。 王沪宁、栗战书、杨洁篪等出席上述活动。
20161123,习近平出席中拉媒体领袖峰会开幕式,国家主席习近平22日在圣地亚哥联合国拉丁美洲和加勒比经济委员会总部出席中拉媒体领袖峰会开幕式。智利总统巴切莱特陪同出席。 习近平抵达时，受到巴切莱特及联合国拉丁美洲和加勒比经济委员会执行秘书巴尔塞纳等热情迎接。巴尔塞纳欢迎习近平到访联合国拉丁美洲和加勒比经济委员会并出席中拉媒体领袖峰会开幕式。 在热烈的掌声中，习近平发表题为《开创中拉媒体合作新局面》的致辞。 习近平强调，首届中拉媒体领袖峰会正式举办，是中拉媒体交往史上的一次创举，也是一大盛事。“声同则处异而相应，德合则未见而相亲”。媒体交流是中拉关系的重要组成部分。中拉媒体在继承和发展中拉人民友谊方面大有作为。 习近平就深化中拉媒体合作提出三项主张。一要相互借力，携手提升中拉媒体影响力，向世界展示更加真实鲜活的中国和拉美，在世界和平与发展等重大问题上共同发出声音。二要坚定信念，共同助力中拉务实合作实现新发展，提升双方合作热情和信心，推广富有创新精神的合作模式。三要互学互鉴，推动中拉媒体交流合作再上新台阶。中方已经宣布将设立中拉新闻交流中心，邀请拉美部分媒体记者赴华工作学习。同时，未来5年，中方还将为拉美和加勒比国家培训500名媒体从业人员，实现双方媒体事业共同繁荣。 习近平指出，联合国拉丁美洲和加勒比经济委员会在促进中拉合作方面发挥着重要作用。希望经济委员会推动双方发展战略对接，为中拉关系发展作出新贡献。 王沪宁、栗战书、杨洁篪等出席。
20161123,习近平在智利媒体发表署名文章,11月22日，在对智利共和国进行国事访问之际，国家主席习近平在智利《信使报》发表题为《共同开创中国和智利关系更加美好的未来》的署名文章。 习近平指出，中智分处地球两端，相距遥远，但两国人民交往源远流长，结下了不解之缘。中智两国人民素有相知相亲、守望相助、敢为人先的传统。两国关系创造了多项“第一”。46年前，阿连德总统在南美国家中第一个决定同新中国建立外交关系，开启了中智关系新篇章。智利是第一个就中国加入世界贸易组织同中方签署双边协议、第一个承认中国完全市场经济地位、第一个同中国签署双边自由贸易协定的拉美国家。在两国历届政府和社会各界共同努力下，中智关系枝繁叶茂、硕果累累。 习近平强调，中智关系之所以能够长期稳定发展，是因为双方坚持平等相待、互尊互信，是因为双方坚持优势互补、互利共赢，更是因为双方坚持与时俱进、开拓进取，推动两国关系迈向一个又一个新高度。当前，中智两国都处在发展的关键阶段，面临相似的机遇和挑战。我们要坚持相互尊重，筑牢政治基础。我们要加强战略对接，促进共同发展。我们要扩大人文交流，巩固传统友谊。我们要加强战略协作，维护共同利益。中方愿同智方一道，开创中智关系更加美好的未来，推动中拉全面合作伙伴关系得到更大发展，构建携手共进的命运共同体。
20161123,李克强在上海自贸试验区考察时强调 打造改革创新开放的新标杆 激发更大活力 拓展发展空间,21日至22日，中共中央政治局常委、国务院总理李克强连续第四年来到上海自由贸易试验区，考察自贸区建设取得的新进展。 李克强来到浦东新区市场监管局，听取这里创新监管体制，实施工商、质量、食品药品和价格等“四合一”综合执法监管情况介绍，了解对各部门行政审批开展网上督查的制度设计和效果。李克强还通过“双随机一公开”系统下达指令，对随机抽取检查对象和检查人员进行检验。他说，改革不是简单的监管职能合并，而是强化净化市场的功能，催生市场活力。这既靠人，更靠体制的力量。在公共诉求处置信息平台，李克强对他们及时回应和处置群众投诉、维护市场秩序予以肯定。他说，有力有效的监管不仅为简政放权创造条件，也为优化政府服务搭建平台，降低制度性交易成本，促进更多企业诞生和成长，进一步解放人的创造力和生产力。希望继续探索，创造更多经验。 在通用电气中国科技园，李克强与创客团队互动交流，了解创新技术和产品，询问创新组织方式和运营模式。听到介绍企业通过开展大众创业、万众创新，为各方客户提供问题解决方案，建立了美国之外首个数字创新中心，李克强说，大企业开展“双创”是适应新技术革命和新模式变革形势的需要，也是发挥自身优势、实现发展升级的必然选择。你们持续投资中国的行动表明，中国仍是外资最佳投资地，不仅有巨大市场，更有人才资源富矿，把亿万人才的想象力和创造力聚集起来，会创造出无限的发展空间。中国扩大开放、吸引外资的政策不会变，将创造更加良好的投资经营环境，欢迎更多外商到中国投资兴业，实现互利共赢。 李克强考察了上海电子口岸建设运营情况，得知通过整合部门职能，打造国际贸易单一窗口，使企业通关效率提升几十倍，李克强说，当前世界经济复苏乏力，要全方位加强经贸合作，扭转国际贸易增长放缓态势，必须大力推动贸易投资便利化自由化。他叮嘱要继续有力推动改革开放，把上海取得的经验推广到全国。适应转变政府职能要求，借鉴国际先进做法，提升综合管理能力，培育竞争新优势，打造外贸新亮点。 李克强还全面听取了上海自贸试验区改革、开放、创新情况汇报，充分肯定上海经济社会发展取得的成就。希望上海认真学习贯彻习近平总书记系列重要讲话精神，勇啃改革硬骨头，挺立创新最前沿，深耕国际大市场，在国家发展大局中更好发挥引领示范作用。 韩正、杨晶陪同考察。
20161123,中国西藏文化保护与发展协会第三届会员代表大会召开 俞正声会见与会代表,中国西藏文化保护与发展协会第三届会员代表大会23日在北京召开。中共中央政治局常委、全国政协主席俞正声会见全体会议代表并发表讲话。 俞正声指出，西藏文化是中华文化的重要组成部分。西藏文化保护与发展协会成立以来认真贯彻党和国家关于西藏工作的方针政策，在保护和发展西藏文化、促进各民族交往交流交融、参与国际交流与合作等方面，发挥了重要作用，取得了显著成绩。 俞正声强调，党的十八大以来，以习近平同志为核心的党中央高度重视西藏工作，提出了“治国必治边、治边先稳藏”的战略思想，确定了“依法治藏、富民兴藏、长期建藏、凝聚人心、夯实基础”的重要原则，为做好西藏各项工作指明了方向。协会各位理事要认真学习领会中央的方针政策，体现特色、发挥优势，积极为西藏工作大局服务。要坚决维护祖国统一，加强民族团结，从不同方面为促进中华民族大团结作出应有贡献。要加强西藏对外宣传，进一步加大“请进来、走出去”力度，让更多的人到西藏实地走一走、看一看，用事实、数字说话，使国内外更多的人了解一个客观真实的西藏。要充分发挥协会理事社会联系广、影响力大的优势，广泛动员民间和社会力量，为西藏的经济发展、民生改善、文化繁荣献计出力。 孙春兰参加会见。 大会总结回顾了二届理事会成立6年来的工作，审议并通过了理事会工作报告，推举产生了新一届理事会领导成员。全国政协副主席帕巴拉·格列朗杰当选中国西藏文化保护与发展协会第三届会长。
20161123,俞正声会见台湾民意代表交流参访团,中共中央政治局常委、全国政协主席俞正声23日在北京会见了饶颖奇率领的台湾民意代表交流参访团一行。 俞正声说，此次是第13次政协委员与台湾民意代表互访，双方为推动两岸交流合作、促进两岸关系和平发展，积极出谋划策、凝聚共识，取得了很好的成效。 俞正声指出，当前台湾执政当局拒不承认“九二共识”，不认同两岸同属一中，使两岸关系发展面临严峻挑战。他强调要坚持体现一个中国原则的“九二共识”政治基础，坚决反对“台独”分裂势力及其活动；扩大两岸同胞交流往来，增进两岸同胞共同福祉；两岸同胞应携手奋斗，共同致力中华民族伟大复兴。希望继续深化政协委员与民意代表交流机制，厚植两岸关系和平发展的民意基础。 张庆黎、李海峰参加会见。
20161123,俞正声会见俄罗斯国防部长,全国政协主席俞正声23日在北京会见来访的俄罗斯国防部长绍伊古。 俞正声表示，今年是《中俄睦邻友好合作条约》签署15周年和中俄战略协作伙伴关系建立20周年，在两国元首大力推动下，双边关系处在历史最好时期。中俄发展全面战略协作伙伴关系，不仅惠及两国和两国人民，而且是维护地区乃至世界和平、促进国际公平正义的需要。中方高度重视并支持两军深入开展友好与务实合作，愿与俄方一道，继续加强战略互信，推动各领域交流合作，实现各自发展振兴并共同促进世界和平、稳定和发展。 绍伊古说，俄方将按照两国元首共识，积极推进与中国军队在各领域的交流与合作。 常万全、张庆黎会见时在座。
20161123,天链一号04星成功发射 西昌卫星发射突破百次,11月22日23时24分，我国在西昌卫星发射中心使用长征三号丙运载火箭，成功将天链一号04星送入太空，这是我国第四颗地球同步轨道数据中继卫星，它将与已经发射的三颗天链一号卫星实现全球组网运行，为我国神舟飞船、空间实验室、空间站提供数据中继与测控服务。而完成此次发射的西昌卫星发射中心，自1984年执行第一次发射任务以来，也突破百次发射，创造了成功发射我国第一颗试验通信卫星、第一颗国际商务卫星等中国航天史上多个“第一”。
20161123,联播快讯,上海自贸区新一轮金融改革启动 新一轮上海自贸区金融改革今天推出，启动了自由贸易账户个人服务功能，支持科创企业引进海外高层次人才等多项政策。 中国印尼海上执法部门首次工作会晤 中国海警局与印尼海上安全机构昨天在北京举行首次工作会晤。双方就加强海上执法合作深入交换了意见。 今年下半年以来最强的寒潮仍在继续南下，受这轮寒潮影响，过去一天，我国淮河以南地区出现明显大风降温天气，江苏、安徽等地迎来今冬初雪，江西、湖南、贵州等地的降温幅度超过12℃。 今天上午，黄河内蒙古三湖河口河段出现封河，黄河正式进入2016到2017年度封河期。 韩日签署《军事情报保护协定》 今天上午，韩日正式签署《军事情报保护协定》。根据2014年韩美日3国签署的情报共享协定，有关朝鲜核、导情报可通过美国进行共享。而韩日《军事情报保护协定》签署后，双方不必经过美国便可进行情报共享。 对于与历史观存在问题的安倍政府进行防卫合作，韩国国内反对声强烈。今天在协定签署会场外，就有不少民众举行了抗议活动。在野党方面也批评政府在深陷总统亲信干政风波之际，继续违背民意推进韩日军事合作，不可理喻。 埃及法院撤销穆尔西的终身监禁判决 埃及最高上诉法院22日作出裁定，撤销此前围绕间谍案对前总统穆尔西作出的终身监禁判决，并宣布重审此案。 2015年6月，穆尔西被控涉嫌向巴勒斯坦伊斯兰抵抗运动(哈马斯)、黎巴嫩真主党和伊朗伊斯兰革命卫队移交机密文件，被判处终身监禁。
