date,title,content
20161103,习近平会见马来西亚总理,国家主席习近平3日在钓鱼台国宾馆会见马来西亚总理纳吉布。 习近平指出，中马是隔海相望的近邻。两国建交42年来双边关系得以长足发展，得益于双方坚持相互尊重、彼此信任的相处之道，坚持平等互利、互助共赢的合作方针，坚持密切沟通、互谅互让的合作方式。深化中马睦邻友好合作符合双方根本和长远利益。中方愿同马方一道努力，不断充实两国全面战略伙伴关系内涵，深化各领域务实合作，更好造福两国人民。 习近平强调，中马应该保持经常性高层交往，深化政治互信，牢牢把握中马关系发展主流和大方向，继续在彼此关切的重大问题上相互理解和支持。双方要加强发展战略对接，为深化经贸合作打下坚实基础。中方欢迎马方积极参与“一带一路”合作，愿同马方共同推进21世纪海上丝绸之路建设，深化在基础设施、能源、科技、农业、金融等领域的合作，稳步推进大项目合作，加强地方层面交流与合作，扩大地区互联互通成果。双方要继续深化反恐、打击跨国犯罪等执法安全领域合作，维护本地区和平安宁。双方应该加强教育、文化、医疗、媒体等领域交流合作，进一步增进两国人民的相互理解和友好感情。 纳吉布祝贺中国共产党十八届六中全会成功召开，祝贺中国经济社会发展成就，强调实践证明中方选择的中国特色社会主义发展模式是正确的。纳吉布表示，马中是友好邻居和可信赖的朋友。当前马中互信加深，基于全面战略伙伴关系的多元化合作蓬勃发展，双边关系达到历史最高水平。马方高兴地看到，中方“一带一路”倡议得到广泛响应，取得积极成果，愿同中方加强“一带一路”框架下经贸投资、交通运输、港口建设等合作，密切人文交流。马方致力于推进中国-东盟关系。 王勇等参加会见。
20161103,新华社播发长篇通讯《踏上全面从严治党新征程——〈关于新形势下党内政治生活的若干准则〉和〈中国共产党党内监督条例〉诞生记》,华社今天播发长篇通讯《踏上全面从严治党新征程——〈关于新形势下党内政治生活的若干准则〉和〈中国共产党党内监督条例〉诞生记》。 文章详实记述了党的十八届六中全会审议通过《关于新形势下党内政治生活的若干准则》和《中国共产党党内监督条例》的全过程，系统阐述了《准则》和《条例》的主题主线和鲜明特点，深刻揭示了全面从严治党的时代背景和历史意义。 党的十八大以来，以习近平同志为核心的党中央带领全党全军全国各族人民，开创了中国特色社会主义伟大事业新局面，在改革发展稳定、内政外交国防、治党治国治军等方面取得了一系列具有重大现实意义和深远历史意义的成就，实现了党和国家事业继往开来。 党的十八大以来，以习近平同志为核心的党中央身体力行、率先垂范，坚定推进全面从严治党，坚持思想建党和制度治党紧密结合，集中整饬党风，严厉惩治腐败，净化党内政治生态，党内政治生活展现新气象，赢得了党心民心。 在这个波澜壮阔的进程中，习近平总书记作为党的领袖，显示了高超的政治智慧、卓越的领导能力、深厚的为民情怀，在全党全军全国各族人民中享有崇高威望，受到衷心爱戴和拥护。明确习近平总书记的核心地位，水到渠成，顺理成章，名副其实。 文章指出，《准则》和《条例》的起草工作是在以习近平同志为核心的党中央直接领导下进行的。习近平总书记亲自担任文件起草组组长，主持召开4次起草组全体会议、4次中央政治局常委会会议、2次中央政治局会议，为文件起草把脉定向。文件起草过程中，党中央对两个文件广泛征求党内外各方意见。整个起草过程是一次充分发扬民主、贯彻民主集中制的生动实践。 文章系统介绍了《准则》和《条例》的主要特点。指出，《准则》和《条例》坚持继承和创新有机统一，坚持以党章为根本依据，坚持抓要害、出实招，坚持约束与激励相结合，突出领导干部特别是高级干部这个“关键少数”和“关键少数中的关键少数”，以严的要求、严的标准、严的措施，展现出以习近平同志为核心的党中央创造性管党治党的智慧和魄力。 文章强调，全党同志要认真学习领会、坚决贯彻落实全会精神，进一步增强“四个意识”特别是核心意识、看齐意识，更加紧密地团结在以习近平同志为核心的党中央周围，扎扎实实把党中央各项决策部署落到实处，以优异成绩迎接党的十九大召开，以更加昂扬向上的姿态为实现“两个一百年”奋斗目标、实现中华民族伟大复兴的中国梦而不懈奋斗!
20161103,李克强抵达比什凯克对吉尔吉斯斯坦进行正式访问并出席上海合作组织成员国政府首脑理事会会议,各位观众，这里是吉尔吉斯斯坦首都比什凯克，应吉尔吉斯斯坦总理热恩别科夫的邀请，当地时间11月2号下午国务院总理李克强抵达这里，对吉尔吉斯斯坦进行正式访问，并出席上海合作组织成员国政府总理理事会第15次会议。 专机抵达时，热恩别科夫总理到机场迎接，礼兵沿红地毯两侧列队致敬。吉尔吉斯斯坦青年献上鲜花并请李克强总理品尝传统风味点心。中国驻吉尔吉斯斯坦大使肖清华也到机场迎接。 随后，李克强出席热恩别科夫举行的欢迎仪式。军乐队高奏中吉两国国歌。李克强在热恩别科夫的陪同下检阅了仪仗队。 李克强表示，中吉毗邻而居、山水相连。建交24年来，两国关系始终健康稳定发展。我期待同吉方领导人就深化双边关系和各领域合作深入交换意见，相信双方将抓住机遇，携手共进，谱写中吉友好合作的新篇章。 李克强指出，上合组织成立15周年来，不断发展壮大，为维护地区安全稳定和促进成员国发展繁荣发挥了重要作用。我愿同各位同事一道，就进一步加强利益融合、释放合作潜力达成新的共识，推动成员国安全、经济、人文等各领域交流与合作迈上新台阶，实现上合组织在更高水平上的可持续发展。
20161103,李克强同吉尔吉斯斯坦总理举行会谈时强调 挖掘合作新增长点 促进中吉友好合作新发展,国务院总理李克强当地时间2日下午在比什凯克国宾馆会议中心同吉尔吉斯斯坦总理热恩别科夫举行会谈。 李克强表示，中吉是友好邻邦和战略伙伴。中方支持吉尔吉斯斯坦根据本国国情选择的发展道路和为维护国家独立、主权和领土完整所作的努力，愿将中吉高水平政治互信转化为更多实实在在的合作成果，促进中吉关系与合作持续、健康、全面发展。中方愿将“一带一路”倡议同吉方发展战略相对接，扎实推进产能合作，加强交通等基础设施建设合作，开展农业及农产品深加工合作。双方还应加强信息通信、旅游及人文领域交流合作。希望吉方进一步改善投资环境，为中国企业赴吉投资兴业提供便利条件。 热恩别科夫表示，吉中两国积极落实双方领导人达成的合作共识，推动双边关系发展达到了高水平。吉方愿与中方进一步密切政治对话，开展产能、投资、轻纺、通信、中小企业、农业、水利灌溉、航空运输、应急救灾等领域合作，推进中吉乌铁路、比什凯克公路建设项目。吉方愿加强两国在上合组织等多边机构的沟通合作。 李克强强调，今年8月，中国驻吉使馆遭受暴恐袭击，希望吉方加快事件调查处理并为中方驻吉机构人员安全保障采取必要措施。中方愿同吉方深化安全合作，打击“三股势力”，维护地区安全稳定。 热恩别科夫表示，吉方严厉谴责今年针对中国驻吉使馆的暴恐袭击，将采取一切必要措施，确保中国使馆和人员的安全。吉方将同中方加强安全执法合作，打击“三股势力”。 李克强表示，中方愿同吉方及各方加强沟通协作，开好本次上合组织总理会议。 会谈后，两国总理共同签署发表中吉两国政府联合公报，并见证了双方经济技术、产能等领域多份合作文件的签署。
20161103,李克强会见吉尔吉斯斯坦总统,国务院总理李克强当地时间2日晚在比什凯克总统官邸会见吉尔吉斯斯坦总统阿塔姆巴耶夫。 李克强首先转达国家主席习近平对阿塔姆巴耶夫总统的亲切问候。李克强表示，中吉是山水相连的友好邻邦。今年6月，两国元首在上海合作组织塔什干峰会期间成功会晤。中方愿始终秉持相互尊重、平等相待、互利共赢的原则，同吉方深化政治互信，密切务实合作，增进人文交流，在国际和地区事务上加强协调配合，推动两国关系与合作继续向前发展，更好造福两国人民。 阿塔姆巴耶夫表示，吉中两国都有扩大务实合作的强烈意愿。吉方愿与中方一道，将两国合作共识落到实处，大力加强交通、信息通信、金融等领域合作，坚定不移地把吉中友好合作推向深入。
20161103,张德江将出访越南,应越南共产党中央政治局委员、国会主席阮氏金银邀请，中共中央政治局常委、全国人大常委会委员长张德江将于11月8日至11日率中国党政代表团对越南进行正式友好访问。
20161103,俞正声会见亚美尼亚公众院主席,全国政协主席俞正声3日在北京会见亚美尼亚公众院主席马努基扬。 俞正声说，亚美尼亚是中国在南高加索地区的好朋友和重要合作伙伴，中亚关系在平等互利、相互尊重的基础上健康稳定发展，在涉及彼此核心利益和重大关切问题上相互理解并密切配合。中方愿与亚方一道，继续夯实两国关系的政治基础和民意基础，在互利共赢基础上共同推进“一带一路”建设，提升双边务实合作水平。中国全国政协愿加强与亚美尼亚公众院在治国理政、参政议政方面的合作与交流，深化中国经社理事会和亚公众院的友好往来，为各自国家及双边关系发展发挥建设性作用。 马努基扬表示，亚美尼亚是古丝绸之路的沿线国，亚方高度评价中方“一带一路”建设倡议，愿深化与中方各领域合作。 杜青林参加会见。
20161103,中央组织部发出《通知》要求 认真学习贯彻党的十八届六中全会精神 深入推进“两学一做”学习教育,中央组织部日前印发通知，要求各级党组织把学习贯彻党的十八届六中全会精神，作为当前和今后一个时期的重要政治任务，作为“两学一做”学习教育的头等大事，迅速组织学习，引导各级党组织和广大党员把思想和行动统一到全会精神上来。领导干部要带头学、带头做、带头查、带头改，带动广大党员争做“四讲四有”合格党员。要以贯彻落实全会精神为牵引，扎实做好“两学一做”学习教育各项工作，确保中央部署要求落到实处、见到实效。
20161103,三权分置 我国农村改革重大制度创新,今天，在国务院新闻办公室举行的发布会上，农业部部长韩长赋介绍说，“三权分置”是指农村土地所有权、承包权和经营权分置并行。这项改革是继我国实行家庭联产承包责任制后农村改革又一重大制度创新，涉及亿万农民切身利益。 目前，全国2.3亿农户中，超过30%流转了土地，家庭农场等新型主体成为真正的生产经营者。实行“三权分置”，将会厘清承包农户和新型经营主体在承包地上的权利，有效的避免和化解流转中产生的纠纷，确保农业健康发展和农村社会稳定。
20161103,秋收看农业 结构调整初见成效,提高农业综合效益和竞争力，是当前和今后一个时期我国农业政策改革和完善的主要方向。眼下秋收己近尾声，记者采访时发现，农业种植业结构调整初见成效。 在辽宁，朝阳县波罗赤村村民吴立宁偷着乐了一回，他暗自庆幸多亏今年没种玉米。 在东北玉米曾经是香饽饽，但近几年，玉米库存增加，让吴立宁不是保本就是赔钱。据统计，目前我国玉米供大于求，大豆则每年缺口1000多亿斤。今年，农业部编制了《(2016-2020年)全国种植业结构调整规划》。 今年，种植业结构调整全面展开，有保有压，调减玉米面积、恢复大豆种植、扩大薯类杂粮。农民吴立宁在县里的动员下，种上20亩新型酒用高粱，还和台湾酒企签订了收购合同。 在整个东北，今年玉米面积减少10%以上，大豆传统产区黑龙江大豆面积则增加近1000万亩，增幅超过20%。 按照规划，到2020年，我国将调减普通玉米5000多万亩，而适应消费升级需要的鲜食玉米面积将增加到1500万亩，大豆达到1.4亿亩。我国将加强农业信息发布，引导农民优化种植结构，保障粮食安全，满足消费需求。
20161103,【时代先锋】王刚：维稳前线上的“反恐尖刀”,今天的新闻联播向您介绍一位时代先锋——武警新疆总队某支队支队长王刚。他常年战斗在反恐前沿，带领官兵在与暴恐分子真刀真枪的较量中，舍命出击、屡建奇功，被人们誉为“反恐尖刀”。 在高寒缺氧陌生地域展开这种打破常规的演练，已被王刚设置为支队的常态化训练课目。20多年来，在高山峡谷、大漠深处、戈壁荒野，到处都能看到王刚带领特战队员极限反恐训练的身影。 既要能打仗，更要善于打仗，指挥员的临场决定至关重要。2008年夏，一公路检查站的联防队员正在实施检查时，突然遭到暴恐分子的砍杀。王刚奉命展开围剿。 为避免误伤，上级要求官兵枪支关保险。王刚却临机决定枪支打开保险。特战队员刘志军和暴恐分子最先遭遇，被暴徒戳掉几颗门牙，倒地瞬间他击毙了歹徒。 从军25年，打赢反恐维稳战斗15次，今年王刚荣获了“中国武警十大忠诚卫士”荣誉称号。
20161103,珠海航展：高端装备集中亮相,作为世界五大航展之一，正在进行的珠海航展共有来自42个国家的超过700余家参展商参加，一大批我国自主研制的高端装备集中亮相，成为本次展会的最大亮点。 在航展现场，最引人关注的表演，当属我国新一代隐身战斗机歼-20的亮相。这款隐身战机以双机编队进场，在小范围的空域内完成了多个飞行动作，展现了优秀的空中机动能力。 歼-20战机，是适应未来战场需要，由我国自主研制的新一代隐身战斗机，在国家安全和战略全局中具有举足轻重的地位。 在本届航展上，不同用途、多种型号的先进航空装备集中参展，也展现了我国航空工业体系不断完善，能力不断升级。大型运输机运-20首次进行静态展示，近距离向公众开放。作为一款具有重要战略地位的大型运输机，运-20具有远距离投送战略力量的能力，航程覆盖我国全境，是世界上只有少数几个国家能够研制的重要航空力量。 而在航天装备方面，长征五号大运载火箭、嫦娥五号月球探测器等，都成为被关注的焦点。尤其是今年刚刚公开的我国火星探测器模型，也同样参展，体现着我国航天能力的新跨越。 从低端起步到高端发展，从跟踪模仿到自主创新，大批高端装备的集中亮相，彰显着中国国防科技工业的强劲实力。
20161103,“太空邮局”五周年 首次视频天地通邮,今天是航天员进入天宫二号的第16天，也是中国邮政太空邮局正式成立5周年的日子。航天员景海鹏和陈冬作为太空信使，首次以视频连线的方式向公众展示太空邮局天地通邮。 下午三点，航天员成功在轨接收到9万多封太空信件，此前，已经有40多万封信件扫描电子版被存入芯片，随航天员直接带入太空。这50多万封邮件多出自参加“家书载梦，来自太空的家书”主题活动的全国各地青少年之手，“神舟十一号”返回后，太空邮局将以实物太空信的形式，将信件寄送给收件人。两位航天员还展示了太空邮局的邮品，为信件加盖邮戳，并现场朗读了几封公开信件。
20161103,第十四届长江韬奋奖评选揭晓,中华全国新闻工作者协会主办的第十四届长江韬奋奖评选昨天揭晓。 第十四届长江韬奋奖长江系列10名获奖者是：宁夏日报报业集团王健、云南日报报业集团王雪飞、河南日报报业集团平萍、四川广播电视台刘成安、山西广播电视台许凌云、新疆日报社阿不都许库尔·阿不都克里木、新华社徐江善、光明日报社唐湘岳、江西广播电视台曾佳、经济日报社管斌。 韬奋系列10名获奖者是：工人日报社王金海、解放军报社刘业勇、中央电视台许强、人民日报社杨涌、中国青年报社吴湘韩、浙江广播电视集团张勤、深圳报业集团陈寅、贵州广播电视台陈霞、黑龙江广播电视台金威、中央人民广播电台胡国华。
20161103,国内联播快讯,全国生态保护“十三五”规划纲要发布 《全国生态保护“十三五”规划纲要》日前发布。纲要提出，要全面建立生态空间保障体系，划定生态保护红线，推动建立和完善生态保护红线管控措施和补偿机制。2018年底前，全国所有省、区、市将全面划定生态保护红线。 “护苗2016”收缴非法出版物116余万件 自今年2月开展“护苗2016”专项行动以来，全国共收缴非法少儿类出版物116.22万件，清理淫秽色情有害信息81.34万条，取缔关闭淫秽色情类网站2172个。 江西开展安全生产大检查 江西日前开展安全生产大检查“回头看”专项行动。重点加强改扩建矿井、交通运输企业等的巡查监控和安全监管。目前，已抽查企业112家，查出隐患354处。 中国西部国际博览会今天开幕 第十六届中国西部国际博览会今天在四川成都开幕，本届西博会突出“一带一路”要素，共有27个沿线国家参展。德国担任主宾国，举办了中德经济论坛等活动。 第四届中澳媒体论坛开幕 第四届中澳媒体论坛在成都举行，本届论坛的主题为“媒体在促进中澳关系中的作用：机遇与挑战”。来自中国和澳大利亚的媒体人围绕中澳媒体合作等话题展开深度交流。 世界妈祖文化论坛闭幕 为期三天的世界妈祖文化论坛在福建莆田湄洲岛闭幕。来自19个国家和地区的1300多人参加。妈祖文化是中华文化的重要部分，被联合国教科文组织列入“人类非物质文化遗产代表作名录”。 海关海警联手破获两亿元成品油走私案 青岛海关与山东海警近日成功打掉一个走私成品油的犯罪团伙，抓获犯罪嫌疑人27名。初步查明，2015年底以来犯罪团伙从海上走私成品油至境内销售牟利，涉案成品油4万多吨，案值2.1亿元人民币。
20161103,韩国检方紧急逮捕朴槿惠前核心幕僚,韩国检方2号深夜宣布，已对牵涉韩国总统“好友干政”事件的青瓦台总统府前政策调整首席秘书安钟范实施紧急逮捕。 安钟范2号下午到首尔中央地方检察厅接受传唤调查。他被指控在2014年4月至2016年5月担任青瓦台首席经济秘书期间，帮助崔顺实为筹备两个基金会向大企业强制募集800亿韩元，约合4.7亿元人民币的资金，涉嫌犯有滥用职权等罪名。 韩联社援引韩国检方消息说，安钟范目前对主要指控均予以否认，并在接受传唤前指使核心证人做伪证。出于防止嫌疑人销毁证据的考虑，检方决定紧急逮捕安钟范。此前，“好友干政”事件核心当事人崔顺实也已被检方紧急逮捕。 韩国总统朴槿惠今天提名了青瓦台秘书室室长，青瓦台政务首席秘书两个职务新人选。此前一天，她还提名卢武铉总统时期幕僚金秉准为新总理人选。 然而，韩国在野党多位人士批评说，朴槿惠现在应该做的是深刻反省，更换政府和内阁人选也无助于挽回现在的局面。
20161103,中国新疆文化交流团访问哈萨克斯坦,由国务院新闻办公室组织的中国新疆文化交流团近日访问哈萨克斯坦，与当地政府官员、专家学者、留学生代表等进行了近10场友好交流。代表团与当地官员就反对宗教极端势力、极端思想等问题交流了经验，向当地学者介绍了近年来新疆在经济发展、民生改善、生态保护等方面取得的显著成就。
20161103,摩苏尔收复战持续 伊军四线挺进,2号，伊拉克各武装力量继续在摩苏尔东西南北四条战线与极端组织作战，并缓步向摩苏尔城区推进。当天，伊反恐部队推进至摩苏尔城区最东边的居民区卡尔马，这也是伊联合部队攻入的第一个摩苏尔居民区。在北线，伊安全部队也已推进到距离摩苏尔城区仅数公里的地方。此外，西线的什叶派民兵武装目前已经收复近50个村子。
20161103,国际联播快讯,叙俄将再次在阿勒颇实施人道停火 叙利亚和俄罗斯2号宣布，将在叙北部城市阿勒颇再次实行“人道主义临时停火”，停火时间定于当地时间4号9点至19点。届时人道主义走廊都将向被围困的平民和武装人员开放，允许他们撤离。10月20号至22号，俄军方与叙利亚政府军曾在阿勒颇实行“人道主义停火”，以保障被围困在阿勒颇东部地区的平民和反政府武装人员撤出，但是仅有极少数武装人员撤离。停火结束后，该地区再次陷入冲突。 法国转移加来难民营未成年难民 当地时间2号，法国政府对加来“丛林”难民营中超过1600名“无人陪伴的未成年难民”进行转移，这些难民大多来自阿富汗和苏丹。他们中的数百人将被英国政府接收，剩下的将被转移到法国各地。 法国此前曾呼吁英国“承担义务”，接收更多来自中东的难民。然而，接收儿童难民问题在英国国内已引起不小争议。今年6月，英国公投决定脱离欧盟，从欧盟收回边境控制权、限制难民入境是“脱欧派”的重要诉求。 巴基斯坦两列火车相撞致21人死亡 巴基斯坦南部城市卡拉奇3号早晨发生一起客运火车相撞事故，一列火车从同一方向撞上了另一列停靠在车站内的火车的尾部，事故造成3节车厢完全损毁，2节车厢不同程度受损。目前已经有至少21人在事故中死亡，另有45人受伤。由于多名伤者伤势较重，死亡人数还可能进一步上升。 目前救援工作还在进行中。巴基斯坦军方已派遣重型机械帮助救援。受事故影响，目前卡拉奇所有的火车运营服务均已暂停。 美联储再次维持联邦基金利率不变 美国联邦储备委员会2号宣布将联邦基金利率维持在0.25%至0.5%不变，这是今年以来美联储连续第七次维持联邦基金利率不变，与市场预期相符。 但是，美联储在当天发表的声明中说，今年以来美国通胀率有所回升，分析人士称，这意味着美联储在12月货币政策例会上决定加息的可能性有所加大。
