date,title,content
20160507,【“两学一做”重在实效】,习近平总书记指出，“基层是党的执政之基、力量之源。只有基层党组织坚强有力，党员发挥应有作用，党的根基才能牢固，党才能有战斗力。”“两学一做”学习教育，就是要推动全面从严治党向基层延伸。两学一做，基础在学，关键在做。安徽、云南两地的基层党组织以党建带扶贫、以扶贫促党建。干部脚底有泥，群众心里有底，“两学一做”正成为“精准扶贫”的一个重要推动力。 董绪伦是安徽省金寨县槐树湾乡杨桥村的贫困户，由于85岁的老母亲瘫痪在床，妻子又患上乳腺癌，一家人一直是村里的重点扶贫对象。去年，在村党总支书记詹治干的协调下，董绪伦承包了一口山塘，准备养鱼。 董绪伦没有养鱼的经验，村里不但给他请来了技术人员做指导，还免除了三年的承包费。但让大伙都没想到的是，这块鱼塘却成了董绪伦的一个心病。原来，由于鱼塘抛荒了几年，沉积的淤泥和杂草太多，不但库容不够，而且一发水，鱼苗就会顺水跑掉。要解决这些问题，至少需要花费两万多块钱，董绪伦根本拿不出这么多钱。 像董绪伦这样的贫困户，在金寨县有8.3万人。金寨县要求以“精准扶贫”的成果检验“两学一做”的成效。通过建档立卡回头看等措施，杜绝政策“走在路上”现象，切实解决好“最后一公里”问题。詹治干觉得老董遇到困难，是自己对他的帮扶不到位，在村两委会上做了自我检讨。 前两天，詹治干帮董绪伦提交了申请，争取小型农田水利工程专项资金来修缮山塘。扶贫工作干得好与坏，党员干部合格与否，都得百姓说了算。这让群众有了底气，干部受到监督，“精准扶贫”更见精准。 在“精准扶贫”上发力的还有云南临沧市南美乡的党员干部们。南美乡地处山区，田地都是依山开挖出来的，一个台阶一小块，耕种品种单一、产量低。为了改变这一局面，乡里想启动“小田改大田”工程。没想到，机械刚开到田边，就被村民拦下了。眼看现场陷入僵局，乡党委书记梅建军马上出面解释。 梅建军带领村干部现场对土地进行测量。先前罗友华说的自家要被占5分地是估算出来的，这次测量后，确认被占不足3分地。损失没有预想的多，好处却是明摆着的，这笔账一算，罗友华很快转过弯儿来。 “两学一做”学习教育开展以来，南美乡把党员分成35个学习小组，对贫困户实施挂钩帮扶。 通过党建、扶贫“双促进”，南美乡的脱贫步伐越走越快，农民年人均纯收入从2013年的不足2000元，提高到现在的5084元。借鉴南美乡的做法，临沧市先后派出39400多名干部集中挂钩帮扶贫困村，与71300多户贫困户“结对认亲”。 带着问题学，针对问题改，安徽金寨和云南临沧以“精准扶贫”的成果检验“两学一做”效果，实现党建、扶贫两手抓、双促进。各地的脱贫攻坚情况千差万别，在“两学一做”学习教育中，如何突出问题导向、做出实效，是对广大基层党员干部的基本要求。要找准穷根，拿出实策，用具体行动带领群众脱贫致富，做到以学促做，这样，基层党组织才能成为脱贫一线的核心力量。
20160507,人才引进改革：破除障碍 人畅其流,我国创新国际人才引进政策，采用柔性引进的方式，也就是打破国籍、户籍、地域等人才流动中的刚性制约，不拘一格“引进”人才，从完善引进方式和健全服务平台等多方面推进，确保海外人才引得来、留得住、流得动、用得好。 这几个月，深圳这家企业正在对全国近五千家电影院线进行升级改造，用他们自主研发的激光光源，代替电影院放映机传统使用的灯泡。 这项自主创新的新技术，走在了世界前沿。项目负责人胡飞是2010年从美国硅谷来到深圳，吸引他回国的是深圳实施的“孔雀计划”。深圳市从2010年起每年拿出5个亿实施专门引进高技术人才的 “孔雀计划”，去年又增加到10个亿。只要纳入“孔雀计划”的海外高层次人才，除了享受一定资金的资助外，还帮助解决落户、子女入学等一系列问题。截止到目前，深圳的孔雀计划共引进像胡飞这样的科研团队83个，高端人才1364人。 十八大以来，各地各部门不断完善制度创新，提速配套服务，大规模集聚海外人才。国家“千人计划”突出“高精尖缺”导向，积极拓宽非华裔外国专家申报渠道，已累计引进6000多名专家。《出境入境管理法》及配套法规中专门设立了人才签证类别，今年2月出台的《关于加强外国人永久居留服务管理的意见》让外国专家来华工作更便利。同时，各地也纷纷出台人才居留、社保、户籍、子女教育等便利措施，海外人才引才配套政策正在不断健全。
20160507,【劳动者之歌】杨金安 王阳：执着专注 百炼成钢,今天的《劳动者之歌》让我们一起来认识两位三十年如一日，奋战在生产一线的特级技师。一位是能凭借肉眼，准确测量熔炉里钢水温度的炼钢工人杨金安，另一位是为我国航天飞行器打造精细部件，21年无废品的车工王阳。 中信重工出产的重型装备以“大”著称，大块头的零部件用料多，能耗也多，冶炼车间的设备每运转1分钟就要耗电400度。钢铁冶炼工序中，要进行数次的碳含量和钢水温度的检测，检测过程，机器的空转造成了电量的耗费。而杨金安练就的绝活，就是能够用肉眼判断钢水的温度和含碳量，减少设备的无效运行。 杨金安肉眼判断出的温度和控制室显示的钢炉实际温度1548度相差无几，这项“火眼金睛”的绝活，一年就为企业节约上百万的电费。多年来，老杨养成了一个习惯，就是在工作时，随身带着一个笔记本，记录下钢水颜色的变化、翻滚的尺寸，从而练就了肉眼测温的技艺。工作三十多年，老杨已经积攒了五十多本笔记，成为了同事们学习的宝典。 孜孜不倦、百炼成钢，和杨金安一样，中国航天科工三院车工-----王阳三十年如一日，一个个细小的零件在他手上从图纸变为助推利器。在王阳的手里拿的这两个零件，外观上看起来一模一样，但是一个是合格品，另一个是不合格的。王阳说，它们之间只是在壁厚上有头发丝三分之一粗细的差别，但差之毫厘，谬以千里。 要精确加工这样一个小零件，车工需要在车床上反复练习两三年的时间。正是凭借着专注和严谨的工作作风，王阳创造了连续21年无废品的惊人纪录，为我国载人航天、探月工程等国家重点任务的圆满完成做出了突出贡献。
20160507,【凡人善举】,出门在外，难免会发生一些意外情况。这时候旁边的人如果能够伸出援手，就有可能会化险为夷。接下来我们一起来看两个这样的爱心故事。 4月28号晚上8点多，在四川达州的一辆公交车上，一名身穿白色衬衣的男子上车没不久，就把头斜靠在了右臂上，随后倒了下去。正当周围乘客手足无措的时候，一个穿浅蓝色衬衣的男子上前施救。 傅勇说，自己是一名医生，当时是职业本能让他迅速作出反应。 与此同时，司机也停下车，并与另外两名乘客参与到抢救中。这时，有乘客拨打了120。 四五分钟后，120急救车赶到了现场。经诊断，当时那名乘客是突发高血压，由于抢救及时，已经转危为安。 接下来这段视频发生在北京开往南昌的G487次列车上。5月2号下午3点半左右，一位年轻的妈妈哭着向列车长求助，她两个月大的孩子患有先天性心脏病并感染了肺炎，嘴唇青紫，呼吸困难。 中南大学湘雅一附院的护士苏姗听到列车广播后，立即赶来帮忙，她初步判断婴儿的病症可能是缺氧导致的。上车前家长带了氧气包和成人导氧管，却没有带婴儿导氧管。情急之下，苏姗用导食管剪成一个适合孩子呼吸的导氧管，并将这个管子接入成人导氧管。 经过抢救，婴儿的呼吸顺畅起来。苏姗一直坐在婴儿身边守护。3个小时后，列车抵达南昌，120救护车随即将婴儿送到了江西省儿童医院。
20160507,打击防范电信诈骗：识别常见骗术 远离诈骗陷阱,电信诈骗，让人不胜其害、不堪其扰。遏制这类犯罪，需要打击与防范两手齐上，我们一起来识别几个常见骗术，不给犯罪嫌疑人留下可乘之机。 冒充公检法进行电信诈骗，是所有电信诈骗犯罪中涉案金额最高的一类骗术，在贵州，仅一名受害人就被台湾犯罪嫌疑人通过此类骗术骗走了1.17亿。听一下这段诈骗原声录音，如果接到这类电话，请记住这是电话行骗。 电话中这名自称检察长的犯罪嫌疑人，现已被警方证实是台湾屏东县人，冒充公检法诈骗的主要手法就是恐吓受害者已经卷入了一个重大案件，随时可能被逮捕。 此后，诈骗嫌犯会通过虚假通缉令来增强受害人的恐慌，借此要求受害人接受资产调查，通过网银或者ATM机上转账到指定账户，对整个转账过程，诈骗嫌犯会全程电话遥控。 受害人银行卡内全部存款自此全部落入诈骗嫌犯的手中，警方提示，防范这类诈骗很简单，只要记住公检法人员不会电话通知任何人已经涉案，更不会把通缉令或逮捕令寄到个人手中。 除了电话，短信中也暗藏着陷阱。家住安徽宣城的孙先生接到了这样一条短信，对方直呼他的全名，内容只有简单的一句话“你看看这个”，留在最后的是他的朋友的名字。孙先生出于好奇点击了链接，结果不到半个小时，他的银行卡陆续产生了七条消费记录，合计2400多元。这就是藏有木马病毒的诈骗短信，今年第一季度，感染此类病毒的手机用户达到了780.2万人次，这类短信中最常见的有这样一些幌子： 1、这是上次聚会的照片，好珍贵的留影，你快看看吧。 2、你竟然做出这样的事，实在让人不能原谅！ 3、这是您于某日某月某地交通违法记录，请查看。 4、家长您好，这是本学期学校总结学生各项表现资料，请查收！ 一旦收到这样的短信要马上删除，如果不慎点开，需要尽快对手机进行相应处理。 针对电信诈骗犯罪高发态势，打击治理电信网络新型违法犯罪专项行动在全国范围内展开，公安部在国内七大电信诈骗重点整治地区现已打掉团伙130多个，破案5600多起，公开通缉的十大电信诈骗犯罪嫌疑人，目前已有六人落网，100多名电信诈骗嫌疑人从肯尼亚、马来西亚被中国警方押解回国，同时，公安部依托“电信诈骗案件侦办”平台，对全国电信诈骗涉案账户实行了快速接警止付，但要彻底根除层出不穷的电信诈骗术，除了依法打击与个人防范，更需要加强制度防范，不实名的手机卡、银行卡、被买卖的个人信息、失控的400、170电话号段，尽快堵住这些漏洞，才能让骗子最终无计可施。
20160507,持续降雨侵袭南方 区域广雨势强,这两天，我国南方多地持续遭遇强降雨天气，降雨区域广，局地雨势强。中央气象台今天继续发布暴雨蓝色预警。 今天凌晨，暴雨突袭贵州桐梓县，泥石流导致川黔铁路中断行车，20趟列车运行受到影响。铁路部门启动应急抢险预案，预计今晚恢复通车。 浙江临安清凉峰镇今天凌晨发生泥石流，给杭徽高速通行带来严重影响，抢险部门调派多辆挖机、铲车开展抢通，目前抢通工作已基本结束。泥石流还造成临安部分房屋受损倒塌，所幸没有人员受伤。 从昨晚开始，重庆多个区县出现雷雨天气，部分地区还伴随冰雹。雷电天气造成重庆近百架次航班受到不同程度影响，随着天气好转，机场航班陆续恢复正常。 在江西宜春明月山景区，暴雨引发山洪爆发，近百名游客滞留在山上，当地第一时间组织力量对被困人员展开救援。 目前，所有被困人员已被安全救出，没有人员伤亡。 昨天，湖北襄阳突降暴雨，2小时内部分地方降雨量达到了80多毫米，多个路段出现严重积水，最深处有1.5米深，给人们出行带来严重影响。到目前，积水路段基本恢复正常。 气象部门预计，西南和江南地区的强降雨将持续到本月9号。从10号开始，强降雨地区将向南移动到华南沿海地区。
20160507,中巴经济走廊最大交通基建项目开工,当地时间5月6日，“中巴经济走廊”最大交通基础设施项目——巴基斯坦白沙瓦至卡拉奇高速公路项目苏库尔-木尔坦段开工建设。白沙瓦至卡拉奇高速公路全长1152公里，全线按照双向6车道、时速120公里标准设计，工期36个月。总合同金额折合人民币约184.6亿元。 作为一带一路建设的重点项目，这条高速公路贯通之后将成为连接巴基斯坦南北的经济大动脉，在带动道路沿线地区的经济社会发展的同时，也将进一步促进中巴两国的互联互通。
20160507,国内联播快讯,“新发展理念与中国人权保障”研讨会召开 今天，“新发展理念与中国人权保障——纪念联合国《发展权利宣言》通过30周年”理论研讨会在武汉召开，研讨会由国务院新闻办公室发起、中国人权研究会主办，60多名相关专家学者参加研讨。 2016中国国际教育巡回展开幕 2016中国国际教育巡回展今天在北京开幕，来自30多个国家和地区的300多所高校及教育机构参展，为学生提供最新留学信息。展会还将在济南、西安、上海等地举行。 到2020年北京城六区常住人口将下降15% 日前发布的北京市“十三五”规划中提出，到2020年，北京城六区常住人口争取在2014年基础上，下降15%左右，将通过调整疏解非首都功能，优化人口空间布局。 前4月安全生产事故和死亡人数双下降 国家安监总局通报，今年1-4月全国发生各类生产安全事故13859起、死亡7385人，同比分别下降14.4%和17.9%。其中，发生重大事故10起、死亡和下落不明136人，同比分别下降28.6%和28.0%。 中国国际自行车展览会开幕 第26届中国国际自行车展览会在上海举行，国内外上千家自行车整车、零部件和周边产品生产企业参展。创新和智能化是本次展会的一大亮点。 法国海军“葡月”号护卫舰访问青岛 法国海军“葡月”号护卫舰今天抵达青岛，开始为期4天的友好访问。访问结束后，“葡月”号护卫舰将与我海军“潍坊”舰在青岛外海进行直升机互降、火炮射击等联合演练。
20160507,朝鲜劳动党七大正在平壤召开,朝鲜劳动党第七次全国代表大会6号在平壤4·25文化会馆开幕。这是朝鲜劳动党时隔36年再次召开全国代表大会。根据朝鲜中央电视台的报道，大会当天选举产生了主席团和记录组，并设置了5项议题，包括总结朝鲜劳动党中央委员会工作、修改朝鲜劳动党章程、选举朝鲜劳动党中央领导机关等。
20160507,加拿大艾伯塔省森林大火继续蔓延,6号，加拿大艾伯塔省境内发生的森林大火继续蔓延，过火面积已经超过1000平方公里。该省省长表示，火情已经失控，由于火势凶猛，灾民的撤离车队不得不一度暂停。 加拿大艾伯塔省省长诺特利6号说，目前的火情已经失控，随着风向的变化，火势将逐渐朝东北方向扩散，现在的首要工作还是保护民众的安全。 当天凌晨，临时安置在重灾区麦克默里堡以北油砂工地上的2.5万民众的再次撤离工作正式开始，约8000名灾民乘加拿大政府提供的直升机撤离、另外的1万多人主要随约1500辆车组成的车队离开，从麦克默里堡北部沿着 63号高速公路南下。由于部分地段火势仍然十分凶猛，撤离工作一度中断了1小时。有关方面希望车队能用4天的时间成功完成撤离。 尽管目前没有出现新的疏散灾民，但由于部分地区人烟稀少，安置灾民的能力有限，警方交通疏导效率较低，引起灾民不满。部分灾民在试图开车冲击警方设置的路障时，几乎与警方发生冲突。 目前，火灾的原因还没有确定，但有学者认为干燥天气可能是主要原因。此外，火情发现较晚也是火势失控的重要因素。
20160507,本台记者探访叙利亚巴尔米拉扫雷,"今年3月，叙利亚政府军在俄罗斯的军事支持下，夺回了去年5月被极端组织侵占的世界文化遗产——巴尔米拉古城，然而极端组织在撤离时留下了大量爆炸物。这个月5号，本台记者跟随叙利亚停火协调中心的俄方工作人员，前往巴尔米拉古城,近距离查看巴尔米拉古城的排爆情况。 自拉塔基亚出发，历经六个小时的车程，记者才到达了巴尔米拉市区近郊。虽然巴尔米拉已被叙利亚政府军收复，但附近地区仍有零星交火。在前往巴尔米拉古城的途中，记者所乘坐的大巴除了窗帘紧闭外，还有四名全副武装的士兵陪同。同时，拉塔基亚的俄罗斯驻军也派出了装甲车以及直升机，全程护送车队。 由于在极端组织留下的爆炸物中，使用了轮胎、手电筒甚至电灯开关等常见物品，作为爆炸介质或起爆装置，因此，很多爆炸物很难被发现。为了避免不必要的人员伤亡，俄军在排爆工作中大量使用了排爆犬和排爆机器人。 目前，俄军的排雷小组已经结束了对巴尔米拉古城的排爆工作，并开始为叙利亚政府军培训专业人员，以加快巴尔米拉新城区的排爆工作。 5号当天，久负盛名的俄罗斯圣彼得堡马林斯基剧院交响乐团在巴尔米拉地标式建筑——罗马时期露天竞技场举办了一场古典音乐会，音乐会名为《为巴尔米拉祈祷--用音乐复活古迹》，现场观众由俄罗斯士兵、叙利亚政府官员以及各国记者等组成。演出地点此前曾被极端组织用于公开杀害人质。 联合国教科文组织5号也派出使团，来到巴尔米拉古城实地了解遗址的受损情况。中国代表表示，中国积极支持推动落实巴尔米拉古城的修复工作。"
20160507,巴西参议院特委会通过弹劾总统报告,继巴西众议院上个月17号表决通过对总统罗塞夫的弹劾案之后，巴西参议院特别委员会当地时间本月6号也以多数票通过了弹劾罗塞夫总统的报告。对此，罗塞夫表示，这一结果是不公正的。 弹劾报告认为，政府确实存在财政违法，作为政府首脑的罗塞夫违反了《责任法》并犯下“渎职罪”。报告还强调说，国会内开启的弹劾进程符合宪法，并非政府所指责的“政变”。 面对这一结果，罗塞夫表示，她遭到了不公正的对待，她不会放弃，将继续斗争到底。 依据程序，当天的弹劾报告将于9号提交参议院全体会议，并在11号举行第一次表决。 如果弹劾案在全体会议第一次投票中以简单多数获得通过，罗塞夫将被暂时停职180天，其总统职务由副总统特梅尔代理。
20160507,国际联播快讯,叙利亚阿勒颇停火再次延长72小时 叙利亚媒体7号援引俄罗斯国防部消息说，为了避免局势恶化，叙北部城市阿勒颇以及拉塔基亚省部分地区的暂时性停火从当地时间7号凌晨1点开始，再次延长72小时。美国方面也证实了新的72小时停火。阿勒颇安全局势近日严重恶化。本月4号，叙军方宣布在阿勒颇实施暂时性停火，停火自5日凌晨1点开始生效，持续时间为48小时。 土总统：不会为换取免签修改反恐法 土耳其总统埃尔多安6号表示，土耳其不会为了换取欧盟免签待遇，而修改本国的反恐法。 欧盟此前表示，土耳其需要满足包括修改反恐法在内的多项条件，其中包括缩小其反恐法中有关“恐怖主义”的定义，以获取其公民入欧免签待遇。但埃尔多安则以打击国内库尔德武装和应对“极端组织”威胁为由拒绝修改。 美前国土安全部警员制造连环枪击案 5号和6号两天，美国马里兰州蒙哥马利县连续发生了三起枪击案，共造成3人死亡、3人受伤。目前嫌疑人已经被逮捕。该嫌疑人名叫奥拉里奥·托迪尔，今年62岁，是美国国土安全部联邦保护局执法警员，在被他枪杀的三名受害者当中，有一名是他已经分居的妻子。 据悉，托迪尔在今年3月因涉嫌虐待妻子和孩子，被吊销了警察证书并被没收了配枪，随后一直处于行政休假状态。
