date,title,content
20160618,习近平抵达贝尔格莱德开始对塞尔维亚共和国进行国事访问,当地时间6月17日，国家主席习近平乘专机抵达贝尔格莱德，开始对塞尔维亚共和国进行国事访问。 当习近平乘坐的专机进入塞尔维亚领空时，塞尔维亚空军战机升空护航。当地时间下午2时许，专机抵达贝尔格莱德尼古拉·特斯拉机场。习近平和夫人彭丽媛步出舱门，塞尔维亚总统尼科利奇夫妇、议长戈伊科维奇、总理武契奇、副总理兼外长达契奇等在机场迎接，并来到舷梯前同习近平和彭丽媛热情握手，热烈欢迎习近平和彭丽媛到访。 王沪宁、栗战书、杨洁篪等陪同人员同机抵达。 中国驻塞尔维亚大使李满长也到机场迎接。 少年儿童按照当地迎接贵宾的礼节献上鲜花、面包和盐，民众跳起欢快热情的传统舞蹈科罗舞。 习近平向塞尔维亚人民致以诚挚问候和良好祝愿。习近平强调，中塞两国和两国人民传统友谊历久弥新。近年来，特别是2009年双方建立战略伙伴关系以来，中塞关系发展步入快车道。两国政治互信牢固，各领域务实合作亮点纷呈，文化交流蓬勃开展，人员往来日趋频繁。双方在重大国际和地区问题上保持沟通配合，在“一带一路”建设、中国－中东欧国家合作框架内合作良好。中方愿同塞方一道，乘势而上，将双边关系和两国务实合作提高到更高水平，开创互利共赢、共同发展的合作新局面。我期待着同塞尔维亚领导人就双边关系和其他共同关心的问题深入交换意见，规划两国关系未来发展蓝图，为中塞关系发展掀开新的历史篇章。 在结束对塞尔维亚的国事访问后，习近平还将对波兰和乌兹别克斯坦进行国事访问，并出席在塔什干举行的上海合作组织成员国元首理事会第十六次会议。
20160618,习近平出席塞尔维亚总统举行的欢迎仪式,这里是位于塞尔维亚首都贝尔格莱德的塞尔维亚大厦前广场，当地时间6月18日上午，国家主席习近平抵达这里，出席塞尔维亚总统尼科利奇举行的隆重欢迎仪式。这是中国国家元首32年来首次访塞，对巩固中塞传统友谊，深化双方政治互信，规划两国务实合作具有重要的历史和现实意义。 夏日的贝尔格莱德，晴空万里，艳阳高照。阳光下的塞尔维亚大厦前，人们热切等待中国贵宾到来。 当地时间上午9时30分许，习近平和夫人彭丽媛抵达塞尔维亚大厦前广场。塞尔维亚总统尼科利奇和夫人德拉吉察在停车处迎接。两国元首登上检阅台。军乐队奏中塞两国国歌，现场鸣响礼炮。习近平在尼科利奇陪同下检阅仪仗队。检阅结束后，习近平同塞方主要官员握手，尼科利奇同中方陪同人员握手。 王沪宁、栗战书、杨洁篪等出席欢迎仪式。
20160618,习近平同塞尔维亚总统举行会谈 两国元首共同宣布建立中塞全面战略伙伴关系,当地时间18日，国家主席习近平在贝尔格莱德同塞尔维亚总统尼科利奇举行会谈。双方就双边关系及其他共同关心的问题深入交换意见，达成广泛共识。两国元首一致决定，将中塞关系提升为全面战略伙伴关系，推动两国关系再上新台阶。 习近平指出，中国和塞尔维亚是全天候的朋友和重要的合作伙伴。中塞传统友谊深厚。两国关系历经时间和历史考验，历久弥新。中塞关系之所以发展动力强劲、潜力巨大、前景广阔，源于两国人民世代友好和深厚情谊，源于两国在重大问题上相互理解和彼此支持，源于两国在发展道路上互学互鉴和互帮互助。当前，两国传统友好关系面临新的发展机遇。中塞关系保持高水平发展符合两国人民共同愿望，顺应各自国家发展振兴需求。我们愿同塞方共同努力，继续加强政治互信，深化互利合作，增进人民相互了解，不断拓宽双方合作平台。 尼科利奇表示，塞尔维亚人民对中国人民怀有真挚的友情。塞中双方保持着高度互信，在广泛领域开展了互利合作，在重大国际问题上立场相近。塞尔维亚人民对中国经济社会发展成就和人民生活水平提高、对正义的中国在国际事务中的影响日益扩大感到高兴。相信习近平主席此访将促进塞中关系全面发展，深化双方全方位合作。 两国元首达成多项重要共识，一致决定建立中塞全面战略伙伴关系，让中塞传统友谊不断焕发新活力，让两国人民在全方位合作中获得更多实实在在的利益。 双方同意保持高层交往，推动政府、立法机构、政党、军队、地方交流。继续在相互尊重、平等相待、互利共赢的原则基础上，加强在重大国际和地区问题上的沟通，密切在联合国等国际组织中的协调配合。 双方同意聚焦重点合作领域，拓展重大合作项目，把基础设施建设合作作为两国务实合作的优先方向，把产能合作作为两国务实合作的重点领域，把农业合作作为两国务实合作新的亮点。推动务实合作向更高水平、更深层次、更广领域发展，实现合作质量和效益双丰收。 双方同意密切人文交流，扩大人员往来，以塞尔维亚中国文化中心奠基为新起点，加强文化、教育、体育、地方等领域合作。中方愿支持塞尔维亚孔子学院建设和汉语教学推广。 双方同意共同推进“一带一路”建设，加强塞尔维亚国家发展战略同“一带一路”建设和中国——中东欧国家合作对接，把共建“一带一路”落实到具体项目上。 会谈后，两国元首共同签署了《中华人民共和国和塞尔维亚共和国关于建立全面战略伙伴关系的联合声明》，并见证了产能、金融、基础设施建设、贸易、能源、通信、科技、地方、文化、旅游等领域双边合作文件的签署。 尼科利奇向习近平授予塞尔维亚最高级别勋章“共和国一级荣誉勋章”，感谢习近平为中塞关系发展作出的杰出贡献。 两国元首还共同会见了记者。 王沪宁、栗战书、杨洁篪等出席上述活动
20160618,习近平同塞尔维亚总统举行会晤,当地时间17日，国家主席习近平同塞尔维亚总统尼科利奇在贝尔格莱德举行会晤。 习近平和夫人彭丽媛抵达和平别墅猎人小屋时，受到尼科利奇和夫人德拉吉察热情迎接。尼科利奇再次热烈欢迎习近平到访塞尔维亚。习近平对塞尔维亚政府和人民的热情友好表示感谢。 和平别墅猎人小屋，优雅静谧。两国元首就双方共同关心的问题广泛交换意见。 习近平指出，中塞传统友好，是全天候的朋友，有兄弟般的特殊情谊。中塞务实合作成果显著，人文交流丰富多彩。中方珍视同塞方的传统友谊，珍惜中塞关系蓬勃发展的良好局面。双方要坚持相互尊重、平等相待、互利共赢，提升两国关系的战略性、全面性，扩大各领域务实合作，推动中塞关系全面深入发展。 习近平还介绍了中国经济社会发展情况强调，中国坚持走符合国情的发展道路，坚持建设中国特色社会主义。中国对自身发展的未来充满信心。 尼科利奇高度评价中国社会主义建设和改革开放取得的巨大成就表示，塞尔维亚作为中国的老朋友、真朋友，对此感到高兴。塞中双方要坚定支持彼此核心利益和重大关切。塞方愿同中方携手努力，推动两国关系迈上新台阶。
20160618,习近平和彭丽媛凭吊在我国驻南联盟使馆被炸事件中英勇牺牲的烈士,当地时间17日下午，刚刚抵达贝尔格莱德开始对塞尔维亚进行国事访问的国家主席习近平和夫人彭丽媛，第一场活动就是前往中国驻南联盟被炸使馆旧址，凭吊在使馆被炸事件中英勇牺牲的邵云环、许杏虎和朱颖3位烈士。塞尔维亚总统尼科利奇、议长戈伊科维奇、总理武契奇率全体内阁成员参加凭吊活动。 习近平和彭丽媛抵达时，尼科利奇总统和夫人德拉吉察在停车处等候。 当地时间下午4时30分许，凭吊仪式开始。军乐团奏响肃穆的乐曲，全场肃立。塞尔维亚礼兵抬花圈前行，习近平和尼科利奇缓步随行至纪念碑前驻足。塞尔维亚礼兵将花圈摆放至纪念碑前，两国元首一同趋前整理缎带。缎带上写着“深切缅怀邵云环、许杏虎、朱颖烈士”。全体默哀30秒。默哀毕，军乐团奏中塞两国国歌。国歌毕，彭丽媛、德拉吉察、戈伊科维奇议长、武契奇总理以及塞方全体内阁成员、中方全体陪同人员依次向纪念碑献花。 中塞两国元首强调，中塞两国深厚传统友谊和特殊友好感情是用鲜血和生命铸就的，必将世代相传。中塞双方将携手努力，共促发展、共谋和平。 王沪宁、栗战书、杨洁篪等参加凭吊仪式。 1999年5月7日，以美国为首的北约悍然对南联盟进行轰炸，用导弹野蛮袭击了我国驻南联盟大使馆，造成正在使馆中工作的新华社记者邵云环，《光明日报》记者许杏虎、朱颖不幸牺牲，同时炸伤数十人，使馆馆舍严重损毁。2009年5月7日，贝尔格莱德市政府在使馆旧址前竖立纪念碑，缅怀在北约轰炸中牺牲的中国烈士，感谢中国在塞尔维亚最困难时期给予的宝贵支持。
20160618,习近平同塞尔维亚总统共同出席中国文化中心奠基仪式,当地时间17日，国家主席习近平同塞尔维亚总统尼科利奇共同出席中国文化中心奠基仪式。 习近平和夫人彭丽媛在尼科利奇总统夫妇、戈伊科维奇议长和武契奇总理陪同下来到仪式现场。两国元首为奠基石培土。贝尔格莱德市市长马利宣布将中国文化中心外的道路命名为“孔子大街”、广场命名为“中塞友谊广场”。 王沪宁、栗战书、杨洁篪等参加奠基仪式。 中国文化中心将建在中国驻南联盟被炸使馆旧址之上。建成后，将成为西巴尔干地区首家中国文化中心。 奠基仪式后，习近平和彭丽媛在尼科利奇夫妇陪同下参观具有悠久历史的卡莱梅格丹公园。 6月的贝尔格莱德，阳光明媚，碧空如洗。卡莱梅格丹公园内，绿草茵茵，风景秀美。两国元首夫妇漫步园内，进行了亲切友好的交流。 习近平登上观景台眺望。他表示，从卡莱梅格丹城堡俯瞰萨瓦河和多瑙河，我仿佛看到塞尔维亚民族生生不息的历史长河。塞尔维亚人民在历史上以不屈不挠的精神一次次在凤凰涅槃中复兴，中国人民对此深感钦佩。中国同塞尔维亚都是不畏强权、珍爱和平的国家。中方愿同塞方一道，坚定支持彼此核心利益和重大关切，共同为维护世界和平与发展作出贡献。 当地时间18日上午，国家主席习近平夫人彭丽媛和塞尔维亚总统尼科利奇夫人德拉吉察在贝尔格莱德共同参观西罗戈伊诺特殊教育学校。 彭丽媛抵达时，德拉吉察和校长在停车处迎接，教师代表向彭丽媛和德拉吉察献花。彭丽媛同德拉吉察了解学校基本情况，并参观了功能教室区的感知训练室、海盐治疗室、运动协调训练室。彭丽媛向校方赠送中方捐赠的康复训练器材清单。在陶艺教室，彭丽媛和德拉吉察饶有兴趣地参观学生手工作品展。 随后，彭丽媛同德拉吉察前往活动教室，观看学生充满童趣的歌舞表演。彭丽媛祝愿孩子们茁壮成长，希望中塞两国交流专业经验，共同推进特殊教育这一“阳光事业”。 西罗戈伊诺特殊教育学校成立于1929年，主要负责教育轻、中度智力障碍儿童和自闭症儿童，帮助他们更好成长并融入社会。 同日，彭丽媛在德拉吉察陪同下参观贝尔格莱德植物园，她们一起种下象征中塞传统友谊的珙桐树苗。 彭丽媛还在德拉吉察陪同下参观了德约科维奇网球培训中心，德约科维奇的母亲、叔父和弟弟介绍有关情况。彭丽媛向中心赠送德约科维奇自传《一发制胜》的中文版。
20160618,《筑梦路上》反响热烈,大型文献纪录片《筑梦路上》从6月14日开始在中央电视台综合频道黄金时间连续播出，目前已经播出前八集，在社会上引起了广泛的关注，反响热烈。 大型文献纪录片《筑梦路上》以95年来中国共产党领导人民大众进行的革命、建设、改革的伟大历程为叙事线索，撷取党史上数十件大事，用珍贵的历史文献和影像资料呈现历史事件与历史故事背后的真实细节，反映了中国共产党为中华民族和中国人民立下的丰功伟绩。 《筑梦路上》用“讲故事、析事理”的手法，生动呈现了中国共产党带领中国人民走过的“寻梦、追梦、筑梦、圆梦”之路。 《筑梦路上》全片共32集，每天播出两集。今晚将播出第九集《开国盛举》、第十集《土改翻身》。
20160618,国内联播快讯,5月份房价涨势有所放缓 国家统计局今天发布的70个大中城市房价数据显示，与4月份相比，5月份新房和二手房，价格上涨的城市个数有所减少，分别有60个和49个；涨幅比上月收窄的城市分别有36个和25个，房价总体涨势放缓。 远洋科考船“向阳红01”交付入列 今天，由中船重工武船建造的、我国最先进的远洋科考船“向阳红01”在山东青岛国家深海基地管理中心码头建成交付，并入列国家海洋调查船队。该船具备无限航区、全球航行能力，将成为我国深海大洋科学考察的又一重要平台。 第四届中国—南亚博览会闭幕 第四届中国—南亚博览会17号在昆明闭幕。海内外5000余家企业参展参会，外经贸成交和签约（含意向协议）1580.63亿元，共约80万人次入场参观了商品展。 第三届“诗词中国”传统诗词大赛启动 第三届“诗词中国”传统诗词大赛今天在北京启动，大赛将面向国内外征集原创传统诗词作品。“诗词中国”举办两届以来，累计接受原创投稿作品15万首。
20160618,“多瑙河和新丝绸之路”研讨会举行,17号，“多瑙河和新丝绸之路”国际学术研讨会在塞尔维亚贝尔格莱德举行。研讨会由中国社会科学院、“16+1”智库交流与合作网络、塞尔维亚国际政治与经济研究所联合主办，来自中、塞、俄等国的100多名官员、学者与会。会议围绕“一带一路”倡议的重要性、多瑙河项目与“一带一路”倡议合作的可能性、塞尔维亚在“一带一路”倡议中的作用、落实“一带一路”倡议面临的挑战等议题展开讨论。 与会者认为，习近平主席对塞尔维亚的国事访问将进一步提升中塞战略伙伴关系，加深双方在“一带一路”倡议框架下的合作。
20160618,国际田联：维持对俄田协的禁赛处罚,国际田径联合会17号决定，继续维持对俄罗斯田径协会的禁赛处罚，这就意味着俄罗斯田径运动员将无法以国家名义参加里约奥运会等重大国际赛事。俄罗斯总统普京表示，把兴奋剂事件政治化是错误的。 去年11月，国际田联以“系统性”使用兴奋剂为由、对俄罗斯田协实行全面“禁赛”的处罚，要求俄方进行整改。半年多后的6月17号，国际田联发布报告说，到目前为止俄罗斯在处理兴奋剂问题上没有出现实质性的改变，为此国际田联决定，继续禁止俄罗斯田径运动员参加比赛。不过，国际田联调查小组负责人安德森表示，俄罗斯运动员只要通过了国际田联的调查，证明自己是清白的，就可以以中立的个人名义申请参加国际赛事。 对此，俄罗斯总统普京表示，使用禁药的后果应由涉事运动员个人承担，不应该殃及整个俄罗斯田径队伍。他说，俄罗斯政府从来没有支持过使用兴奋剂，把兴奋剂事件政治化是错误的。 俄罗斯体育部长穆特科表示，国际田联的决定殃及了许多无辜的运动员，俄方将向体育仲裁法庭提出上诉，他希望国际奥委会能够出面改变局面。 “撑杆跳女王”伊辛巴耶娃指责国际田联的决定违反了人权，她说她将把国际田联告上法庭以求得公正。
20160618,国际联播快讯,伊拉克总理宣布收复费卢杰 伊拉克总理阿巴迪17号晚宣布，经过近一个月的战斗，政府军成功收复了被极端组织占据的费卢杰市。不过阿巴迪同时指出，目前费卢杰仍有一小部分区域被极端组织控制。伊拉克政府军当天上午宣布收复位于费卢杰市中心的政府机构大楼，并在楼顶升起国旗。 分析人士指出，费卢杰战役的胜利是对极端组织的重大打击，但政府军在费卢杰彻底清除武装分子及爆炸物可能仍需时日。 欧洲杯骚乱再起 赛事被迫中断 17号，欧洲杯赛场再生冲突。在法国圣埃蒂安进行的D组第二轮捷克对阵克罗地亚比赛中，比赛进行到第85分钟时，克罗地亚2比1领先捷克，兴奋的克罗地亚球迷将焰火和爆竹扔进场内，同时，克罗地亚球迷所在的看台也发生内讧，大批球迷厮打在一起，比赛被迫暂停。恢复比赛后不久，捷克队员获得点球扳平比分。欧足联将对事件展开调查。 高温大风 美国加州山火迅速蔓延 在高温和大风天气的推动下，美国加利福尼亚州圣巴巴拉县山火迅速蔓延，过火面积从16号晚的约490公顷扩大到17号的约1620公顷。当地政府扩大了人员疏散范围，并宣布圣巴巴拉县进入紧急状态。消防部门共派出了1200名消防员参与灭火。根据天气预报，山火肆虐地区的气温18号将进一步升高，部分地区可能高达近50摄氏度。
