date,title,content
20160209,【小康全家福 一个不能少】老区人民的新期待,每到春节，聚在一起的全家人，都会照张全家福，凝聚家的情感，蕴涵家的希望。小家连着大家，对于中国这个大家庭来说，也正在为一张全家福而努力，那就是小康全家福。习近平总书记说：“全面实现小康一个都不能少”。今年是全面建成小康社会决胜阶段的开局之年，如何落实党和国家的决策部署，让全体人民在2020年都能走进这张小康全家福，这是我们共同努力的目标。本台《新闻联播》从今天起推出系列报道《小康全家福 一个不能少》，首先让我们一起走进陕北革命老区。 　　陕西省延安市安塞县农民王艺：“右手打鼓，左手甩出去甩直，还有你那个腿，一定要蹬直。” 　　记者：“在排练什么呀？” 　　陕西省延安市安塞县农民王艺：“现在正在排练我们安塞有个首届网络春晚。业余的，全是农民。” 　　这个乡土气息十足的春晚，所有演员都是当地土生土长的农民，表演的节目也都是腰鼓、民歌等老区民俗。大家练得起劲儿，因为都知道，这台晚会，春节期间要上网，全国人民都有可能看到。 　　这要放到以前，王艺是想都不敢想。因为往年这个时候，他最发愁了，哪还有心思演节目。 　　王艺的家乡陕北，是全国最贫困的革命老区之一，自然条件恶劣，家里的几亩薄地很难有像样的收成。而父母常年有病，弟妹年龄又小，一家人只能靠他打零工勉强维持生计。 　　为了让贫苦百姓尽早过上好日子，去年，安塞在精准扶贫上动起了脑筋，他们盯上了自己的优势资源，琢磨着发展特色产业。 　　腰鼓虽说是安塞的传统民俗，可过去也只有逢年过节才打一打，没什么收入。如今听说打腰鼓有免费的正规培训，学成之后还有可能赚到钱，从小喜欢打腰鼓的王艺也跟着报了名。 　　腰鼓培训第一批94个学员，有58个拿到了结业证书。打腰鼓讲究的是人多有气势，单枪匹马可没效果，为了帮助大伙儿闯市场，政府又一次把他们组织起来，成立了励志腰鼓艺术团。而各地发到安塞的演出邀请，当地优先推荐这些励志要脱贫的农民。 　　腰鼓越打越好，王艺也能给人家做培训了。今年春节，赚了钱的王艺，把自家的窑洞重新粉刷了一下，心里还盘算着春节后要大干一场。 　　王艺可能不知道，在全国，像他这样，生活在老区的贫困农民，还有两千多万。习近平总书记说：“老区在全国建小康的征程中，要同步前进，一个也不能少。扶贫、脱贫的措施和工作一定要精准，要因户施策、因人施策，扶到点上、扶到根上，不能大而化之。”就在几天前，党中央专门下发了《关于加大脱贫攻坚力度支持革命老区开发建设的指导意见》，资金、项目等扶持政策将会重点向老区倾斜。 　　这些天，沿河湾镇扶贫搬迁新村很热闹，不断有划入规划即将搬迁的贫困户来了解国家的好政策。为了让大伙儿的日子越过越好，安塞在精准扶贫中，对“一方水土养不起一方人”的百姓进行移民搬迁。 　　对于不少贫困户来说，过了这个年，他们就将离开几辈人生活的窑洞，搬到楼房里。大伙儿提议，在新房子前合个影，做个见证。
20160209,【你我中国梦 全面建小康】猴年春晚：艺术呈现五大发展理念,“你我中国梦，全面建小康”也正是今年春晚的主题。整台晚会凸显“创新、协调、绿色、开放、共享”五大发展理念，为海内外观众奉献了一台“接地气、聚人气、鼓士气、兴喜气”的文化盛宴。 　　开场歌舞《春到福来》以年轻人喜闻乐见的说唱方式，细说“暗物质探测卫星飞向天外，屠呦呦登上了诺贝尔奖台”等科技界的年度大事、喜事，振奋人心。在南部广州分会场，540个智能机器人与歌手同台共舞，表现了我国科技创新不断超越巅峰的主题；创意杂技《直挂云帆》以大胆的艺术想象和高难度动作，反映“十三五”开局之年中华民族勇于创新、破浪前行的整体形象。 　　一曲《山水中国美》，融入苏州评弹的表演元素，将水、树、山拟人化演绎，通过演员的器乐表演，以意境化方式呈现出一幅“青山绿水，美丽中国”的大美画卷，表现了人民群众对协调发展、绿色发展的美好愿景。 　　春晚东部泉州分会场突出“海上丝绸之路”的标志性起点，表达了扬帆“十三五”的美好寓意；西安分会场的歌曲《丝绸之路》，通过城墙投影技术，再现一支真实的驼队商旅行走在古老的丝绸之路中，表达对“一带一路”战略的祝福，体现了开放发展的理念。 　　晚会也凸显了共享发展，全体人民共同迈入小康社会的主题。民族歌舞表演《在你伟大的怀抱里》，展现全国各族人民在党的领导下，在祖国的怀抱里，共圆家国梦想，共建美好家园的追求。
20160209,【你我中国梦 全面建小康】演绎时代精彩 传递满满正能量,
20160209,思乡念亲 春晚感动海外游子,精彩的春晚节目也让身在异乡的海外游子感受到浓浓的年味儿，收获亲情带来的感动，同时也深深体会到祖国强大带来的自豪感。 　　由于远离祖国和亲人，海外留学生对于传递亲情的节目印象最为深刻。歌曲《父子》、魔术《家的思念》都引发了他们的共鸣。 　　小品《将军与士兵》与观众一同重温了气势如虹的9·3阅兵，展现了当代军人的精神风貌，更加深了海外留学生对于“中国梦”“强军梦”的体会。 　　而《快递小乔》《放心吧》等紧扣现实生活、接地气的小品，也让年轻的海外学子感触颇深。
20160209,【你我中国梦 全面建小康】浓郁“民族风” 十足“中国范儿”,除夕之夜，猴年春晚成为亿万海内外观众期待的“文化大餐”。很多主流媒体和网友认为，猴年春晚浓郁的“中国风”，把这顿“年夜饭”打造成丰盛的视听“盛宴”，尽显十足的“中国范儿”。 　　新华社发表《同心共筑中国梦 携手再谱新华章--2016年春节联欢晚会向全球成功播出》的文章，文章说：猴年春晚聚焦“你我中国梦，全面建小康”，让人们享受到普天同庆的欢乐，感受到美好明天的召唤，整台春晚弘扬中国精神，凝聚中国力量。歌曲《山水中国美》《美丽中国走起来》凸显“绿水青山就是金山银山”的发展理念。 　　《经济日报》发表《魅力春晚 文化盛宴》的文章认为：猴年春晚尽显十足的“中国范儿”，饱含浓浓的民族情，不仅成为一次集中展示中华民族传统文化精髓的“嘉年华”，更成为弘扬国粹、汇聚民心、增强民族凝聚力的大舞台。 　　《工人日报》发表《猴年春晚上的“中国美”》一文说：中国传统文化之美成为今年央视春晚一道独特的风景，令人赞叹与沉醉。今年春晚的很多节目以文艺的形式，承载了独特的中国美学精神，传递出古老又新鲜的情致和思想。 　　中国社会科学网发表文章《今年春晚别样好》，多位社科界学者畅谈观看感受。专家认为：春晚的节目让人深深意识到，当下中国人的个体存在，是与家庭、社会、国家连成一体的，优秀的家训不可丢弃，社会的美德应该得到传承。 　　在央视新闻微博、微信和客户端，网友们也纷纷留言： 　　@美如姬：谭维维春晚的《华阴老腔一身喊》，不仅全程唱功一流，更是将传统文化与摇滚元素结合起来，张力十足！@用……代替一切：今年的春晚，结合了大部分实际生活中人们遇到的问题，用小品的形式彰显出来，很实在，也很沉默，把人们议论的热点当成题材，确实不错！ 　　@一席谈：看春晚《将军与士兵》觉得热血沸腾！108位仪仗兵踏着整齐步伐走上舞台一招一式都让人震撼。他们体现的是中国军队在强军路上昂扬斗志和大无畏精神！骄傲！这是这么多年我们看到的春晚中最具正能量的一台晚会。
20160209,【你我中国梦 全面建小康】万象更新好日子 欣喜过年奔前程,"春晚凝聚了非凡的力量，让大家收获感动。万象更新中，无论是南国水乡、还是西部边疆，各地群众赏早春美景、品浓浓年味，在传统习俗中享受越来越富足的日子，寄托发展希望。 　　今天，藏族群众也迎来了好日子。藏历火猴年的大年初一，西藏、四川、甘肃、云南、青海等地的藏族群众，欣喜迎春。 　　在拉萨城关幸福社区，家人们互献哈达，互致祝福，传统的藏历年习俗被完整地保留，互联网也悄然改变着藏族群众的生活。 　　这两天，借着好天气，过节的人们在浓浓年味中，对未来萌生希望、心怀憧憬。 　　在江西赣州大余县，靠精准扶贫富起来的村民，摆起百家宴，聚会唱年歌。 　　在中国南狮发源地广东佛山，水上舞狮让天南海北的游客，感受到了传承和创新的生机。 　　在内蒙古阿拉善盟，靠富民政策过上好日子的牧民，用激情的那达慕比赛，表达他们奔好前程的信心。广西来宾从土地里解放出来的农民，办起了新春乡村""NBA""，精彩的篮球比赛赛出了新时代农民的精神面貌。 　　这个春节，专程赶到成都大熊猫繁育基地的游客，还接受了去年出生的小熊猫的拜年，萌萌的熊猫让游客心情大好。 　　这个春节，江苏邳州首批997户棚改居民喜迁新居，在新居过上了第一个团圆年。 　　这个春节，靠好生态致富的浙江长兴水口乡，1万8千个房间被预订一空。 　　这个春节，老百姓还通过网络热闹了一把。大年初一晚上，全国社区网络春晚，在湖北卫视等30家省市电视台同步播出。2万多个社区、20万人参与，尽情释放心中的喜悦。 　　盛世好年景，火树银花好心情。这几天，夜幕降临，霓灯闪耀。河北涿鹿三祖文化广场，起源于清朝末年的绕花，炫目上演，在火光四射中祈福风调雨顺、国泰民安。昨天晚上，厦门和金门两地隔海对放焰火，互传亲情，共庆新春佳节。"
20160209,【新春走基层 孝顺怎么做】父母最在乎的是什么,关于孝顺，父母最在乎的是什么？晚辈怎么做，才能做到长辈的心坎里呢？今天的《新春走基层》特别节目“孝顺怎么做”，今天，我们继续来聊一聊中国人的孝道。 　　在悉尼工作的中国人杨闪：“孝顺啊，就是孝敬和顺从，我有时候会经常去微信，给我妈的心灵鸡汤点赞。” 　　新疆面包店店主宋金芬：“我们小的时候比较爱看动画片，我爷爷他们爱看那样战争片啊，我妈他们都不让我们换台的，必须是爷爷看完了奶奶看完了 ，再允许我们看的。” 　　市民仲彬、孙清芳：“钱现在不是主要的问题，经常回来看看那是主要的。” 　　退休教师魏玉梅：“当然孩子们来陪一陪，你心里会乐得不行。他们来的时候，你会在窗户（前）行注目礼，一直把他看到，到家门上，你把他们送到门口楼梯上，他们走的时候，说我们走了，（他们）下去了，上电梯了，你掉头回来赶紧在窗户这儿，这么看着，一直目送到看不见的地方就完了，你说想要他们陪，还是不想要他们陪。” 　　市内设计师沈悦青：“父母有时候毕竟年纪大了，现在高科技又这么多，他们也很想学习，爸爸妈妈也很想跟上你们的步伐，也很想在朋友圈发发东西啊，就很多也是不懂，但是就会比如说教一遍也不会，教两遍也不会，你自己就会烦躁起来。但是当时不耐烦以后，回头想想觉得也是很不应该。”
20160209,福建福州：暖心的王威服务台,春佳节营造的是浓浓家的味道，福州火车站的王威服务台就是过往旅客温馨的家，细致入微的服务，温暖了无数旅客的心。 　　王威服务台接到一条救助信息。一位杨先生行动不便，第二天要乘火车去江西萍乡。 　　十分钟内，王威服务台的官方微博发布信息，通知各客运段做好对接工作。 　　第二天一早，求助人杨殷来到福州火车站，王威和小伙伴们提前准备的轮椅已经到位。 　　今年春节，杨殷好不容易买到了车票，坐车又成了大难题，他抱着试一试的想法，拨打了王威服务台的电话。 　　杨殷：“福州火车站昨晚七点多就给我反馈了，早上还给我打电话确认。” 　　火车出发后，细心的王威还通过微信仔细询问杨殷的状况。十四个小时后，杨殷终于到达了江西萍乡。 　　“有问题，找王威”在福州火车站，这是许多人熟悉的一句话。 　　2004年，以全国劳模王威名字命名的服务台成立，每天都有不少旅客接受服务台的优质服务。12年来，王威服务台还对接30多个主要客运站、155对列车，形成旅客服务网络。
20160209,加大警力 确保平安欢度春节,春节期间，各地庙会灯会、景区景点迎来客流高峰。公安机关共投入警力70万人次，确保人们度过一个欢乐平安的节日。 　　北京警方再次启动警务直升机进行“空中巡航”，为节日期间首都的平安保驾护航。 　　从除夕傍晚18点钟开始，整个北京城进入了烟花爆竹集中燃放的时间段。而空中巡航的目的就是为了能够及时地发现可能因为烟花爆竹集中燃放而引发的火灾隐患。 　　地面警力与空中巡航配合，形成首都立体化的防控体系。上海豫园灯会人头攒动，公安民警根据客流情况采取单循环、开关式放行等措施，引导人们有序游园。 　　大连加强实时调度，强化动态巡逻布控，紧紧围绕多发性侵财案件，深入推进“保民平安”行动，确保社会平安稳定。山东、安徽、河南、四川、新疆等地在公路、铁路和重点景区周边加派警力，随时疏导客流。 　　除夕到大年初一，全国273场万人以上大型活动全部安全顺利举行，全国未发生重大火灾事故。
20160209,国际联播快讯,俄南方军区进入全面战备状态 　　根据俄罗斯总统普京签署的命令，俄罗斯南方军区自8号起进入全面战备状态，接受突击检查。俄南方军区各大军种当天展开大规模军演以检验其战备能力。 　　2015年以来，俄罗斯武装力量多次举行突击战备检查，普京曾多次指出，俄军突击检查将实现常态化。 　　强风暴来袭 英国巨浪拍岸 　　8号，强风暴伊莫金袭击英国。据英国媒体报道，当天在英格兰和威尔士的西南部和南部大部分地区，最高风速达到每小时近160公里，带来近20米的巨浪。风暴导致当地上万家庭断电，公路、铁路、航空和渡轮交通中断。目前伊莫金已造成英国多人受伤，伤者大多是被倒塌的建筑或树木砸伤，另有至少1人失踪。
