date,title,content
20161022,砥砺奋进走好今天的长征路——习近平总书记在纪念红军长征胜利80周年大会上的重要讲话引起强烈反响,80年前的今天，中国共产党领导的工农红军历经艰苦卓绝的两万五千里长征，在陕甘宁地区胜利会师。经过血与火淬炼的长征精神，跨越时空、彪炳史册，成为中华民族的一座丰碑。昨天，在纪念长征胜利80周年大会上，习近平总书记发表重要讲话，号召全党、全国各族人民“弘扬伟大长征精神、走好今天的长征路”，引起了社会各界的强烈反响。 在纪念大会上，当习近平总书记提议，全体起立，为在长征途中和在各地革命斗争中英勇牺牲的革命烈士默哀时，千里之外的延安八一敬老院一片肃静，老红军老八路们心中涌动着对牺牲战友的深深怀念。 在开国将军甘祖昌夫人龚全珍家中，一些基层党员和老人一起聆听了习近平总书记的重要讲话。 人无精神则不立，国无精神则不强，伟大的长征精神已经深深溶入中华民族的血脉和灵魂。此次中央召开大会隆重纪念长征胜利80周年，就是要宣示我们将不忘初心、继续前行。 习近平总书记在讲话中就弘扬长征精神、走好今天的长征路，提出了六个方面的要求，大家表示要用长征精神照亮未来征途，在新长征路上努力创造新业绩。 在讲话中，习近平总书记特别要求青年一代要发愤图强，奋发有为，指导青年人走好今天的长征路。 湘江战役，是红军长征途中最为惨烈的一战。在纪念碑前，人们向红军烈士敬献花篮，表达走好新的长征路的决心。
20161022,人民日报评论员文章：弘扬伟大长征精神——二论贯彻习近平总书记纪念红军长征胜利80周年讲话精神,明天出版的人民日报将刊发评论员文章，题目是《弘扬伟大长征精神——二论贯彻习近平总书记纪念红军长征胜利80周年讲话精神》。
20161022,各地举行纪念活动 弘扬伟大长征精神,为纪念红军长征胜利80周年，各地举行活动，弘扬伟大的长征精神，表达走好我们这一代人长征路的信心和决心。 在长征起点江西瑞金，来自中央苏区县、红军长征沿线地区的258名歌手，在这块红土地上一展歌喉，花甲老人和少年学生真情演绎长征歌曲。 在河南，一场名为《长征——永恒的诗篇》交响诗会激情上演。 不论是贵州的“万人朗诵长征诗歌”，还是浙江的纪念交响音乐会，大学生和艺术家们都激情演绎了长征故事，在回望历史中，激发起人们的爱国热情。 用歌声重温长征历史，用激情传承长征精神。这两天，湖北举行了150场深入乡镇的文艺惠民演出；云南开展了“模拟徒步长征路”；由部队官兵举行的“红军草鞋全国接力传递”活动，前后历时8个月，到达全国24个省（市、自治区），传递红色力量，传承长征精神。 这两天，安徽、湖南、河北等地的少先队，通过“读一本长征书籍、看一部长征影视剧、唱一首长征歌曲、讲一个长征故事”等形式传承长征精神。 在江苏淮安，周恩来红军小学的近千名小学生，听红军后代讲故事；在山东龙口，农民军乐团的老乐手和红军小学的学生，一起合唱“红星闪闪”。 牢记长征精神、学习长征精神、弘扬长征精神，为的是走好我们这一代人的长征路。 在四川博物院，红军长征时留给百姓的水壶等上百件珍贵的文物再现了红军长征发生在四川境内的重要历史事件。在福建省图书馆，“重走红军路”摄影作品展用镜头记录了长征历史，记录了长征精神在今天的传承。 今天，由中国文联等主办的“铭记历史，弘扬精神——纪念红军长征胜利八十周年美术作品创作展”在国家博物馆开幕，《十送红军》《血战湘江》等画作，展示了各主创团队历时一年重走长征路的写生手稿、创作草图等。 “英雄史诗不朽丰碑——纪念中国工农红军长征胜利80周年主题展览”，日前在央视网上线，中央重点新闻网站和主要商业网站建立链接，方便广大观众网上浏览参观数字展览和留言互动。全景式展现了红军长征的光辉历程，为弘扬长征精神提供了重要的网上平台和生动课堂。
20161022,航天员首次天地同步收看《新闻联播》,21日晚上，景海鹏、陈冬两名航天员在天宫二号实验舱内，首次天地同步收看到了中央电视台的《新闻联播》节目。 晚上七点不到，天宫神舟组合体进入中继卫星天链03星的测控弧段，两名航天员按照计划安排，调整好天宫二号舱内的显示屏，等候新闻联播节目的开始。 新闻联播开始后，航天员景海鹏和陈冬站在显示屏前认真收看习近平主席在“纪念红军长征胜利80周年大会”上的重要讲话。当播放到默哀环节时，两名航天员在万里之外的太空颔首肃立，一起为在长征途中和在各地革命斗争中英勇牺牲的革命烈士默哀。收看完习主席的讲话，两名航天员表示，一定要传承好长征精神，克服各种困难，圆满把这次任务完成。 在轨飞行任务期间，地面科研人员将按照计划每天实时上传新闻联播，此外还将推送航天员自己喜爱的其他节目。 除了音视频节目，在天宫二号上航天员还可以与地面人员进行视频通话，往来电子邮件，丰富他们的太空生活。
20161022,【震撼世界的长征】红军的领导力就是“中国魂”,追求信仰、同艰共苦、不畏艰险，长征中体现出的“长征精神”令许多外国人敬仰。11年前，就有一位古稀之年的以色列老兵怀着崇敬之情重走长征路，追寻“长征魂”。 一身军人气质的武大卫本名大卫·本·乌泽勒，今年81岁高龄。年少时读过斯诺的《红星照耀中国》，被长征路上的传奇吸引。亲自走一走长征路，一直是他心中的一个梦。 2005年，这个梦终于成为现实：他耗时近5个月，从江西到陕西，行程24000多公里，其中步行1200多公里。一路所见所闻让他感慨万千。 在重走长征路期间，他采访过近百位参加长征的老红军，亲耳听到一位90岁老红军对“长征魂”的讲述。 武大卫认为，红军能克服常人难以想象的困难，是因为有一种官兵团结、同生死共患难的精神。 在军旅生涯中，武大卫曾长期在艰苦地区工作。一次艰苦的穿越沙漠训练，手下一位少尉军官不顾士兵们口渴难当、抢先喝水。武大卫二话没说，“将他踢出了连队”。吃苦在前、不畏艰险、坚守信仰、不言放弃，正是武大卫理解的“长征精神”。 他认为，长征的奇迹不仅属于中国军队，还应当成为世界各国军队学习的教材。他曾主动联系以色列国防军，向以色列军人讲述“长征精神”。 几十年来追寻“长征魂”，武大卫曾以为长征路就是一条普通的道路；直到走完长征路他才明白，长征路其实没有路，只是红军自己走出来的一条“中国道路”。 今天，长征精神与长征路又变成了改变当代中国面貌的新的复兴之路。 虽然重走长征路已过去11年，武大卫仍感到长征精神对自己的影响在日益加深。就在9月20号，已经81岁高龄的武大卫在以色列城市特拉维夫举行了“重走长征路”的专题报告会，讲述中国红军的长征精神，也让更多人了解80年前的这一人类壮举。
20161022,【“两学一做”重在实效】,在开展“两学一做”学习教育中，重庆、浙江两地坚持带着问题学，针对问题改，引导多元主体参与服务群众，帮助群众解决实际困难。 重庆永川区是一个一百多万人的老区，贫困户、老弱病残人员偏多、医疗力量不足，社区百姓有个头疼脑热常常要跑路排队等一天。在“两学一做”学习教育中，永川区把“学”和“做”结合起来，针对群众反映的问题，成立起“天使在身边”党员医疗志愿服务队，免费为辖区内4万多名弱势群体提供医疗服务。 受群众欢迎的医疗志愿服务队，招募的都是以包括全科医生、护士和退休医务人员在内的党员骨干，除了定期上门义诊、免费体检外，党员医疗志愿服务队还印制了40万张便民联系卡广而告之，并给每位患者建立起了健康档案。目前，永川区已成立起30支志愿医疗服务队，2000多名志愿者，参与到义务服务中。 在“两学一做”学习教育中，浙江嘉兴调动中小企业和专业协会这样的“新经济组织”和“新社会组织”党员的积极性，引导多元主体参与服务群众。 96345社区服务求助中心是浙江嘉兴的老品牌，每天近千个热线电话，并不能满足群众的行业需求，为此，嘉兴市动员旅游协会的党员干部，结合自身优势，为百姓提供专业服务。 求助中心专门成立了“96345党员志愿服务”站，通过有针对性的党员志愿服务，拓展了热线的服务范围。目前，浙江参与各类志愿服务的党员达到130万名，占全省党员总数的三分之一。
20161022,广西：援救失火渔船 派出所长牺牲,10月20日中午11点左右，广西北海市侨港镇边贸码头一艘渔船起火，辖区电建边防派出所所长骆春伟带领民警赶往现场救火。 赶到现场后，失火渔船泊在离岸50多米处的港内，缆绳已被烧断，正顺着风朝对面的渔港漂移，而当时港内停泊着500多艘回港避风的渔船。 为了尽快控制住这艘失火渔船，避免火势殃及别的船只，骆春伟奋不顾身，拿着一根缆绳，第一个跳到海里。 经过1个多小时的紧张救援，火终于被扑灭了。等救援人员都回到岸边时，才发现骆所长失去了踪影。 直到下午3点25分，在附近海里，搜救队发现骆春伟的遗体。当天晚上9点30分，电建边防派出所的民警们和当地市民自发来到码头，为年仅37岁的骆春伟默哀。目前，渔船失火原因还在进一步调查中。
20161022,国内联播快讯,我国广告市场规模稳居世界第二位 记者今天从中国国际广告节上获悉，去年我国广告经营额近6000亿元人民币，平均每天新增企业超过351户，吸纳就业307万人，创造新的就业岗位35.5万个，我国广告市场规模已稳居世界第二位。 2016中国计算机大会落幕 2016中国计算机大会今天在山西太原落幕，300多位国内外计算机领域专家、企业家出席，在人工智能、虚拟现实、无人驾驶等尖端技术进行了成果展示、技术宣讲、智能趋势研讨等。
20161022,伊拉克石油重镇遭极端组织袭击,21日，伊拉克北部石油重镇基尔库克市遭到极端组织武装分子袭击，造成包括政府安全部队士兵在内的18人死亡，多人受伤。 伊拉克国防部称，多名自杀式袭击者21日在基尔库克7个不同区域发动了袭击。遭袭地点包括一个在建的发电站、政府大楼、警察局等，其中有几处为自杀式爆炸袭击。当天，伊拉克安全部队与袭击者展开激烈交火，击毙多名武装分子，随后，伊拉克政府宣布在基尔库克市区实施宵禁，并继续搜索可能藏匿的武装分子。 基尔库克拥有伊拉克北部最大的油田，在基尔库克市西北方向约170公里就是伊拉克第二大城市摩苏尔。17日，伊拉克政府正式打响摩苏尔收复战，据伊拉克国防部21号通报，在五天的摩苏尔战役中，共消灭473名恐怖分子，俘虏22人，并收缴了大量武器。伊拉克政府20日还宣布收复了被称为摩苏尔东大门的巴尔特拉，并在摩苏尔周边收复了50多座村庄。 有分析指出，极端组织21日针对基尔库克的恐怖袭击是摩苏尔前线受挫后实施的报复性活动，意在牵制伊拉克政府军的进攻。
20161022,欧洲火星试验登陆器可能已坠毁,欧洲航天局21日宣布，美国航天局火星勘测轨道飞行器拍摄的一张火星表面图像，很可能捕捉到了日前在着陆火星前突然“失踪”的欧洲火星试验登陆器的踪影。据画面内容分析，火星试验登陆器“斯基亚帕雷利”在降落时“不幸坠毁”。 欧航局说，根据初步推测，“斯基亚帕雷利”有可能是从距离火星表面两千米至四千米高的空中开始下坠，并以超过三百公里的时速撞向火星，但也不排除登陆器发生爆炸的可能性。
20161022,国际联播快讯,喀麦隆火车脱轨事故致53人死亡 非洲国家喀麦隆中部的埃塞卡21号发生一起火车脱轨事故，造成至少53人死亡、约300人受伤。列车从喀麦隆首都雅温得开往该国经济首都杜阿拉，由于沿途一段公路因暴雨发生坍塌，大量民众临时改乘火车出行，交通部门增加了火车车厢，乘客人数达到平时的两倍。目前还不清楚增加车厢是否与脱轨事故有关。 俄航母驶过英吉利海峡 英军舰监视 21日，俄罗斯“库兹涅佐夫”号航母编队驶过英吉利海峡。英国皇家海军派舰艇全程监视。据俄罗斯媒体报道，该航母编队是15号从俄罗斯启航的，随后将通过地中海抵达叙利亚海岸。俄国防部称，目前俄在地中海东部有６艘战舰，“库兹涅佐夫”号航母将加入这些战舰，执行为期约4个月的任务，强化打击叙利亚境内恐怖分子。俄方此举引发西方密切关注。 法国宣布将拆除加来“丛林”难民营 21日，法国加来海峡省警署宣布，将于下周拆除当地的“丛林”难民营，营中的7千名难民将被疏散到法国其他难民中心安置。为防止现场发生冲突，法国警方特别增派了1250名警力。加来“丛林”营地原本是一处破败居民区，因靠近英吉利海峡，大批希望前往英国的中东和非洲难民聚集在此，偷渡和治安事件频发。 南非启动退出国际刑事法院的程序 南非司法与狱政部长马苏塔21日证实，由于无法执行海牙国际刑事法院的相关规定，南非已正式启动退出该机构的程序。联合国确认，已收到南非的有关信件，并对这一决定感到遗憾。去年6月，国际刑事法院要求南非政府在苏丹总统巴希尔在该国出席会议期间将他逮捕，并交给国际刑事法院审判，但南非以不符合南非法律为由未予执行。非洲一些国家此前表示，国际刑事法院未能公正对待非洲领导人。 2018俄世界杯确定“狼”为吉祥物 2018年俄罗斯世界杯官方吉祥物21日晚揭晓，名为扎比瓦卡的卡通造型“狼”击败老虎和猫、最终获选。俄语中扎比瓦卡是进球得分的意思。俄罗斯世界杯将于2018年6月到7月举行。
