date,title,content
20160307,习近平参加黑龙江代表团审议,党和国家领导人习近平、李克强、张德江、俞正声、刘云山、王岐山、张高丽，今天上午分别参加了十二届全国人大四次会议一些代表团的审议。 3月7日上午，中共中央总书记、国家主席、中央军委主席习近平在黑龙江代表团参加审议。会上，王宪魁、陆昊、孙斌、刘蕾、姜万春、张雨浦、武凤呈、高永、王波等9位代表先后围绕转换发展动能、完善粮食价格政策、加快人口较少民族脱贫奔小康、支持资源型城市转型发展、支持重点林区停伐转型、支持老工业基地结构性改革等问题发表意见。习近平认真听取和记录并同大家交流，最后作了重要讲话。习近平在肯定黑龙江过去5年的工作后强调指出，要扬长避短、扬长克短、扬长补短，向经济建设这个中心聚焦发力，打好发展组合拳，奋力走出全面振兴新路子。 习近平指出，要全面落实创新、协调、绿色、开放、共享的发展理念，全面深化改革，积极推进全方位对外开放，保障和改善民生，加强生态文明建设。要深入推进法治建设，着力打造全面振兴好环境。法治是一种基本的思维方式和工作方式，法治化环境最能聚人聚财、最有利于发展。要提高领导干部运用法治思维和法治方式开展工作、解决问题、推动发展的能力，积极培育社会主义法治文化，引导广大群众自觉守法、遇事找法、解决问题靠法，深化基层依法治理，让依法办事蔚然成风。要充分调动广大干部积极性，不断提升工作精气神。党组织对待干部，既要严格管理，又要热情关心。要保护作风正派、锐意进取的干部，真正把那些想干事、能干事、敢担当、善作为的优秀干部选拔到各级领导班子中来。
20160307,张德江参加安徽代表团审议,中共中央政治局常委、全国人大常委会委员长张德江在安徽代表团参加审议。在听取代表们发言后，张德江充分肯定了安徽省工作成就。他说，创新、协调、绿色、开放、共享的发展理念，是以习近平同志为总书记的党中央关于发展的重大理论创新，是管全局、管根本、管长远的重大实践指南。推动“十三五”乃至更长时期的发展，要准确把握经济发展新常态这个大逻辑，用新发展理念统一思想、指导实践，以新发展理念引领发展、破解难题。要紧密结合“两学一做”学习教育，增强贯彻新发展理念的能力和水平。要以提高发展质量和效益为中心，以推进供给侧结构性改革为主线，增强创新能力，强化统筹协调，推进和谐共生，坚持对外开放，使发展成果更多更公平惠及全体人民。
20160307,俞正声参加台湾代表团审议,中共中央政治局常委、全国政协主席俞正声在台湾代表团参加审议。俞正声指出，3月5日，习近平总书记就两岸关系发表重要讲话，我们要认真学习领会，切实贯彻执行。俞正声强调，过去8年特别是党的十八大以来，两岸关系和平发展成果丰硕，来之不易，值得倍加珍惜。我们将继续坚持“九二共识”，坚决反对和遏制任何形式的“台独”分裂活动，加强与台湾所有认同一个中国的政党和团体接触交流，推进两岸各领域交流合作，广泛团结两岸同胞，努力维护两岸关系和平发展和台海和平稳定，为实现中华民族伟大复兴而共同奋斗。
20160307,张高丽参加广西代表团审议,中共中央政治局常委、国务院副总理张高丽在广西代表团参加审议。在认真听取代表们发言后，张高丽充分肯定广西改革发展取得的新成就。他希望广西深入贯彻习近平总书记系列重要讲话精神，按照“五位一体”总体布局和“四个全面”战略布局，坚持以五大发展新理念引领广西创新发展，贯彻落实“三大定位”要求，加强“双核驱动”、“三区统筹”联动，加快产业转型升级，加强生态文明建设，打好脱贫攻坚战，不断开创广西改革发展新局面。
20160307,【我和总书记议国是】为了东北振兴 为了百姓幸福,今天上午，人民大会堂东大厅笑声阵阵，掌声不断，习近平总书记与黑龙江代表团的代表们共议国是、倾心攀谈。总书记心系东北振兴，牵挂民生福祉，让大家振奋不已。 走出人民大会堂，赫哲族80后代表刘蕾依然难掩脸上的兴奋。 刘蕾在发言中说，在兴边富民工程等政策帮扶下，赫哲族群众的生活就像乌苏里船歌中唱的一样走上了幸福路。 总书记强调，在发展道路上要发挥好制度优势，人数较少民族也都要奔小康，一个也不能少。 孙斌是黑龙江省桦南县梨树乡和平村的种粮大户，他承包了8000多亩地种粮食，并且连续12年取得大丰收。在他发言时，总书记多次询问粮食种植问题。 全国人大代表高永是黑龙江省上甘岭林业局的工人。他在会上发言的内容主要和林业保护相关。其中也谈到了在黑龙江省全面实施森林禁伐的措施后，林业职工的工作调整问题。这点引起了习总书记的关注。 高永说总书记也对林业职工如何转型提出了自己的看法。 全国人大代表、中国人民大学教授郑功成的研究方向是社会保障，他用职业眼光梳理发现，八位代表发言中，习总书记五次主动询问，内容都是和民生保障相关。在郑功成看来，这些询问中无一不体现了习总书记对于民生的关切。 振兴老工业基地已经到了滚石上山、爬坡过坎的关键阶段。总书记关于“国有企业发展，没有现存的‘金娃娃’摆在那里。要‘借东风’，激发内生动力，在竞争中增强实力”的指示，激起了国企人的干劲。
20160307,全国人大 政协今天举行三场记者会,十二届全国人大四次会议、全国政协十二届四次会议今天分别举行记者会，财政部长楼继伟、农业部长韩长赋和全国政协委员解振华、秦大河、吴晓青、胡存智、白岩松分别回答了中外记者的提问。 在回答本台记者关于营业税改征增值税的问题时，楼继伟表示建筑业、房地产业、金融业和生活服务业虽然是难点，但今年都要纳入营改增。 在回答个人所得税改革的问题时，楼继伟表示，改革方案已经提交国务院，今年将把综合与分类相结合的个人所得税法的草案提交全国人大审议。他还介绍说，综合所得税将按分类进行扣除，比如个人职业发展、再教育的扣除，基本生活住宅的按揭贷款利息要扣除；还有抚养孩子，处于什么样的阶段等也要分类扣除。 农业部部长韩长赋在回答提问时表示，要通过三个转变，力争到2020年使我国农业发展的质量效益和竞争力能够显著提升。 韩长赋还表示，农业主管部门对农产品安全问题坚持的是零容忍，任何一级政府都要对它属地内的食品安全问题负责。 在下午的记者会上，解振华、秦大河、吴晓青、胡存智、白岩松五位全国政协委员分别就碳排放、城市空气质量、环保等问题回答了记者的提问。解振华在回答关于碳排放的提问时表示，中国是发展中国家里第一个提出碳排放峰值概念的，我国的碳排放预计会在2030年左右实现峰值。
20160307,“三八”国际妇女节中外妇女招待会在京举行,纪念“三八”国际妇女节中外妇女招待会7日下午在人民大会堂举行。 刘延东、孙春兰、李源潮、严隽琪、杨洁篪、李海峰和彭珮云、何鲁丽、顾秀莲、陈至立出席招待会。 全国人大常委会副委员长、全国妇联主席沈跃跃在招待会上向各国姐妹致以节日祝贺。她指出，2015年，中国与联合国妇女署合作举办的全球妇女峰会成为世界妇女运动史上新的里程碑。全国妇联坚持服务大局、服务妇女，广大妇女积极投身改革发展实践，妇女发展环境进一步优化。她强调，在决胜全面建成小康社会开局之年，我们要紧密团结在以习近平同志为总书记的党中央周围，贯彻五大发展理念，团结带领妇女听党话、跟党走，为实现“十三五”良好开局和中国梦贡献巾帼力量。中国愿与各国姐妹携手努力，共建共享美好世界。
20160307,国内联播快讯,毛丰美被追授全国优秀共产党员 日前，经中央领导同志同意，中央组织部决定，追授辽宁省凤城市大梨树村原党委书记毛丰美同志“全国优秀共产党员”称号。 今年将大力净化网络文化环境 全国“扫黄打非”办公室公布，2016年将重点打击网上三类主体违法行为，即有害信息上传者、网络平台提供者及第三方服务提供者，深入开展“净网2016”等专项行动。 郑州航空港货运国际航线居内陆第一 作为我国首个国家级航空港实验区，目前郑州机场已经累计开通航线171条，其中全货运国际航线30条，居内陆第一，基本形成了横跨欧、亚、美三大经济区、覆盖全球主要经济体的航线网络，也是我国内陆地区口岸种类最多的区域。 世乒赛落幕 中国男团实现八连冠 第53届世乒赛昨晚在马来西亚吉隆坡落下帷幕，中国男子乒乓球队以3比0战胜日本队，夺得男团冠军，在赢得八连冠的同时，也第二十次捧起斯韦思林杯。
20160307,韩美启动大规模联合军演,韩美两国军队7号在韩国全境正式启动代号为“关键决心”和“秃鹫”的例行大型联合军事演习。演习有1万5千多名美军和约30万名韩军参加。韩联社报道说，这是自2010年3月发生“天安号”事件以来规模最大的一次韩美联合军事演习。 朝鲜外务省和国防委员会6号和7号先后发表声明谴责韩美联合军演。 外交部发言人洪磊7号表示，中方在朝鲜半岛保持稳定方面拥有重大关切，中方坚决反对任何在半岛挑事惹事之举。决不允许家门口生战生乱，强烈希望有关各方务必保持克制，不要相互刺激和加剧紧张。
20160307,国际联播快讯,"伊中部遭爆炸袭击 至少60人死亡 6号，伊拉克中部巴比伦省省会希拉市一处检查站遭自杀式爆炸袭击，造成至少60人死亡、70人受伤。极端组织宣称制造了这起恐怖袭击。 目前极端组织控制着伊拉克西部和北部部分地区，在多个省份与伊政府军交战。 难民船在爱琴海倾覆 至少25人遇难 两艘难民船6号在土耳其西部爱琴海海域倾覆，造成至少25人丧生，另有多人失踪。报道称这些难民来自叙利亚，将前往附近的希腊岛屿。 根据国际移民组织统计，今年到目前为止，已有超过11万名来自非洲和中东的难民偷渡到欧洲,有超过400名难民在海上偷渡途中丧生。"
