date,title,content
20160607,习近平会见美国国务卿和财政部长,国家主席习近平7日在人民大会堂会见来华出席第八轮中美战略与经济对话和第七轮中美人文交流高层磋商的美国国务卿克里、财政部长雅各布·卢。 习近平指出，在双方共同努力下，中美第八轮战略与经济对话和第七轮人文交流高层磋商取得积极成果。希望双方认真抓好落实，确保早出成效，让两国人民早日受益。 习近平强调，3年前，我同奥巴马总统同意共同努力构建中美新型大国关系。3年来中美关系取得的成果表明，这条道路完全符合两国人民和世界人民的根本利益，能够走得通、走得远。双方应该牢牢把握中美关系发展的历史趋势，聚焦合作，多做实事，妥处分歧，排除干扰，推动中美关系健康稳定向前发展。我期待同奥巴马总统9月初在二十国集团领导人杭州峰会期间再次会面，继续就共同关心的重大问题交换意见。中美两国应该加强宏观经济政策协调，共同推动杭州峰会取得尽可能多的积极成果，为世界经济传递信心、注入动力。双方可以共同挖掘经贸投资、清洁能源、环保等广泛领域合作潜力，加强在重大国际和地区问题上的沟通协调。双方要努力扩大两国各界和地方交流合作，为两国人民加强交往架设更多桥梁。对中美间存在的一些分歧，关键是要尊重彼此核心利益和重大关切，坚持通过对话协商找到解决办法，或以建设性方式加以管控，防止两国关系偏离正确轨道。 习近平强调，中美可以做的事情很多。双方要多做有利于中美合作的事情，不做或少做不利于两国合作的事情。只要双方从大处着眼，聚焦合作，相向而行，积极行动，就能确保中美关系沿着构建新型大国关系的正确轨道向前发展。 克里和雅各布·卢表示，习近平主席在本轮战略与经济对话和人文交流高层磋商联合开幕式上的重要讲话为对话和磋商确定了基调、指明了方向。奥巴马总统期待今年9月来华出席二十国集团峰会期间同习主席会晤。美方愿同中方共同努力，确保二十国集团杭州峰会取得成功。奥巴马总统一再重申，美方欢迎一个稳定、繁荣的中国崛起。美中在应对气候变化及其他重大问题上富有成效的合作表明，美中关系是最重要的双边关系。美方相信，美中两国拥有广泛的合作潜力，双方也能够一起妥善处理好彼此间分歧。 国务院副总理刘延东、国务院副总理汪洋、国务委员杨洁篪参加会见。
20160607,习近平对深化国防和军队改革期间军队转业干部安置工作作出重要指示强调 关心关爱军转干部创新安置工作机制 为促进国防和军队改革提供政策保证,日前，习近平在中共中央政治局常委会会议审议深化国防和军队改革期间军队转业干部安置工作文件时发表重要讲话。他强调，要高度重视军转安置工作，关心关爱军转干部，创新安置工作机制，做好宣传舆论工作，确保军转安置工作圆满完成，为促进国防和军队改革顺利进行提供有力政策保证。 习近平指出，要充分认识做好深化国防和军队改革期间军转安置工作的重大意义，把做好军转安置工作作为关系国防和军队改革的一件大事、一项政治任务摆在突出位置，加强组织领导。军转安置是一项复杂工作，要统筹兼顾，全面落实各项政策。军队和地方要加强协作配合，形成合力开展工作。 习近平强调，军转干部是党和国家的宝贵财富，是建设中国特色社会主义的重要力量。军队干部转业地方工作，是他们人生的重大转折，要安置好，也要使用好，继续发挥他们的作用，要严肃安置工作纪律，不允许以任何理由拒绝接收军转干部，确保党中央政令畅通。 习近平指出，军转干部安置工作的出路在于深化改革。要坚持为经济社会发展和军队建设服务的方针，贯彻妥善安置、合理使用、人尽其才、各得其所的原则，推进退役军官安置管理保障体制机制改革和政策制度创新，逐步完善服务保障体系和相关政策法规。要营造支持国防和军队改革、关心爱护军转干部的浓厚社会氛围。要教育广大军转干部保持和发扬人民军队优良传统，自觉服从国防和军队改革大局，听从组织安排，积极到党和人民最需要的地方建功立业。
20160607,李克强会见美国国务卿和财政部长,国务院总理李克强7日在人民大会堂会见美国总统奥巴马特别代表、国务卿克里和财政部长雅各布·卢。 李克强表示，中方愿同美方发挥好双边对话交流机制的平台作用，增进战略互信，拓展合作渠道，开展人文交流，建设性管控分歧，推动中美关系持续健康稳定发展。我们愿同美方深化经贸合作，保持密切磋商，争取达成一项互利共赢、高水平的双边投资协定。中美合作要着眼大局和主流，希望美方如期落实关于中国加入世界贸易组织议定书第十五条规定的承诺。 李克强重申，中国有能力保持人民币汇率在合理均衡水平上的基本稳定。 美方表示，美中加强对话与合作将对世界经济产生重要影响。美方愿积极推进双边投资协定谈判。双方还就产能过剩、气候变化等问题交换看法。 刘延东、汪洋、杨洁篪参加会见。
20160607,王岐山在制定中国共产党问责条例座谈会上强调 用担当诠释忠诚 释放失责必问强烈信号,日前，中共中央政治局常委、中央纪委书记王岐山在京主持召开部分中央部委负责同志座谈会，并到辽宁省召开座谈会，就制定中国共产党问责条例征求意见。他强调，问责条例是全面从严治党重要的制度笼子，制定条例的过程就是统一思想认识、释放失责必问强烈信号的过程，各级党委党组、纪委纪检组和党的工作部门要从自身做起，推动管党治党从宽松软走向严紧硬。习近平总书记始终强调，党的领导是中国特色社会主义最本质的特征，权力就是责任、责任就要担当，把对党的领导干部的要求凝练为忠诚干净担当。有权必有责、有责要担当、失责必追究。要把权力与责任、义务与担当对应起来，充分发挥党的领导核心作用，厚植党执政的政治基础。党的观念淡薄、组织涣散、纪律松弛，根本原因在于管党治党不严、责任担当缺失。发现问题就要对症下药、标本兼治。制定问责条例就是要把利剑高悬起来，告诫和警示全党，党中央对问责是动真格的，党的领导干部不担当、不负责就要被追责。各级党组织要向以习近平同志为总书记的党中央的担当精神看齐，用担当的行动诠释对党的忠诚。 王岐山强调，制定问责条例要坚持问题导向，抓住主要矛盾，尊崇党章、聚焦政治责任，抓住现阶段主要问题，增强针对性和实效性，只要方向正确，迈出一步就是胜利。动员千遍不如问责一次。党的领导是具体的不是抽象的，“领”就是率先垂范、引领示范，“导”就是要发现问题、及时纠正。各级党组织和党的领导干部要把自己摆进去，以眼里不揉沙子的认真劲儿，敢于较真、体现战斗性，踏石留印、抓铁有痕，唤醒责任意识，激发担当精神。
20160607,张高丽访问亚美尼亚,应邀访问亚美尼亚的国务院副总理张高丽6日在埃里温会见亚美尼亚总统萨尔基相。 张高丽首先转达了习近平主席的亲切问候和良好祝愿。张高丽说，当前，中亚两国友好合作关系稳步发展。去年，总统先生对中国进行国事访问并出席博鳌亚洲论坛年会，同习近平主席就推动双边关系和各领域务实合作达成重要共识，为中亚友好合作关系发展注入了新动力。 张高丽表示，中亚关系正处在新的历史起点，面临前所未有的发展机遇。双方要继续开展高层交往，推动各方面沟通交流，深化政治互信，加强相互支持。要携手推动丝绸之路经济带建设，加强两国发展战略对接，寻找合作的利益契合点，进一步提升务实合作水平。中国政府支持中方企业参与亚美尼亚公路、铁路等基础设施建设。要深化地方、文化、教育、体育、旅游、媒体等领域的交流合作，增进两国民众相互了解和友谊，夯实中亚友好的民意基础。要加强在国际和地区事务中的合作，共同维护国际和地区和平稳定，促进共同发展。 萨尔基相请张高丽转达他对习近平主席的亲切问候和良好祝愿。他表示，不断推进亚中友好关系是亚外交政策的优先方向。亚方将坚定恪守一个中国政策，愿积极参与丝绸之路经济带建设，与中方加强在铜矿冶炼、化工、交通基础设施建设、农产品贸易、旅游、教育等领域合作。亚方欢迎更多的中国企业来亚投资兴业。 会见后，张高丽与萨尔基相共同出席了援亚中文学校项目启动仪式。 同日，张高丽同亚美尼亚总理阿布拉米扬举行会谈。张高丽转达了李克强总理的亲切问候和良好祝愿。他说，中亚经济互补性强，合作潜力大。要认真研究双方发展规划和中长期产业发展战略，梳理出优势互补领域和新的合作增长点，进一步拓展双方合作空间。要高质量高水平做好现有合作项目，取得实实在在成果。要着力打造标志性大项目，实现两国务实合作规模和质量双提升。要本着企业主体、市场运作原则推进产能合作，培育务实合作新亮点。 阿布拉米扬请张高丽转达他对李克强总理的亲切问候和良好祝愿。他表示，亚方愿与中方共同努力，落实两国领导人达成的共识，进一步研究优势互补的项目，深化各领域互利合作，推动双边关系不断向前发展。 会谈后，张高丽与阿布拉米扬共同见证了双方有关合作文件的签署。
20160607,【归国创业梦】蔡蔚：给新能源汽车造颗中国“芯”,49岁回国创业，目标是要在中国制造出最好的新能源汽车电机，让全世界的新能源汽车装上一颗中国“芯”，他就是新能源汽车电机系统产业化专家蔡蔚。 电机系统是新能源汽车的“心脏”，相当于传统汽车的发动机和变速箱，而蔡蔚就是给新能源汽车制造心脏的人。1999年博士毕业后，蔡蔚进入美国汽车发动机制造领域，他设计制造的产品也成为奔驰、宝马和克莱斯勒等品牌早期混合动力汽车的电驱动总成。2008年，49岁在国外早已功成名就的蔡蔚却决定冒一次险，回国创业。 然而创业伊始，蔡蔚发现，虽然很多国际品牌汽车都把生产线建在了中国，但是仅限于低端零部件生产，发动机和变速箱这些核心技术和产品必须依赖进口。新能源汽车电机系统的设计和制造的差距更大，蔡蔚连想要配齐生产零部件都是个非常困难的事。 找不到合适的零件就自己来，蔡蔚将研发和产业化主线从电机逐步扩展到与之相关的各个关键零部件生产。蔡蔚回国创业后的第三年，精进电动率先建成我国第一条年产6万台驱动电机规模生产线，当年产销出口乘用车驱动电机超过万台。今年，一条新的10万台级新能源乘用车驱动电机产品线建设完工，生产的产品将装载在美国三大汽车公司之一的新能源汽车中。
20160607,【脱贫攻坚在行动】扶贫小额信贷 一户都不能少,为加大金融扶贫力度，银监会提出要求，银行业金融机构，对符合条件的建档立卡贫困户有效贷款需求，要实现扶贫小额信贷全覆盖。 李明会是苟家坝村的贫困户，对于他的贷款申请，信用社看重的不是他的收入，也不是财产，而是诚信。当地政府还对扶贫小额贷款的利息给予补贴。根据银监会的要求，银行要为扶贫单独列出信贷资源，单设机构。 在甘肃，建设银行与甘肃省政府签订协议，为当地提供50亿元“精准扶贫小额农户贷款”。 银监会要求，对建档立卡贫困户5万元内贷款，不设抵押担保，对有创业潜质的建档立卡贫困户要保证应贷尽贷，实行利率优惠。
20160607,2016年高考：26省份全国统一命题,2016年全国统一高考今天开考，按照国家高考改革方案的要求，要逐步扩大全国统一命题的覆盖范围，今年已经有26个省份采用全国统一命题的试卷。 今年的高考，全国统一命题的覆盖范围从去年的18个省份增加到今年的26个。统一命题是指由教育部考试中心按照高中课程标准和教学要求，组织若干套试卷提供给各地选用，并不是所谓的“全国一张卷”，这也是和各地基础教育水平、课程改革进度等实际相符合的。例如，教育发达程度较高的东部地区大多选择难度较高的试卷类型，而中西部地区多数选择难度适中的考卷。 今天的高考统考科目是语文和数学，每年的作文题目都会引发人们兴趣，其实也是反映出对高考对学生知识能力考查的要求。在三套全国语文试卷中，漫画作文“奖惩之后”被认为最能体现学生的思考广度。 在自主命题省份的语文试卷中，作文题目各具特色，北京卷的“老腔”能体现对传统文化的认知，浙江卷的“虚拟与现实”，让学生表达对网络购物、线上娱乐等新事物的态度。 今天走进高考考场的有940万考生，比2015年减少两万人。统计数据显示，2008年高考人数达到1050万人的历史最高峰值，之后一直呈下降曲线，直到2014年至今，趋于稳定，预计这样的报考规模将到2020年前后。今年也是刑法修正案把考试作弊列入刑事处罚后的第一次高考，各地普遍升级技术设备，严格保障考场秩序。与此同时，温情与关爱也是每年高考都不缺少的风景线，从交警紧急送考到医生现场救助，各部门和社会各界积极为考生营造良好考试环境。近几天，新疆吐鲁番，云南元江等地遭遇四十度高温，教育、电力、卫生部门联合行动，安装空调设备，部署应急服务。湖北巴东、四川洪雅等地连降暴雨，交警全力疏导交通，考务人员连夜清理积水，保证考生们顺利走进考场，书写人生答卷。
20160607,商务部：1-4月欧盟对华投资同比增长41.9%,商务部今天公布的数据显示，今年前4个月欧盟对华投资快速增长，同比增长41.9%。 1-4月，欧盟28个国家在华新设企业555家，同比增长5.1%，实际投入外资221亿元人民币，同比增长41.9%。从资金来源地来看，英国、德国、卢森堡、瑞典，对华实际投入金额均呈现较大幅度增长，同比增长分别为84.5%、35.3%、317.5%、98.1%。 从行业来看，农林牧渔，建筑业，科学研究、技术服务和地质勘查业增幅均在200%以上。此外，欧盟主要成员国对华投资制造业实际投入金额同比增长31.5%。 从全球对华投资看，1-4月，有370多家大型外商投资企业新设立投资总额或增资超过1亿美元。
20160607,《重读先烈诗章》出版发行,为在广大党员干部和青少年中深入开展理想信念教育，积极培育和践行社会主义核心价值观，在中国共产党成立95周年之际，中宣部宣教局组织编写了《重读先烈诗章》。目前，该书已由中华书局出版，在全国各地新华书店发行。
20160607,国内联播快讯,支持中国高铁发展战略合作协议签署 国家质检总局、国家认监委、中国铁路总公司今天签署《认证认可支持中国高铁发展战略合作协议》。协议为中国高铁走出去提供了技术支撑，将推动中国铁路产品检测结果、认证证书的国际互认。 中泰海军陆战队联合训练结束 “蓝色突击-2016”中泰海军陆战队联合训练，今天在泰国班扎肯训练场结束。中国海军首次派出两栖船坞登陆舰搭载陆战队员参训。双方进行了两栖作战、多兵种实兵实弹综合演练等课目的联合训练。 南昌海昏侯国遗址博物馆今天成立 江西南昌海昏侯国遗址博物馆今天正式挂牌成立，海昏侯墓是目前我国发现的面积最大、保存最好、内涵最丰富的汉代列侯等级墓葬，经过5年考古发掘，已出土2万多件珍贵文物。 云南整治野生动植物非法交易场所 云南昆明、文山森林警方清理整顿野生动植物非法交易场所，重拳打击濒危野生动植物非法贸易。昆明森警在6次突击清查行动中，查获一大批野生动植物活体和制品。
20160607,遇难中国维和士兵遗体运抵马里首都,6号，搭载在马里遇袭牺牲的中国维和士兵申亮亮遗体的联合国专机，从马里北部加奥地区飞抵马里首都巴马科。 联合国驻马里多层面综合稳定特派团的代表，以及中国驻马里大使馆的工作人员一同在停机坪迎接申亮亮的灵柩。4名维和战士和4名中国军队工作组成员为烈士扶灵。 申亮亮的遗体抵达巴马科后，联合国驻马里多层面综合稳定特派团将举行纪念活动，中国驻马里大使馆也将举行追悼会。 经最新排查，又确诊一名中国维和士兵因爆炸冲击破导致耳膜穿孔并出现疑似脑震荡症状。至此，发生在5月31号联合国马里稳定团加奥营地的袭击事件，除造成申亮亮牺牲外，共造成6名中国维和士兵受伤。 6号，三名受伤的中国维和士兵乘坐联合国专机从加奥抵达巴马科，其中两人留在巴马科治疗，另外一人将转机回国治疗。而伤情最轻的中国维和士兵已经在加奥出院。 此前，两名伤情较重的伤员已经被送往塞内加尔首都达喀尔的中央医院治疗，目前伤情稳定。由于两人做完手术不久，可能不适合进行长途转运，中国军队工作组考虑可能会让他们继续留在达喀尔治疗。
20160607,逼近俄罗斯 北约三场军演同时举行,5号、6号两天，北约在波罗的海地区同时展开三场大规模军演。对此，俄方称将采取适当措施，保护俄罗斯领土安全。 北约从6号开始在波兰举行代号为“蟒蛇2016”的联合军事演习。这是冷战后北约在东部成员国举行的最大规模演习之一，来自19个北约国家和5个北约伙伴国的3万多名军人参加军演。 美国部署在波兰的反导系统在上个月开工，7月份北约还将在波兰举行峰会，增加在波兰的驻军。 同样在6号，“铁狼2016”多国军演在立陶宛举行，这一演习是美军在波罗的海三国举办的联合军演的一部分。 而从5号起，北约还开始在波罗的海举行代号为“波罗的海行动”的大规模海上军演，非北约成员国芬兰参加军演。这次海上军演横跨波罗的海整个海域，美国海军将首次演练在俄罗斯的邻国芬兰登陆。 6号，俄罗斯外长拉夫罗夫在会见到访的芬兰外长后表示，俄罗斯对波罗的海地区没有威胁，美国只是以此为借口部署更多的兵力和武器，以保证美国对欧洲的控制。俄罗斯将对北约在俄周边的军事行动采取“适当的措施”，以保护俄罗斯的领土安全。
20160607,国际联播快讯,伊斯坦布尔发生爆炸 数十人死伤 当地时间7号早晨，土耳其伊斯坦布尔市中心发生爆炸，目前已造成至少11人死亡，其中包括7名警察，另外还有36人受伤。据当地媒体说，爆炸地点靠近大学和旅游景点，袭击目标是载有防暴警察的警车，附近的建筑和车辆都受到波及。 目前还没有组织宣称制造了这起爆炸。 日本评级机构下调本国国债评级 6号，日本评级投资信息中心宣布，将日本国债的评级展望从“稳定”下调至“负面”。评级投资信息中心认为，日本政府近日推迟提高消费税率，增加了削减财政赤字的难度，使日本政府无法完成在2020财年实现财政盈余的目标。 为避免国内个人消费继续下滑，日本政府1号宣布，将第二轮消费税提高计划推迟两年半。 西哈努克港经济特区发展提速 由中柬两国政府共同打造的柬埔寨西哈努克港经济特区，今天迎来第一百家企业入驻。西哈努克港经济特区紧临柬埔寨唯一的出海口，能容纳300多家企业，解决当地10万人就业。作为西哈努克港经济特区建设重要推进方，中国江苏省已经引导50家本省纺织服装、装备制造等企业入驻，国际产能合作不断加快。
