date,title,content
20160714,经习近平主席和中央军委批准 中国军队工作组乘军机赶赴南苏丹,经习近平主席和中央军委批准，中国军队派出工作组昨天晚上乘空军飞机赶赴南苏丹朱巴地区。工作组将传达习主席和军委领导指示，看望慰问中国维和部队官兵，现地指导部队加强安全防卫，协调处理伤亡人员善后工作，接回牺牲人员遗体和伤员。 经过18个小时长途飞行，中国军队工作组抵达乌干达恩德培机场，再择期前往南苏丹。工作组由国防部维和事务办公室代主任苏广辉少将带队，成员由外交部、军委机关、维和任务部队有关人员及医疗专家组成。今天下午，中国军队又派遣一架专业医疗救援飞机飞赴南苏丹，接运维和部队遇袭重伤员。 当地时间7月10日，中国赴南苏丹维和步兵营一辆装甲车在南苏丹联合国营地执行难民营警戒任务时被一发炮弹击中，中国维和人员有2人牺牲、2人重伤、3人轻伤。
20160714,三名我维和受伤士兵转诊乌干达,当地时间13号下午，在南苏丹联合国维和营遇袭受伤的三名我维和士兵霍亚会、吴乐、姚道祥，在军医陪同下乘包机抵达乌干达恩德培国际机场。 中国援助乌干达医疗队的两名医生与纳卡塞罗医院的医疗专家对伤员进行了诊断和初步治疗。两名轻伤员被送进病房，一名重伤员已经顺利完成手术。 由于南苏丹局势动荡，12号至13号两天，300多名在南苏丹的中资机构人员陆续撤离，乘包机抵达肯尼亚首都内罗毕。目前在南苏丹还有部分中资机构人员留守。
20160714,李克强抵达乌兰巴托对蒙古国进行正式访问并出席第十一届亚欧首脑会议,这里是蒙古国乌兰巴托成吉思汗国际机场。当地时间13日下午，应蒙古国总理扎尔格勒图勒嘎·额尔登巴特邀请，国务院总理李克强乘专机抵达这里，开始对蒙古国进行正式访问，并将出席在这里举行的第十一届亚欧首脑会议。 专机抵达时，蒙古国外交部长普日布苏伦等到机场迎接。身着传统服饰的蒙古国女青年献上哈达和奶干，礼兵沿红地毯两侧列队行注目礼，向李克强总理致敬。中国驻蒙古国大使邢海明也到机场迎接。 李克强表示，我期待通过此访，同蒙方领导人共商两国新时期友好、合作、发展大计。中方积极支持蒙方主办第十一届亚欧首脑会议，愿同各方一道推动本届会议取得圆满成功。
20160714,李克强出席蒙古国总理举行的欢迎仪式,当地时间14日上午，蒙古国总理额尔登巴特在乌兰巴托成吉思汗广场举行仪式欢迎国务院总理李克强对蒙古国进行正式访问。 李克强抵达时，额尔登巴特在下车处迎接。 军乐队奏中、蒙两国国歌。 随后，额尔登巴特陪同李克强检阅了仪仗队。
20160714,李克强与蒙古国总理举行会谈,欢迎仪式后，两国总理举行会谈。 李克强表示，中蒙是好邻居、好朋友、好伙伴，两国全面战略伙伴关系发展势头良好，双方相互尊重彼此核心利益和重大关切，中方赞赏蒙方坚定奉行一个中国政策，期待同蒙古国新一届政府一道，继续巩固政治互信，保持高层交往，全面深化各领域务实合作，更好造福两国人民。 李克强指出，中蒙经济互补性强，深化合作面临新机遇。中方愿做好“丝绸之路经济带”倡议同蒙方“草原之路”发展战略对接，尽早启动双边自贸协定联合可行性研究。在农畜产品深加工、住房和基础设施建设等领域打造合作新亮点，取得新突破。加强金融合作，扩大本币互换规模。密切人文交流，增进两国人民的理解和友谊。 额尔登巴特欢迎李克强总理首次正式访蒙并出席亚欧首脑会议，表示蒙新一届政府将致力于保持蒙中传统友好，巩固和发展两国全面战略伙伴关系。以对接两国发展战略为契机，深化双边农牧业、能矿、基础设施建设等领域合作。 会谈后，两国总理共同见证了贸易、经济技术、基础设施建设、广播电视等领域15个双边合作文件的签署。 会谈后，两国总理共见记者，并出席中国帮助蒙古国建设的残疾儿童发展中心项目启动仪式。
20160714,李克强会见蒙古国总统,当地时间14日上午，李克强在乌兰巴托国家宫会见蒙古国总统额勒贝格道尔吉。 李克强转达中国国家主席习近平对额勒贝格道尔吉总统的亲切问候。李克强表示，中蒙是山水相连的友好邻邦。中方对中蒙全面战略伙伴关系稳步发展的良好势头感到满意，愿同蒙方不断丰富两国关系内涵，推进各领域合作迈上新的台阶。 李克强指出，今年适逢亚欧首脑会议20周年。亚欧大陆是全球最大的大陆，亚欧国家经济总量占世界一半，其稳定和发展对世界和平与繁荣至关重要。发展是和平与稳定的基石。当前，一些地区的难民、恐怖主义蔓延等国际性事件影响横贯欧亚大陆。中方愿同蒙方及各方一道，为加强亚欧合作、应对共同挑战、维护和平稳定、促进共同发展贡献力量。 额勒贝格道尔吉表示，发展对华关系是蒙外交政策首要方针，蒙新政府推动蒙中友好政策不会改变，愿促进双方务实合作深入推进，愿通过主办亚欧首脑会议，凝聚共识，促进友好，推动亚欧对话与合作取得新进展。
20160714,李克强会见蒙古国大呼拉尔主席,当天，李克强在乌兰巴托国家宫会见蒙古国大呼拉尔主席恩赫包勒德。 李克强祝贺恩赫包勒德当选新一届大呼拉尔主席，表示中方重视发展同蒙古国的关系与合作，愿以深化农畜产品深加工、住房建设等重点领域务实合作，促进经济发展，推进民生改善。 李克强指出，立法机构交流合作是中蒙关系的重要组成部分。欢迎蒙新一届大呼拉尔同中国全国人民代表大会继续保持定期交流。两国政党也可以加强治国理政交流。 恩赫包勒德表示，李克强总理此访对促进蒙中友好合作意义重大。蒙古国新一届大呼拉尔将高度关注并推进两国总理达成重要共识与成果的后续落实，努力为中国企业在蒙投资提供良好法律环境，进一步深化同中国全国人大的交流与合作。
20160714,李克强对举办2016年“世界青年技能日”活动作出重要批示强调 引导广大青年大力弘扬工匠精神 推动中国制造实现转型升级,在7月15日“世界青年技能日”到来之际，中共中央政治局常委、国务院总理李克强作出重要批示。批示指出：青年是国家的宝贵财富，是推动经济社会发展的中坚力量。青年兴则民族兴，青年强则国家竞争力强。青年应成为实施创新驱动发展战略、推动大众创业万众创新的主力军。举办“世界青年技能日”活动，就是要营造尊重劳动、崇尚技能的社会氛围，引导广大青年大力弘扬工匠精神，走上技能成长成才之路。各地区、各部门要多措并举，创造良好环境，培养造就数量充足、结构合理、素质优良、技艺精湛的青年技能人才队伍，促进就业结构优化，推动中国制造实现转型升级、中国经济发展跃上中高端。
20160714,李克强致电祝贺英国新任首相就任,国务院总理李克强13日向英国新任首相特雷莎·梅致贺电。 李克强在贺电中指出，近年来中英关系保持良好发展势头，两国高层互访频繁，务实合作稳步推进，人文交流日益密切。中方赞赏英国政府推进对华合作“敢为人先”的进取精神，愿同英方一道努力，让中英关系的发展更加全面深入，更好造福两国人民。 李克强表示，中方欢迎特雷莎· 梅首相于今年9月来华出席二十国集团杭州峰会，愿在双方方便时举行新一轮中英总理年度会晤，共同规划两国关系与合作发展大计。
20160714,中共中央办公厅 国务院办公厅印发《专业技术类公务员管理规定（试行）》和《行政执法类公务员管理规定（试行）》,中共中央办公厅 、国务院办公厅近日印发了《专业技术类公务员管理规定(试行)》和《行政执法类公务员管理规定(试行)》，并发出通知，要求各地区各部门结合实际认真贯彻执行。
20160714,中华人民共和国全国人民代表大会外事委员会就菲律宾共和国单方面请求建立的南海仲裁案仲裁庭作出裁决的声明,中华人民共和国全国人民代表大会外事委员会今天(14日)就菲律宾共和国单方面请求建立的南海仲裁案仲裁庭于2016年7月12日作出的裁决，发表郑重声明。声明全文如下。 一、《中华人民共和国外交部关于应菲律宾共和国请求建立的南海仲裁案仲裁庭所作裁决的声明》和《中华人民共和国政府关于在南海的领土主权和海洋权益的声明》已表明了中国的立场，有关裁决对中国没有约束力。全国人民代表大会外事委员会坚定支持这一立场。 二、中国对南海诸岛，包括东沙群岛、西沙群岛、中沙群岛、南沙群岛拥有主权。中国南海诸岛拥有内水、领海、毗连区、专属经济区和大陆架。中国在南海拥有历史性权利。任何国家、组织和机构都无权否定中国在南海的领土主权和海洋权益。 三、菲律宾单方面提起仲裁，违反中菲通过谈判解决有关争议的协议，违反《南海各方行为宣言》，违反《联合国海洋法公约》规定，滥用《公约》规定的仲裁程序，严重侵犯中国作为主权国家和《公约》缔约国享有的自主选择争端解决方式和程序的权利，严重损害《公约》的完整性和权威性。 应菲律宾单方面请求建立的南海仲裁案仲裁庭，对有关事项不具有管辖权。其无视南海的历史和基本事实，曲解和滥用《公约》赋予的权力，自行扩权、越权并对案件实体问题进行审理，违反包括《公约》在内的国际法和国际仲裁的一般法理，所作的裁决是无效的。中国不承认仲裁庭的裁决。
20160714,“南海白皮书”正本清源 还原真相,国务院新闻办昨天发布《中国坚持通过谈判解决中国与菲律宾在南海的有关争议》白皮书，重申中国政府在中菲南海争议和南海问题上的一贯立场和政策。专家表示，白皮书是一种权威的“官方解说”，阐述事实、正本清源，有助于国际社会看清所谓仲裁的“闹剧”本质。 专家指出，两万余字的白皮书，列举古代史料以及中外近现代档案资料，以事实为依据，还原历史真相，力证南海诸岛自古以来就是中国的领土，菲律宾单方面提出的所谓仲裁，就是一场披着法律外衣的政治闹剧。 专家表示，白皮书中重申了中国政府在南海问题上的一贯立场和政策，再次向周边国家和国际社会传递出中国解决南海争端的一贯方针，就是希望通过谈判来解决中菲之间的争端。
20160714,国际法院：与“南海仲裁庭”无关联,菲律宾南海仲裁案临时仲裁庭12号作出所谓最终裁决，而该仲裁庭合法性遭到多方质疑。总部设在荷兰海牙的联合国下属的国际法院13号发表声明，澄清与该仲裁庭毫无关联。 国际法院13号在其官方网页发布中、英文声明说，“南海仲裁案裁决结果是由常设仲裁法院提供秘书服务下的一个特别仲裁庭做出。国际法院作为完全不同的另一机构，自始至终未曾参与该案。” 曾在国际法院工作了18年的前任法官科罗马在接受本台记者采访时也表示，该仲裁庭是一个临时机构，与国际法院毫无关联。 与此同时，多国政界人士对中国在南海问题上的立场表示公开支持，认为南海问题应由当事国根据双边协议和《南海各方行为宣言》通过磋商和谈判和平解决。 俄罗斯国家杜马国际事务委员会第一副主席卡拉什尼科夫认为，临时仲裁庭是假借法律手段，公然干涉地区问题，这也是西方国家针对中国的又一次围堵。
20160714,发改委：上半年经济运行基本平稳,国家发展改革委今天召开新闻发布会，介绍今年上半年宏观经济运行情况。发改委新闻发言人表示，今年上半年我国经济运行基本平稳，符合预期。 从用电量的数据来看，上半年我国全社会用电量同比增长2.7%，比去年同期回升1.4个百分点。其中，服务业增加较快，信息传输、计算机服务和软件业用电同比增长14.2%；而高耗能行业用电量降幅加大，冶金、有色行业用电同比分别下降9.4%和4.3%。 从投资来看，国家推出的11类重大工程包项目，截至5月底已经开工的重点项目有403个，累计完成投资59499亿元。 此外，上半年，降成本方面也取得新的进展。通过实施煤电价格联动等，共减轻企业电费负担470亿元左右。下调非居民用天然气价格，减轻企业负担430亿元以上。最新数据显示，1-5月全国规模以上工业企业每百元主营业务收入中的成本为85.73元，比去年同期下降0.22元；主营业务收入利润率为5.59%，同比提高0.21个百分点。
20160714,“时代楷模”李守江、骆抗先先进事迹发布,中共中央宣传部今天在中央电视台向全社会公开发布“时代楷模”李守江和骆抗先的先进事迹。李守江是国家开发投资公司新疆罗布泊钾盐有限公司党委书记、总经理，他带领团队坚守戈壁16年，克服重重困难，建成了世界最大的硫酸钾肥生产基地，目前已累计生产硫酸钾1000多万吨，使我国钾肥自给率从17年前的10%提高到了50%。骆抗先是南方医科大学南方医院感染内科主任医师，从医62年来，他已经救治了数十万乙肝患者，还率先提出“无症状慢性活动性肝炎”理论，为我国乙肝防治工作做出了突出贡献。
20160714,义务教育：城乡一体 均衡发展,随着城镇化的深入推进以及计划生育政策的调整，城乡义务教育发展，目前正面临着新的变局。针对“乡村教育相对薄弱”和“城镇大班额”等突出难题，国家统筹布局，开出了综合解决的药方。 国务院日前印发了《关于统筹推进县域内城乡义务教育一体化改革发展的若干意见》，针对“乡村弱”的现实，提出了推进学校标准化建设、均衡城乡师资配置、提高乡村教师待遇等一系列举措。目前，中央和地方财政投入5000亿对农村薄弱、小规模学校进行大规模全面改造，预计2018年，基本办学条件达到相应标准。 《意见》要求，乡村教师实际工资收入水平不低于同职级县镇教师工资收入水平，县域内义务教育教师平均工资收入水平不低于当地公务员的平均工资收入水平。职称评聘也要向乡村倾斜。同时，明确城镇学校、优质学校教师，特别是骨干教师到乡村学校去交流轮岗，而且要逐渐加大比例。 在办好农村教育的同时，针对一些地方城镇化过程中突出的大班额问题，《意见》明确，到2018年，要基本消除66人以上的超大班额，到2020年，基本消除56人以上的大班额。要求各地制订消除大班额专项计划，建立消除大班额工作台账，对大班额学校实行“销号管理”。 《意见》还要求，要促进生源的合理均衡，避免大量学生集中在少数热点学校。通过城乡一体化，实施学区化、集团化办学或者学校联盟，均衡配置师资等方式，加大对薄弱学校和乡村学校的扶持力度，限制班额超标学校招生人数，合理分流学生。同时，适度稳定乡村生源，从源头上减少城镇大班额现象。 《意见》还重点关注了随迁子女和留守儿童。要求建立以居住证为主要依据的随迁子女入学政策。推动”两免一补”资金和生均公用经费基准定额资金随学生流动可携带。公办和民办学校都不得向随迁子女收取有别于本地户籍学生的任何费用。
20160714,各地积极应对新一轮强降雨,"从14号到16号，我国中东部又有一次较强降水过程。虽然长江中下游水位在缓退，但大多仍在警戒水位以上，防汛形势依然十分严峻。 连续强降雨，导致湖北蓄水量第一、面积第二的淡水湖梁子湖，近期最高水位达到了21.49米，为历史极值。今晨7点，武警水电部队对梁子湖与牛山湖之间的隔堤实施爆破，成功破垸分洪，两湖连为一体。 此次破垸分洪后，梁子湖水位将从当前的21.48米下降至保证水位以下。 在此次分洪调蓄中，武汉市、鄂州市已提前对湖区1500多名群众进行了转移安置。下一步，湖北还将陆续对梁子湖流域内的15个湖泊实行永久性退垸还湖。 受强降雨和长江江水倒灌双重影响，昨天晚上，鄱阳湖虎山闸堤段出现了多处穿孔、管涌险情，陆军第31集团军某团官兵经过4个小时的连续奋战，对险情进行封堵,防止出现滑坡、崩塌等现象。 7月3号以来，我国长江中下游沿江地区及江淮、西南东部等地出现强降雨过程，今年以来我国因洪涝灾害受灾人口已经超过6千万，直接经济损失约1469.80亿元。 中央气象台继续发布暴雨蓝色预警和强对流天气蓝色预警，四川盆地东部和南部、湖北、湖南、江西、安徽、江苏等部分地区都将迎来大雨或暴雨，局部还伴有短时强降水、雷暴大风或冰雹等强对流天气。"
20160714,国内联播快讯,我国外贸出口累计降幅连续收窄 商务部今天发布，3月份以来我国外贸出口累计降幅已经连续4个月收窄，二季度进出口降幅较一季度收窄6.7个百分点，上半年外贸回稳向好的态势没有改变。 2016年二十国集团劳动会议在京结束 2016年二十国集团(G20)峰会劳动会议今天在北京结束，会议以“创新增长方式和工会作用”为主题，吸引了国际工联、经合组织工会等参加。 蛟龙号完成首次深渊专项科考 蛟龙号载人潜水器昨日抵达位于青岛的国家深海基地码头，完成首次深渊专项科考。在此次科考中，蛟龙号到达5000多米的深渊领域，获得了一批珍贵的岩石、生物及近底海水样品。 新一代航天测量船“远望7号”入列 我国新一代远洋航天测量船“远望7号”，正式入列中国卫星海上测控部，标志着我国航天远洋测控能力取得新突破。下半年它将出航执行神舟十一号载人航天飞行等航天发射海上测控任务。 “剑网2016”专项行动启动 国家版权局、国家网信办、工信部和公安部联合启动“剑网2016”专项行动，将用5个月时间，整治未经授权非法传播网络文学、新闻、影视等作品的侵权盗版行为。 东盟地区论坛聚焦城市应急救援问题 东盟地区论坛首次城市应急救援主题研讨班今天在上海结束，来自各国的专家们就破解地下、化工等重点领域灭火救援难题进行了交流，并将开展联合演练。
20160714,英国议会首次辩论伊战调查报告,按计划，追究英国前首相布莱尔的动议定于今天提交英国议会。这份动议指责布莱尔在伊拉克大规模杀伤性武器等方面误导议会，犯有“藐视议会”罪。13号，英国议会就此前发布的伊拉克战争调查报告举行了辩论。 英国保守党议员肯尼思·克拉克表示，早在2003年伊拉克战争爆发前、时任美国和英国领导人就有推翻伊拉克萨达姆政权的意图，他们用萨达姆拥有“大规模杀伤性武器”这一假情报作为发动战争的理由，为的是给他们的政治企图披上一个合法外衣。 英国在野的工党外交事务负责人埃米莉·索恩伯里指出，伊战结束后，英国并没有吸取教训，此类悲剧仍在重演。
20160714,特雷莎·梅就任英首相并任命新内阁,13号，特雷莎·梅就任英国首相，接替因脱欧公投辞职的卡梅伦。特雷莎·梅表示，在“脱欧”公投之后，英国面临重要的变革时期。她将致力于打造一个全新的英国。特雷莎·梅当天还任命了新内阁的核心成员，包括财政大臣哈蒙德，外交大臣鲍里斯·约翰逊，以及新创设的“脱欧”事务大臣戴维·戴维斯。 特雷莎·梅生于1956年，1997年当选议会下院议员，2010年开始在卡梅伦政府担任内政大臣，对限制外来移民态度强硬。
20160714,国际联播快讯,伊朗总统警告西方称可能重启核项目 伊朗总统鲁哈尼13号发表讲话说，伊朗核问题全面协议的达成促进了地区和平与稳定，令各方受益。但他同时也警告说如果西方违反该协议，伊朗也完全准备好重启核项目。去年7月14号，伊朗与有关六国达成伊核全面协议。根据该协议，伊朗将限制核计划，西方将部分解除对伊朗的制裁。但一年来，伊朗国内最关注的金融制裁并未解禁，鲁哈尼政府府面临国内强硬派的质疑。 法国临时关闭驻土耳其全部使领馆 法国驻土耳其安卡拉大使馆及驻伊斯坦布尔总领馆13号发布声明称，出于安全考虑，法国将临时关闭其驻土全部使领馆，法国外交机构正与土耳其政府就此进行沟通。7月14号是法国国庆日，当天法国驻土耳其使领馆的庆祝活动也都被取消。过去一年土耳其安全形势恶化，安卡拉和伊斯坦布尔接连遭遇自杀式爆炸袭击。 比利时多车起火 排除恐袭可能 比利时首都布鲁塞尔郊区的圣吉尔13号晚多辆汽车着火，有8辆车被毁，但没有人员伤亡。其中一辆车的车主说听到了两声爆炸巨响。这场大火一度在当地引发恐慌。在大火扑灭后警方称，已排除恐怖袭击的可能，事件起因可能是纵火。
