date,title,content
20161003,坚守岗位 奉献国家共享荣耀,"习近平总书记强调：“爱岗敬业、争创一流，艰苦奋斗、勇于创新，淡泊名利、甘于奉献”，是伟大时代精神的生动体现。今年国庆假期，“中国天眼”FAST、港珠澳大桥等一批体现国家实力的大国工程，吸引了成千上万的中国人关注，分享祖国发展建设的最新成果。而这些成就的背后，是无数的建设者兢兢业业、精益求精的诚实劳动。在这个长假里，他们中的许多人，仍然要坚守在岗位上，奉献国家共享荣耀。 这几天，港珠澳大桥岛隧工程的沉管进行了沉放演练。几千名港珠澳大桥的建设者，正在为7号就要进行的隧道沉管海底沉放做最后的准备。 90后的丁宇诚这两天变得越来越忙，他负责沉管外运，大到整个流程，小到一根缆绳放置的位置，每个环节他都要反复演练。 由于一直在走动，丁宇诚朋友圈的步数排名长期稳坐第一名。从2013年大学毕业参与港珠澳大桥建设之后，这已经是丁宇诚在施工现场过的第4个国庆节。 这个国庆节，为大国工程保驾护航，成为天南海北无数建设者们坚守岗位的不二理由。这几天，已经服役38年的蛟龙号母船向阳红09号，在日照港船厂进行5年一次的大修，为明年1月执行中国大洋第38航次科考任务紧张备航。检修后，两部主机功率将从原先12.5节的航速，提升到15节左右。 在我国最大规模运煤专线——蒙华铁路的施工现场，上千名工人仍然奋战在施工一线，抢抓工期。 李晓峰负责的这一段有近2公里长，59座桥墩，常常要忙到深夜。李晓峰说，在这一行干了八年，铁路工程大多时间紧、任务重，基本没有节假日这一说。 国庆假期，还有更多的人必须坚守在平凡的岗位上，用个人的加班加点换来千家万户的方便与平安。从路口的交警到产房的护士，从景区的环卫工到高铁的检修员，一个个紧张忙碌的身影,成为这个假期最美的风景。 十月一日一大早，在江苏扬中市人民医院，守候了一夜的护士接生了在这里出生的第一个“国庆宝宝”。做了27年护士的李春娣，这个假期要连值五天班，碰到急茬，一天不知道要忙多少个小时。 这个假期，还有许多人奔波忙碌在不为人们所熟知的岗位上。在世界第六高峰喜马拉雅山脉的卓奥友峰，每年秋季都会吸引世界各地的登山爱好者。国庆节这几天，趁着天公作美，中外登山团队一下从平时几十人增加到了300多人，大大加重了边防官兵在登山路上保驾护航的任务。 国庆时刻，能够在岗位见证祖国荣耀，建设者们无怨无悔。在贵州平塘县的深山里，这个假期，几十位工程师正在为500米口径球面射电望远镜的正式运行做准备。FAST落成启用当天，总书记发来贺信，让更多的人知道了这个神奇的“中国天眼”，也让这里的建设者深受鼓舞。"
20161003,李克强将视察澳门特别行政区并出席中国—葡语国家经贸合作论坛第五届部长级会议开幕式,中共中央政治局常委、国务院总理李克强将于10月10日至12日视察澳门特别行政区并出席中国——葡语国家经贸合作论坛第五届部长级会议开幕式。
20161003,节日选择多 百姓欢乐多,国庆假期，不少人选择出门旅游，饱览祖国山河；不想出远门的，读书、听歌、看比赛，也有独特乐趣，这个国庆假日，欢乐无处不在。 在北京各大公园，平时常来唱歌的歌友们，国庆长假这几天唱得格外带劲，不少游人也被感染加入进来。 在江苏宿迁三台山，自然山水、万亩花海成了最美的舞台，古典与现代的歌曲欢快大气，精彩的演出赢得现场观众热烈掌声。 走进乡村不仅能听到经典音乐，这个黄金周，走进浙江奉化王家岭村，那里的创意壁画，给了游客一个大大的惊喜。感兴趣的孩子还可以任性地画上几笔。 放假了，到江河湖海赏赏美景、划划皮筏、拉网捕鱼，也让天南海北的游客体味到了劳动和竞赛的乐趣。在大理洱海，人们选择骑上单车去看“海”；在盘锦红海滩，最美的季节让游客不虚此行。 在甘肃临夏，陕西安康，浙江诸暨，黄河里的羊皮筏子渡河赛、汉江里的龙舟赛，浦阳江上的皮划艇赛，引来岸上游客阵阵喝彩。 在青岛西海岸万米海滩上，人欢鱼跃，几张800米长的大网时隐时现，渔民和游客鼓足干劲，看谁拉的网快、捕得鱼多。 经过近一个小时的“奋战”，满满一网鱼上岸了！渔民粗略估计，这一网大概能有3000多斤。 难得的七天长假，不少家长带孩子参加各种有趣的活动，既让孩子放松身心、又增长了知识。石家庄的动漫机器人舞蹈秀、江西南昌的智能机器人都让亲密互动的孩子很过瘾。 长假这几天，每天到湖南长沙梅溪书院读书的人都超过1万5千人，每天买走数千本书。时尚的设计、随处可坐的空间、加上能与作者零距离交流，更吸引了不少孩子来体验阅读的快乐。 位于河南安阳的中国文字博物馆，这几天的“歌曲对对碰”“成语大比拼”“字谜猜猜看”等活动，妙趣横生。 背起行囊饱览名山大川，登泰山观日出云海；登盘山领略秀丽风光；长假前三天，安徽九华山就有12万人进山游览。 四川广安武胜的农民，搞起了欢乐农家大赛，选豆子、剥花生、打糍粑，自娱自乐，欢乐过节。内蒙古阿拉善的英雄会上，汇集了国内顶级的越野赛、自驾游、飞行表演团队，惊险刺激的绝技，为25万游客带来国际范儿的旅游享受。
20161003,谁不说俺家乡好 奋斗迎来好日子,高铁建到了家门口，旅游带着无人机，许多原来想也不敢想的生活正在一步步变成现实，家乡还有哪些变化？什么变化让你意想不到？国庆特别节目《谁不说俺家乡好》，一起去看看靠双手奋斗取得的好日子。
20161003,【我和我的祖国】欧阳自远：“嫦娥探月”国梦圆,今天《我和我的祖国》系列报道，就带您认识中国探月工程首任月球应用科学首席科学家，欧阳自远。他指引“嫦娥”系列探测器实现国人千百年的探月梦想，用一次次的自主创新，实现中国对深空探测的重大突破和跨越。 奔着国家的号召，欧阳自远报考了当时刚成立的北京地质学院，专攻矿产资源勘探。但1957年，苏联发射第一颗人造地球卫星，宣布人类空间时代的到来，这直接影响了欧阳自远的一生。 中国探月工程首任月球应用科学首席科学家 欧阳自远：我就觉得，我怎么能够为我们国家未来能进入到一个空间时代，我能做什么准备呢？ 带着这样的愿望，1958年，欧阳自远最早地创新使用地球科学的理论、思路和方法，来研究陨石和其他行星，打下我国月球和行星探测与研究的根基。2004年，国家正式批准“探月工程”立项，欧阳自远成为第一任首席科学家。2007年10月24号，我国成功地发射第一颗探月卫星“嫦娥一号”。11月5号，“嫦娥一号”被月球俘获，实现绕月飞行。消息传来，欧阳自远在飞控大厅喜极而泣。 “嫦娥一号”不负众望，完成的“全月面三维影像”，第一次让国人“看”遍了月球的每一寸土地。而欧阳自远继续指引“嫦娥二号”“嫦娥三号”，对月球的地形地貌、自然资源等进行探测。这也让他在60年前，曾“希望为国家进入空间时代做些事情”的愿望，变成现实。 明年，“嫦娥五号”就将启程“探月”，这有可能实现我国探测器第一次从月面取样并带回地球。为了这一天，82岁的欧阳自远组织全国的研究团队正抓紧搭建实验室，只要月球样品一到，就可以马上开展分析研究，他们要为国家发现更多太空的奥妙。
20161003,中国建设者海外国庆“献礼”,国庆期间，有成千上万的中国建设者忙碌在海外重大建设项目工地，用自己的汗水为国庆“献礼”。在吉尔吉斯斯坦、巴基斯坦、白俄罗斯等地，中国建设者们与“一带一路”沿线国家共织丝路宏图，为推动地区共同发展贡献力量。 在中亚国家吉尔吉斯斯坦群山耸立的无人区，24岁的郝恒哲每天要爬十几公里山路，有时他要靠绳索在陡峭的山壁沿线反复攀爬，为后期施工提供精确的测量数据。他和中国路桥建设的1500多名同事正在修建贯穿吉尔吉斯斯坦南北道路的二期工程。 此前，从吉尔吉斯斯坦首都比什凯克到第二大城市奥什，只有一条颠簸的山路，每年还有四个多月因为大雪封山而关闭。南北道路修成后，将大大方便当地交通。而当地居民已经感受到了已完工路段带来的便利。 欧亚大陆腹地中心的吉尔吉斯斯坦自古是丝绸之路的必经之地。中国公司在当地修建公路里程超过2000公里，为互联互通打下良好的基础。 这里是位于巴基斯坦北部的“尼鲁姆·杰卢姆水电站”项目，地处中巴经济走廊，预计明年完工后，将解决巴基斯坦15%人口的用电短缺问题。承建该项目的是葛洲坝建设集团的1千多名中国工程人员。10月1号，他们在营地上举行升旗仪式，向祖国母亲致敬。 在白俄罗斯首都明斯克附近，中白合作建设的“巨石”工业园正在建设中，两国致力于将其发展为“丝绸之路经济带”的核心节点。为避免即将来临的冬天拖延工期，中国建设者们加班加点，加速推进项目进度。
20161003,住建部公布45家违规失信房企和中介机构名单,今天，住房和城乡建设部公布了各地查处的一批违法违规的房地产开发企业和中介机构。被曝光的企业和机构包括深圳市中执资本投资有限公司、成都中德红谷投资有限公司等45家。这些房地产企业和中介机构，通过发布虚假广告、恶意编造散布谣言，制造房源紧张气氛，采取违规预售、捂盘惜售等手段，煽动消费者购买，以达到其抬高房价、牟取私利的目的。这些行为不仅损害了消费者权益，也误导了市场预期，社会影响恶劣。对此，住房和城乡建设部要求各地继续加大工作力度，进一步整顿规范房地产市场秩序，促进房地产市场稳定健康发展。
20161003,国内联播快讯,铁路客流持续高位 公路车流回落 国庆假期，全国铁路客流持续高位运行，连续多日突破1100万人次，北京、上海、沈阳等铁路局大量增开旅游列车。公路车流量今天回落明显，景区周边呈现潮汐式车流，明天下午起返程车流将增多。 国庆假期 全国旅游接待人数过亿 各大景区、旅游景点今天游客持续维持高位。国家旅游局数据中心的数据显示，昨天全国旅游接待人数1.04亿人次，同比增长12.5%，比1号明显上升。 中国国际动漫艺术周闭幕 中国常州国际动漫艺术周今天闭幕，吸引了微软、新加坡南洋理工、中科院自动化所等近40个国家和地区的500多家数字创意领域的企业、展团、机构参与，观展规模达到70万人次。 十月三日央视各频道精彩节目介绍 今晚十点半，我台综合频道将继续播出纪录片《超级工程II》的第四集《中国港》，中文国际频道将从今晚八点起播出中国第一档国史节目《国家记忆》，此外大型辩论节目《两岸及港澳大学辩论赛——世界听我说》也从今天开始录制。
20161003,华北黄淮雾霾扰出行 冷空气影响北方,这两天，我国华北一带霾天气持续发展，黄淮、江淮等地则受大雾困扰。昨晚到今天早晨，湖北、安徽、江苏等地出现大雾天气，武汉周边高速能见度仅为100米，交通出行受到影响，湖北多条高速公路采取临时封闭管制措施，京港澳高速湖北段一度全线封闭。大雾还造成安徽宿州近3000辆车辆滞留，高速交警迅速启动恶劣天气预案，对车辆实施紧急分流。截至上午11点，随着大雾散去，以上高速公路已经全部恢复通行。 中央气象台预计，明天早晨，黄淮、江淮、江汉等地部分地区仍有大雾，而华北的霾天气受冷空气影响，今天夜间起就会逐渐减弱消散。同时，这股冷空气还将给北方大部地区带来降雨、降温，甘肃、陕西、内蒙古、吉林等地部分地区降温幅度将达10到12℃。明后两天，北方多地气温将创下半年以来的新低，提醒人们，尤其是出行的游客们及时添加衣物，以免着凉感冒。
20161003,哥伦比亚全民公决未通过和平协议,哥伦比亚2号举行全民公决，以微弱优势否决了政府与反政府武装“哥伦比亚革命武装力量”之前签署的和平协议。 据统计，反对和平协议的票数占到了约50.21%，而支持票数约为49.79%，其中反对者大多来自大城市。而支持者则主要来自战乱地区。反对者认为，协议没有将手上沾满鲜血的武装分子绳之以法，对受害者不公。 哥伦比亚总统桑托斯和“哥武”领导人当天均表示，将继续推动和平进程。 “哥武”是哥伦比亚境内最大的反政府武装游击队，其与政府军的冲突持续50多年，造成20万人死亡。
20161003,国际联播快讯,埃塞俄比亚踩踏事件伤亡严重 埃塞俄比亚的比绍夫图镇2号发生踩踏事故，已造成至少52人死亡。据称，事发前现场有大量人员参加一个宗教节日庆祝活动。期间有反政府人员与警方发生冲突，进而引发踩踏事故。 埃塞政府部门表示，将尽快公布有关踩踏事件的详细信息，将肇事者绳之以法。 菲总统称将审查菲美军事协议 菲律宾总统杜特尔特2号发表讲话称，他已下令审查2014年菲美《加强防务合作协议》，不排除要求美军全部撤出菲律宾的可能性。他说，这份协议只是一道行政命令，并没有总统签字。 菲美《加强防务合作协议》规定，菲方允许美军在指定区域兴建军事设施或升级现有基础设施。美军还可以在菲律宾预先部署武器装备、补给物资和人道主义救援物资等。 叙政府军夺回阿勒颇部分被占区 叙利亚政府军2号在阿勒颇的军事行动继续推进，夺回当地的一家医院和部分工业区。政府军当天还呼吁城内的武装人员投降，并尽快撤离阿勒颇市。 阿勒颇曾是叙经济中心和第一大城市，目前政府军控制城区西部地区，东部地区则被反对派武装和极端组织控制。在短暂停火后，叙军方9月再度对阿勒颇展开较大规模的军事行动。 英首相宣布启动“脱欧”程序时间 英国首相特雷莎·梅2号在保守党年会上表示，英国政府最迟于明年3月底启动脱离欧盟程序。她还强调，英国脱离欧盟后，将继续与欧盟保持密切关系。英国脱欧事务大臣戴维·戴维斯当天也表示，希望在保证英国利益的前提下，与欧盟保持最大程度的自由贸易关系。 “马修”逼近 牙买加海地降暴雨 2号，飓风“马修”向牙买加和海地逼近，给当地带来强风和暴雨。在牙买加首都金斯敦，暴雨导致多条主要道路被淹。海地首都太子港以及莱凯等地，遭遇大浪和大风。海地国家气象中心称，虽然飓风“马修”的强度已经降至4级，但由于其移动速度缓慢，过境时间也会较长，会给当地造成更大破坏。
20161003,【江山多娇·大海篇】美不胜收中国海 包容开放中国梦,我国是陆地大国，也是海洋大国，今天央视特别节目《江山多娇》以大规模航拍加地面直播的方式，展示了我国万里海疆的风采，接下来让我们跟随精彩的镜头，去感受美不胜收的中国海和包容开放的中国梦。 蓝天、碧海，浪花与白云，这里就是中国的南海。美不胜收的中国海。七连屿，宛如一串珍珠，浮在碧蓝的海面上。美丽的珊瑚礁是三沙美丽的风景。 大海，神奇而壮阔。福建平潭，奇异多姿的海蚀地貌。黄海和渤海交汇处，浑然一体的海面呈现了两种不同的颜色。这是自然的奇观。 上海港洋山港区，原来的小岛屿，填海成为世界级的集装箱码头，这是人类的壮举。 “东海渔仓”舟山群岛，碧波荡漾中的渔舟，构成了一幅美丽的海上牧场图。 渤海岸边，一艘艘巨轮和深水半潜式钻井平台，这是走向海洋的中国制造。 泉州港古老的六胜塔是古代海上丝绸之路的航标。而不远处新的石湖码头，一艘艘集装箱货船正在启航。千百年前，世界各国的人带着自己的梦进入中国，现在“一带一路”带着中国梦的美好愿景，也将把互利共赢带给世界。
