date,title,content
20161223,习近平会见来京述职的梁振英,国家主席习近平23日下午在中南海瀛台会见了来京述职的香港特别行政区行政长官梁振英，听取了他对香港当前形势和特别行政区政府工作情况的汇报。 习近平表示，一年来，在中央政府支持下，梁振英行政长官带领特别行政区政府稳健施政，在土地房屋、安老扶贫、科技创新等方面做了大量工作，取得了明显进展。在遏制“港独”、依法处置街头暴力活动等重大问题上，严格按照基本法、全国人大常委会对基本法的解释和特别行政区法律办事，维护了国家主权、安全、发展利益，维护了香港经济发展和社会稳定。中央对行政长官和特别行政区政府的工作充分肯定。 习近平指出，香港回归祖国即将步入第二十个年头。“一国两制”在香港的实践取得的成绩有目共睹。“一国两制”是一项全新的事业，实践中出现新情况新问题是正常的。当前，香港社会、政治、经济发展平稳，中央政府和广大香港市民一样，都希望进一步发展经济、改善民生，希望社会和谐、市民安居乐业。中央政府坚定支持特别行政区政府依法遏制“港独”活动。 习近平强调，“一国两制”符合国家利益和港人福祉，符合包括香港同胞在内的全国人民共同心愿，中央政府、特别行政区政府和香港社会要坚定信心、坚守底线、坚决维护，确保“一国两制”在香港的实践在基本法轨道上向前推进。 习近平表示，中央尊重并理解梁振英因家庭原因不参选连任下任行政长官的决定。4年多来，梁振英行政长官和特别行政区政府全面准确贯彻“一国两制”方针和基本法，秉持“稳中求变，适度有为”的施政理念，立足当前，谋划长远，在打基础、利长远方面做了很多实事，为“一国两制”事业和香港繁荣稳定作出了重要贡献。 习近平请行政长官转达他本人和中央政府对广大香港市民的新年祝福。
20161223,习近平会见来京述职的崔世安,国家主席习近平23日下午在中南海瀛台会见了来京述职的澳门特别行政区行政长官崔世安，听取了他对澳门当前形势和特别行政区政府工作情况的汇报。 习近平表示，一年来，崔世安行政长官带领澳门特别行政区政府围绕促经济、重民生、稳发展的施政方针，迎难而上、稳健施政，在推进公共行政改革、促进经济适度多元发展、检讨博彩业、改善民生、依法处理重大问题等方面做了大量工作。行政长官和特别行政区政府还积极对接国家“十三五”规划和“一带一路”战略，制定了澳门历史上第一个五年发展规划，体现了谋划长远的担当。中央对行政长官和特别行政区政府的工作是充分肯定的。 习近平指出，当前，澳门总体形势是好的，经济开始好转，民生持续改善，爱国爱澳核心价值深入人心，特别是在贯彻落实“一国两制”方针和基本法、维护国家安全和统一方面树立了榜样，中央对此高度评价。希望行政长官和特别行政区政府团结带领社会各界继承和发扬爱国爱澳传统，坚持从国家战略全局和澳门繁荣稳定大局出发谋划和开展工作；坚持把发展经济、改善民生放在首位；坚持依法有效施政，把澳门建设得更美、更好、更繁荣。 习近平请行政长官转达他本人和中央政府对广大澳门市民的新年祝福。 张德江、孙春兰、李源潮、栗战书、杨洁篪等参加了会见。
20161223,习近平对全国老干部工作作出重要指示强调 认真学习先进典型 用心用情做好老干部工作,全国老干部工作先进集体和先进工作者表彰大会23日在京召开。中共中央总书记、国家主席、中央军委主席习近平作出重要指示，代表党中央向大会的召开致以热烈的祝贺，向全国广大老干部致以诚挚的问候。 习近平指出，老干部是党执政兴国的重要资源，是推进中国特色社会主义伟大事业的重要力量。广大老干部对党怀有深厚感情，对党的事业无比忠诚，体现了老干部忧党、爱国、为民的情怀。希望广大老干部珍惜光荣历史，不忘革命初心，永葆政治本色，继续做全面从严治党的坚定支持者和模范践行者，继续讲好中国故事、弘扬中国精神、传播好中国声音，积极为实现“两个一百年”奋斗目标和中华民族伟大复兴的中国梦贡献智慧和力量。 习近平强调，老干部工作承担着党中央关心爱护老干部的重要任务，是一项需要付出、需要奉献的重要工作。长期以来，广大老干部工作者爱岗敬业、任劳任怨，为老干部工作作出了重要贡献。老干部工作部门和老干部工作者要认真学习先进典型，用心用情做好工作，努力在平凡的岗位上作出不平凡的业绩。
20161223,刘云山出席全国老干部工作先进集体和先进工作者表彰大会,中共中央政治局常委、中央书记处书记刘云山会见全国老干部工作先进集体和先进工作者代表并出席表彰大会。 刘云山在讲话中指出，习近平总书记重要指示充分体现了党中央对广大老干部的尊重关心和对老干部工作者的殷切期望。做好新形势下老干部工作，要认真学习贯彻习近平总书记重要指示精神，提高思想认识，明确任务要求，增强做好工作的责任感。要深入把握党的十八届六中全会提出的新要求，引导广大老干部发扬政治强、觉悟高、党性好的优势，助力严肃党内政治生活，关心党内政治文化建设，做全面从严治党的坚定支持者和模范践行者，带动更多党员增强“四个意识”，发挥先锋模范作用。要围绕党和国家工作大局推进老干部工作，深入开展为党和人民事业增添正能量活动，发挥好老干部在推动落实新发展理念、促进改革发展稳定、弘扬社会主义核心价值观等方面的重要作用。要满腔热忱做好服务保障工作，认真落实各项有关政策，多办实事好事，让老干部在政治上有荣誉感、组织上有归属感、生活上有幸福感。各级党委和政府要加强对老干部工作的领导和指导，及时协调解决工作中遇到的问题。老干部工作部门要以改革创新精神做好工作，认真履职尽责、提高工作水平。要加强老干部工作队伍建设，把严格管理和关心爱护结合起来，让老干部工作者干事有心劲、发展有奔头、用心用情做好工作。 中共中央政治局委员、中央组织部部长赵乐际参加会见并主持表彰大会，宣读习近平重要指示。 大会对106个全国老干部工作先进集体和306名先进个人进行了表彰。先进工作者代表四川省阆中市委老干部局副局长岳春华、浙江省公安厅政治部副主任齐跃明，先进集体代表福建省泉州市委老干部局负责同志作大会发言。 全国老干部工作先进集体和先进工作者代表，中央和国家机关有关部门，有关人民团体，中管金融企业和部分国有重要骨干企业，各省区市和新疆生产建设兵团有关负责同志等参加会议。
20161223,李克强会见来京述职的梁振英和崔世安,国务院总理李克强23日在中南海紫光阁分别会见来京述职的香港特别行政区行政长官梁振英和澳门特别行政区行政长官崔世安。 在会见梁振英时，李克强表示，一年来，在复杂多变的国际经济金融环境下，香港特区保持经济平稳增长和较低失业率，鼓励支持创新创业取得成效，在对接国家发展战略、拓展同内地交流合作、扩大国际交往等方面取得新进展。中央政府对你和特区政府的工作给予充分肯定。希望特区政府把握大势，稳健施政，抓住国家实施“十三五”规划和“一带一路”战略等重大机遇，提升香港在国家经济发展和对外开放中的地位和作用。密切跟踪国际经济形势变化，维护香港经济金融大局稳定，持续改善民生。相信在中央政府支持下，特区政府有能力、香港同胞有智慧保持香港的长期繁荣稳定。 在会见崔世安时，李克强表示，前不久我赴澳门视察并出席中国－葡语国家经贸合作论坛，同澳门各界广泛接触，对澳门特区发展的生机活力印象深刻。特别是面对经济下行压力，澳门特区继续实现财政盈余和居民充分就业，经济适度多元发展取得新进展，社会保持和谐稳定，中央政府对你和特区政府的工作给予充分肯定。希望澳门特区用好用足前不久中央政府根据澳门需求制定的23项惠澳政策，推进世界旅游休闲中心和中国与葡语国家商贸合作服务平台建设取得新成果，在经济适度多元发展方面迈出新步伐，增进广大澳门同胞的长期福祉。 李克强强调指出，中央政府坚定不移贯彻“一国两制”“港人治港”“澳人治澳”高度自治的方针，严格依照宪法和基本法办事，全力支持香港、澳门特区政府和行政长官依法施政，将继续根据国家和港澳发展的需要，推出支持香港、澳门发展、加强内地同港澳合作的政策举措。 梁振英表示，过去一年，在中央政府的关怀和支持下，香港特区政府坚持把发展经济、改善民生作为施政重点，经济平稳运行，保持温和增长，失业率较低。特区政府将继续朝着国家所需、香港所长的方向，配合好国家发展战略，大力推动创新创业，保持香港繁荣稳定和经济发展。 崔世安表示，在中央政府的关心指导和支持帮助下，特别是李克强总理莅临澳门视察并出席中葡论坛，宣布了一系列惠澳政策和支持中葡论坛的政策举措，有力促进了澳门经济社会发展和对外开放与合作。特区政府将主动对接国家发展战略，推进一个中心一个平台建设，保持澳门经济总体稳定，民生不断改善。 杨晶、杨洁篪参加会见。
20161223,李克强对推进“中国制造2025”工作现场会暨国家制造强国建设领导小组第四次会议作出重要批示,推进“中国制造2025”工作现场会暨国家制造强国建设领导小组第四次会议12月23日在湖南省长沙市召开。中共中央政治局常委、国务院总理李克强作出重要批示。 批示指出：加快推进制造强国建设是党中央、国务院立足全局、着眼长远作出的重大战略部署。一年多来，在各方面共同努力下，“中国制造2025”实施取得了积极成效，已成为结构优化、创新发展的重要抓手，应予以充分肯定。要深入分析当前世界产业发展新态势、竞争新特点，充分认识我国制造业发展的潜力、机遇和困难、挑战，以新发展理念为引领，以推进供给侧结构性改革为主线，聚焦市场需求、借鉴国际经验，着力深化简政放权、放管结合、优化服务和财税、金融等重点改革，完善政策支持，围绕大力发展先进制造业在市场准入，要素配置、降低成本等方面营造良好环境；着力把“中国制造2025”“互联网+”和大众创业万众创新紧密结合起来，形成新动能培育与传统动能改造提升互促共进的良性循环；着力弘扬企业家精神和工匠精神，苦练内功、精益求精、提质增效、追求卓越，努力攻克一批核心技术和关键工艺装备，提升智能制造、绿色制造水平，为促进经济中高速增长、迈向中高端水平提供坚实有力支撑。 中共中央政治局委员、国务院副总理马凯出席会议并讲话。
20161223,十二届全国人大常委会举行第八十六次委员长会议,十二届全国人大常委会第八十六次委员长会议23日上午在北京举行，张德江委员长主持会议。 会议听取了全国人大法律委员会主任委员乔晓阳作的关于民法总则草案三次审议稿审议意见的报告和全国人大常委会关于提请全国人民代表大会审议民法总则草案的议案代拟稿的汇报、关于中医药法草案三次审议稿、公共文化服务保障法草案三次审议稿、环境保护税法草案二次审议稿修改意见的汇报，关于在部分地方开展国家监察体制改革试点工作的决定草案审议结果的报告等。 会议听取了全国人大外事委员会主任委员傅莹作的关于审议中国政府和马来西亚政府关于刑事司法协助的条约情况及决定草案代拟稿的汇报。 会议听取了全国人大常委会副委员长兼秘书长王晨作的关于审议第十三届全国人大代表名额和选举问题的决定草案、香港特别行政区和澳门特别行政区选举第十三届全国人大代表的办法草案情况及议案代拟稿的汇报，关于审议全国人大有关专门委员会分别提出的代表议案审议结果报告情况的汇报，关于审议个别代表的代表资格的报告情况的汇报等。 委员长会议要求，根据常委会会议的审议意见，对上述草案和议案作进一步审议修改后，提交第八十七次委员长会议决定是否交付十二届全国人大常委会第二十五次会议闭幕会表决。
20161223,从解决好人民群众普遍关心的突出问题入手,12月21日，习近平总书记主持召开中央财经领导小组第十四次会议强调，从解决好人民群众普遍关心的突出问题入手，推进全面小康社会建设。各地各部门表示，要结合自身实际、从人民群众最关心最需要的问题着手，推动改进工作。 目前，国家发改委正在统筹推进十三五规划纲要的落实落地。 普遍推行垃圾分类制度，关系13亿多人生活环境改善。我国将在全国100个县推行农村生活垃圾分类和资源化利用示范试点。在浙江德清县，率先实行了“一把扫帚扫到底”的卫生长效保洁机制，对垃圾实行分类处理，把它作为治水的源头来抓。 推进北方地区冬季清洁供暖不仅是解决群众温暖过冬的问题，也关系到大气污染治理等问题。 北方燃煤大市山东淄博，这个冬天正在农村推广使用清洁煤炭，政府为此投入一亿元专项补贴资金，2017年农村将全面使用清洁煤炭。
20161223,中办 国办印发《关于做好2017年元旦春节期间有关工作的通知》,中共中央办公厅、国务院办公厅近日印发《关于做好2017年元旦春节期间有关工作的通知》。 《通知》要求，各级党委和政府要扎实做好关心群众特别是困难群众帮扶救助工作，真正做到解民忧、暖民心。切实保障节日市场平稳运行，更好满足人民群众精神文化生活需求。统筹安排好春运工作，保证群众节日安全顺畅出行。严格落实安全生产责任，严防重特大安全事故。妥善处理社会矛盾和问题，切实维护社会大局稳定。坚持勤俭文明过节，倡导良好社会风尚。严格遵守廉洁纪律，严防各类“节日腐败”。认真做好值守应急工作，确保各项工作正常运转。
20161223,中央纪委发出通知要求强化监督执纪问责 营造2017年元旦春节风清气正氛围,日前，中共中央纪委发出通知，要求各级纪委强化监督执纪问责，营造风清气正的节日氛围。 通知指出，元旦、春节期间是“四风”和腐败问题易发多发期。各级纪委要坚持把纪律挺在前面，紧盯重要节点，畅通监督渠道，运用“四种形态”，强化对中央八项规定精神和廉洁纪律执行情况的监督检查。对因违反中央八项规定精神受到纪律处分的，一律通报曝光。各基层纪委要把查处侵害群众利益的不正之风和腐败问题作为主要工作任务，对一些群众关注的重点案件，争取在元旦、春节前依规依纪办结并以适当方式公布办理结果。各级纪委要把好政治关、廉洁关，对借节日之机搞拉票贿选、说情打招呼、跑官要官、干扰换届等违纪违法行为，快查快办，推动换届有关工作健康有序开展。用好问责利器，对主体责任、监督责任和领导责任落实不到位，致使管辖范围内发生严重违规违纪行为，造成严重后果或恶劣影响的，要严肃进行责任追究。对于该问责而不问责的，也要严肃问责。广大纪检监察干部要从自身做起，自觉做守纪律、讲规矩的表率。 通知公布了中央纪委举报电话：010-12388；举报信箱：中央纪委信访室（邮编：100813）；举报网站：www.12388.gov.cn。对“四风”问题，也可使用中央纪委监察部网站手机客户端和微信公众号举报。
20161223,国务院办公厅印发《关于全面放开养老服务市场 提升养老服务质量的若干意见》,国务院办公厅日前印发了《关于全面放开养老服务市场 提升养老服务质量的若干意见》。 《意见》要求加快推进养老服务业供给侧结构性改革，全面放开养老服务市场，降低准入门槛，放宽外资准入；推进居家社区养老服务全覆盖，提升农村养老服务能力和水平，根据老年人的不同需求，提供助餐、助洁、助行、助浴、助医等上门服务，还要提供健康、文化、体育、法律援助等服务。加快推进老旧居住小区和老年人家庭的无障碍改造，重点做好居住区缘石坡道、轮椅坡道、公共出入口、走道、楼梯、电梯候梯厅及轿厢等设施和部位的无障碍改造，优先安排贫困、高龄、失能等老年人家庭设施改造，组织开展多层老旧住宅电梯加装。到2020年，养老服务市场全面放开，养老服务和产品有效供给能力大幅提升，供给结构更加合理，养老服务业成为促进经济社会发展的新动能。
20161223,全国工商联十一届五次执委会议开幕,全国工商联十一届五次执委会议22日在河北省石家庄市开幕。全国政协副主席、全国工商联主席王钦敏代表常委会作工作报告。       王钦敏指出，2017年工商联要深入学习贯彻习近平总书记系列重要讲话精神和中央经济工作会议精神，坚持稳中求进工作总基调，持续深化以“守法诚信、坚定信心”为重点的理想信念教育实践活动。聚焦守法诚信，推动构建新型政商关系；引导年轻一代，做合格的中国特色社会主义事业建设者；围绕坚定信心，服务实体经济发展；扎实开展“万企帮万村”精准扶贫行动。抓好台账管理，抓好东西部协作，抓好典型宣传，把精准贯穿行动全过程，让更多的中小企业广泛参与进来，着力在产业扶贫项目上提质，在贫困群众脱贫上增效。
20161223,联播快讯,“十三五”期间首个核电机组开工       今天，中国广核集团防城港核电站二期工程4号机组核岛浇筑第一罐混凝土，成为“十三五”期间首个开工建设的核电机组。该机组采用我国自主华龙一号三代核电技术，核心设备全部由国内厂商承制。       公安部常备维和警队挂牌成立       经国务院和中央军委批准，公安部常备维和警队在山东省东营市挂牌成立。警队为副师职建制，编配队员300多人，其中56人曾赴海地、南苏丹、利比里亚执行过维和任务。       优秀动画短片 弘扬核心价值观       由国家新闻出版广电总局等单位主办的社会主义核心价值观动画短片创作大赛优秀作品推荐暨颁奖活动在四川举行。评选出的15部优秀作品以动画的形式生动表现了“和谐、平等、友善、诚信”等价值理念。       叙利亚政府军宣布完全收复阿勒颇       叙利亚军方22号晚发表声明，宣布北部城市阿勒颇剩余的反政府武装人员已全部撤出，叙政府军完全收复阿勒颇市。叙利亚总统巴沙尔表示，完全收复阿勒颇意义重大，为解决叙利亚危机创造了良好的环境。        柏林恐怖袭击嫌疑人在意大利被击毙       北京时间今天傍晚6点左右，意大利内政部长明尼蒂证实，19号德国柏林货车冲撞人群事件的嫌疑人阿姆里今天凌晨在米兰一个火车站附近被击毙。       当天警方在例行检查时发现一名男子，要求其出示身份证件但遭拒绝，该男子向警察射击，随后在交火中被击毙。经指纹对比，该男子就是阿姆里。警方还在他的口袋里发现了一张由法国到意大利的火车票。
20161223,媒体称利比亚客机遭劫在马耳他降落,本台刚刚收到的消息，据马耳他当地媒体报道说，一架执行利比亚国内航线的客机今天遭到劫持，降落在地中海岛国马耳他。客机上有118人。至少有两名劫机者，曾威胁炸毁飞机。马耳他政府已经采取紧急措施，派出安全人员应对这一事件。
