date,title,content
20160912,习近平致信祝贺第39届国际标准化组织大会召开,第39届国际标准化组织大会开幕式12日在北京举行。国家主席习近平发来贺信，向大会表示热烈祝贺，向出席会议的国际机构负责人、各国代表和各界人士致以诚挚欢迎。 习近平在贺信中指出，标准是人类文明进步的成果。伴随着经济全球化深入发展，标准化在便利经贸往来、支撑产业发展、促进科技进步、规范社会治理中的作用日益凸显。标准已成为世界“通用语言”。世界需要标准协同发展，标准促进世界互联互通。 习近平强调，中国将积极实施标准化战略，以标准助力创新发展、协调发展、绿色发展、开放发展、共享发展。中国愿同世界各国一道，深化标准合作，加强交流互鉴，共同完善国际标准体系。 习近平表示，标准助推创新发展，标准引领时代进步。国际标准是全球治理体系和经贸合作发展的重要技术基础。国际标准化组织作为最权威的综合性国际标准机构，制定的标准在全球得到广泛应用。希望与会嘉宾集思广益、凝聚共识，共同探索标准化在完善全球治理、促进可持续发展中的积极作用，为创造人类更加美好的未来作出贡献。
20160912,李克强举行仪式欢迎越南总理访华,12日下午，国务院总理李克强在北京人民大会堂东门外广场举行仪式欢迎越南总理阮春福对我国进行正式访问。 全国政协副主席马培华出席欢迎仪式。 军乐团奏越中两国国歌。鸣礼炮19响。 两国总理检阅了中国人民解放军三军仪仗队。 随后，李克强陪同阮春福观看了仪仗队分列式。
20160912,李克强同越南总理举行会谈,欢迎仪式后，两国总理举行会谈。 李克强表示，中方愿继续坚持与邻为善、以邻为伴方针和“亲诚惠容”理念，同越方加强战略沟通和高层交往，把稳中越关系发展的战略方向，不断深化互利合作、拓展人文交流，推动中越关系持续健康稳定发展，切实造福两国人民。 李克强指出，希望双方继续按照海上、陆上、金融合作“三线并举”的总体思路，推进发展战略对接，加强各领域务实合作。用好人文交流机制和平台，不断深化两国党际、国防、执法安全等领域对口交流，夯实中越关系发展的基础。 李克强强调，南海问题涉及领土主权和海洋权益，牵涉民族感情。中越双方应共同努力，恪守高层共识，维护海上稳定，努力管控分歧，推进海上合作，不断累积共识，推动双边关系平稳发展，共同维护海上和地区和平稳定。 阮春福表示，建交66年来，友好合作是越中关系的主流。越方永远铭记中方对越民族解放和建设事业的巨大支持。维护传统友谊、巩固和推动越中关系稳定健康持续发展，是越南党和政府的一贯主张，也是越外交的优先方向。越方愿同中方增强政治互信，保持高层接触，扩大人文交往，推动务实合作，加强在多边事务中协调配合，本着平等和相互尊重的精神，以和平方式妥善处理海上问题，管控好分歧，开展低敏感领域海上合作，保持海上稳定，不让海上问题影响两国关系发展。 会谈后，两国总理共同见证了双方经贸、产能、基础设施、教育、旅游等领域多份合作文件的签署。
20160912,张德江会见越南总理,全国人大常委会委员长张德江12日在人民大会堂会见越南总理阮春福。 张德江说，中越是友好邻邦。习近平总书记和阮富仲总书记去年实现互访，双方就深化两国全面战略合作达成重要共识，实现了新时期中越关系良好开局。中越立法机关一直保持良好的合作关系。中国全国人大愿同越南国会一道，进一步加强各层级交流合作，相互借鉴在治国理政和立法监督方面的有益经验，营造务实合作的良好政策和法律环境，增进两国人民之间友谊，不断提升两国立法机关合作水平，推动中越关系健康稳定发展。 阮春福表示，越方重视越中全面战略合作伙伴关系，重视两国立法机关之间的交流合作，愿同中国进一步巩固传统友谊，深化务实合作，实现互利共赢。 张平参加会见。
20160912,俞正声会见越南总理,中共中央政治局常委、全国政协主席俞正声12日在人民大会堂会见越南总理阮春福。 俞正声说，中越互为友好近邻和重要伙伴。去年习近平总书记同阮富仲总书记实现互访，为新时期两党两国关系发展指明了方向。李克强总理同阮春福总理在蒙古亚欧首脑会议期间会晤，就深化中越全面战略合作达成重要共识。中方愿同越方共同努力，推动中越关系始终沿着正确轨道向前发展，为两国人民带来更多实实在在的利益。全国政协重视同越南祖国阵线的友好合作关系，愿同越方继续保持高层交往势头，加强各层级交往，为促进中越友好、实现两国稳定和发展作出更大贡献。 阮春福说，越方高度评价祖国阵线与中国全国政协的合作，愿继续深化双方合作，为两国友好关系做出更大贡献。 张庆黎参加会见。
20160912,国务院办公厅印发《消费品标准和质量提升规划(2016-2020年)》,国务院办公厅日前印发《消费品标准和质量提升规划(2016-2020年)》，部署以先进标准引领消费品质量提升，倒逼消费品装备制造业转型升级。
20160912,全国人大常委会启动安全生产法执法检查,记者从12日在京召开的全国人大常委会安全生产法执法检查组第一次全体会议上获悉，全国人大常委会将对2014年12月1日实施的新安全生产法首次开展检查。 在全面检查安全生产法贯彻实施情况的基础上，执法检查组将对国务院及其有关部门依法履行职责情况、生产经营单位主体责任落实情况、完善安全生产监管的体制机制以及农业及农村地区的安全生产监管情况等方面进行重点检查。 本次执法检查将实现全国31个省(区、市)和新疆生产建设兵团的全覆盖。
20160912,【长征路·新故事】红军村脱贫记,"今年是红军长征胜利80周年，二万五千里长征路，谱写了可歌可泣的英雄史诗，也留下了历久弥新的长征精神。我们今天纪念长征，不仅要缅怀先烈，更要不忘初心，传承好、弘扬好伟大的长征精神，为实现“两个一百年”奋斗目标的新长征，继续提供强大的精神力量。从9月开始，本台派出13路记者重走长征路，见证长征故地的辉煌巨变，追寻小康路上的精神传承。 从今天起《新闻联播》推出系列报道《长征路·新故事》，今天首先要讲的是红军长征的出发地之一——江西瑞金华屋村的变迁。 江西瑞金，中华苏维埃共和国首都。1934年10月10日，党中央、红军总部撤离瑞金，踏上了漫漫征程。为了留个念想，参军离家前，华屋村的17位华氏兄弟每人在后山栽下了一棵松树。小树一天天长大，兄弟们却再也没有回来，他们全都壮烈牺牲在长征途中。80多年过去了，17棵松树长成什么样了？红军烈士的后人日子过得好不好？带着崇敬与好奇，我们来到这个坐落在赣南山区的小村庄。 记者来到华屋的时候，这个只有119户人家的自然村儿比过年还热闹。 华屋是黄沙村18个自然村中的一个，2014年，趁着村庄整治，乡亲们为已经长成参天大树的“十七棵松”建碑立亭以志纪念。“十七棵松”的故事越传越远，来凭吊的人也越来越多，一来二去，华屋就成了红色旅游的景点。从那时候起，黄日生就有了做大乡村旅游的打算。听说记者要来采访，村班子一合计，把乡村旅游合作社的签约仪式提了前。 在黄日生的“宏伟蓝图”中，附近的原始森林、英雄故居、知青点都可以纳入旅游线路，老表们的茶园、果园、菜园也有份参与。红色+休闲+采摘+体验，到时候，游客就不是“来一下”，而是“住几天”，乡亲们来钱的道儿能增加好几条。 时间倒退到2012年，黄日生可没这份自信。当时全村人均年纯收入不足2300元。 从2012年到2020年的8年间，中央将给予赣南苏区万亿扶持资金，并建立中央国家机关对口支援机制,以帮助苏区百姓实现共同富裕。 有了这场“及时雨”，华屋打响脱贫翻身仗。土坯房改造、改水改电、修路架桥；2014年春节前，华屋危房户全部搬进了小洋楼。 生活环境虽然改善了，但离摘掉贫困帽子还差得远，产业扶贫开始为华屋造血。很快，农户小洋楼里的120多间闲置房屋被归置出来开办农家旅馆；很快，由专项奖补资金建起的200多亩果蔬大棚，成了乡亲们的摇钱树。江西电商脱贫工程把“村邮乐购精准脱贫点”建到村上，华屋的无公害蔬菜一上线儿就成了“网红”。村民华六庆承包了19个蔬菜大棚，今年收入怎么也有小20万。 产业发展一年间，华屋25户贫困户有7户领到了脱贫光荣证，当年的8个光棍汉中有3个成家娶了媳妇。巨变的何止一个华屋，苏区振兴发展四年来，基础设施投入达2200多亿元，农村的水电路大为改观；近300万农户告别土坯房；产业扶贫覆盖60%的贫困人口。"
20160912,【一带一路 共建繁荣】立体化互联互通新格局日渐成形,“一带一路”建设开展三年来，我国致力于亚欧非大陆及附近海洋的互联互通，深入开展国际合作，立体化互联互通新格局正在逐步形成。 在哈萨克斯坦，横贯东西的“希塔公路”正在修建之中。这条由中国电建集团承建的公路，还将成为东起中国连云港，西接欧洲公路网的亚欧公路大动脉的一部分，沿线各国都对它明年的贯通充满期待。 目前，在亚非欧多国，中国公司参与建设的不仅有公路，还有铁路、桥梁、港口、机场。南亚的中老铁路、雅万高铁，东欧的匈塞铁路、俄罗斯的莫喀高铁，都成为“一带一路”大通道的一部分。 现有铁路网对接方面，我国与俄罗斯、德国等多国铁路公司合作搭建的中欧班列，已经有39条线路，从国内16个城市，直达欧洲的12个城市。这使中欧货运时间，从海运的40多天缩短到十几天。我国沿海的黄骅港、青岛港、营口港、大连港等港口，看到这种变化，主动与铁路网对接，开启中欧陆海联运的新模式。 航空领域，我国已经与“一带一路”沿线60多个国家签订双边政府间航空运输协定，航线总里程超过150万公里。几天前，我国和中亚5国以及格鲁吉亚的航空主管部门达成共识，一致推动连接7国的航空运输网。 目前，“一带一路”上，中巴经济走廊的公路项目、澜沧江—湄公河航道整治、中俄中吉跨境光缆通道等项目顺利推进。互联互通，正让沿线国家彼此受益，让各国人民共享发展成果。
20160912,西藏：精准扶贫打造最美生态旅游村落,第三届西藏旅游文化博览会正在拉萨举办，本届藏博会吸引了15个国家和地区的约400位境外嘉宾赴会，人数是上届的4倍。西藏的旅游产业近年来不仅大幅增长，也成为精准扶贫的重要抓手。 藏博会上，来自林芝、那曲、日喀则等地的展台上，纷纷亮出了自己最有特色的旅游线路，比拼谁的旅游产品才是“最西藏”。近年来，特色旅游已经成为藏区精准扶贫的重要载体。距离拉萨市区只有13公里的达东村，是西藏保护最完整的古村落之一，全村一共281户农牧民，其中51家是贫困户。今年初，达东村扶贫综合旅游项目正式开工，村民们纷纷把自家的房屋改造成藏家乐。 一些旅游公司引进了时下最流行的分享住宿、创客旅游等理念，大力发展民俗旅游产业。 达东村特色旅游不仅令51家贫困户精准脱贫，更解决了174名达东村劳动力就业问题。预计年接待游客15万余人次，实现经济收入3000余万元。不只是在达东村，今年1-7月，西藏全区累计实现旅游收入162.66亿元，同比增长33.9%。“十三五”期间，通过旅游业带动，将使西藏全区954个贫困乡村具备较好的旅游发展能力，带动6.2万贫困人口实现脱贫。
20160912,国务院新闻办发表司法领域人权保障白皮书,国务院新闻办公室今天发表《中国司法领域人权保障的新进展》白皮书。 白皮书除前言外共包括四个部分，分别是不断健全人权司法保障机制、进一步完善人权司法保障程序、努力提高人权司法保障执行力和切实保障被羁押人合法权利。 白皮书指出，中国依法惩处腐败犯罪和职务犯罪，为人权保障创造良好的政治和法治环境。2015年，各级检察机关共立案侦查职务犯罪案件40834件54249人。 白皮书指出，中国贯彻疑罪从无原则，积极防范和纠正冤假错案。2012年到2015年，各级法院依法宣告3369名被告人无罪。 白皮书指出，未成年人犯罪案件数整体呈现下降趋势，未成年罪犯占全部罪犯的比例逐渐下降，2015年下降到3.56%。
20160912,里约残奥会：中国又夺13金 继续领跑,在里约残奥会的第四个比赛日，中国军团继续高奏凯歌，单日狂揽13金。 田径赛场，在女子铁饼F44级比赛中，中国队包揽冠亚军，姚娟以44米53的成绩将自己保持的世界纪录提高了1米多。周洪转以54秒43的成绩夺得女子400米T53级冠军，打破世界纪录。陈君飞获得女子跳远T38级冠军。在乒乓球赛场，冯攀峰摘得男子单打3级金牌，女子单打C1至2级金牌被刘静摘得。在男子乒乓球TT10级比赛中，第四次参加残奥会的31岁老将葛杨战胜队友，挺进决赛。 残奥会的赛场没有失败者，23岁的兵乓球选手王睿在2008年汶川地震时失去右腿，接触乒乓球让她从阴影中走出。本届残奥会尽管没能获得奖牌，但王睿并不气馁，从小热爱绘画的她还梦想成为一名服装设计师，为残疾人订制服装。 在举重、射箭、赛艇、游泳等项目中，中国军团也都有所斩获。集体项目中，中国5人制盲人足球队在第二场比赛中以2:0战胜墨西哥队，挺进四强。下一场比赛，他们将对阵阿根廷队。截至目前，中国体育代表团共获得39金30银23铜，继续领跑奖牌榜。
20160912,国内联播快讯,"我国建设首个国家级航天产业基地 今天，中国航天科工集团与湖北省及武汉市签订我国首个国家级航天产业基地建设协议，该产业基地以发展商业航天为理念，打造火箭卫星批量化生产线，为航天发射市场提供廉价快速、响应灵活的商业航天服务。 最高法推进""一带一路""法治保障能力 最高人民法院日前出台一系列司法解释，要求各级法院充分发挥涉外商事、海事审判职能，积极应对“一带一路”建设涉及的贸易投资、跨境并购等法律问题。 我国首份全球主权信用评级发布 中国出口信用保险公司今天发布我国首份全球主权信用风险评级，为中国企业走出去提供国别风险参考提示。 历时七年 青藏铁路全线换轨 今天，历时七年，总投资12.98亿元的青藏铁路无缝钢轨换铺工程完成，全线1956公里青藏铁路实现了“千里青藏一根轨”，列车的平顺性和安全性有了很大的提高。 穆斯林群众喜迎传统古尔邦节 今天是穆斯林传统节日——古尔邦节。“万人麦西来甫”，萨玛舞，新疆、宁夏、甘肃等地的穆斯林群众，用丰富多彩的活动庆祝他们的节日。新疆和宁夏群众古尔邦节加中秋节，可以连休七天长假。 参加中俄海上联演俄方舰船抵达湛江 参加中俄“海上联合-2016”军事演习的俄罗斯海军参演舰船，今天抵达湛江某军港。此次演习俄方参演兵力包括“特里布茨海军上将”号驱逐舰等5艘水面舰船，以及舰载直升机、两栖装甲装备和海军陆战队。 空军多型战机飞赴西太平洋训练 今天空军组织轰炸机、歼击机等多型战机，飞经巴士海峡赴西太平洋进行远海训练，实施了侦察预警、海上巡航、空中加油等训练课题，检验了空军部队远海实战能力。 世界风筝冲浪高手竞速潍坊滨海 在2016世界风筝冲浪竞速锦标赛暨第八届中国潍坊滨海国际风筝冲浪邀请赛上，来自法国、美国、泰国等30多个国家和地区的国际顶级风筝冲浪高手，在蔚蓝的大海上上演速度与激情的比拼。 第七届环鄱阳湖国际自行车大赛开赛 第七届环鄱阳湖国际自行车大赛今天开赛，共有来自30个国家和地区，21支参赛队伍的一百二十多名选手参赛。比赛总赛程一千三百多公里。"
20160912,多国官员学者：杭州峰会助推全球经济,作为二十国集团轮值主席国，中国推动G20杭州峰会就世界经济发展、创新增长方式等诸多重要的议题达成广泛共识。多国官员和学者高度评价中方提出的包容性发展理念以及对发展中国家的关注，并且表示中国为推动国际合作作出的努力将使世界各国人民受益。 哈地安托是此次陪同印尼总统佐科出席G20杭州峰会的印尼二十国集团事务协调员。他在接受本台记者采访时表示，对习近平主席在峰会上提到的包容性发展理念印象深刻。 包容，是世界共同发展的关键因素。G20杭州峰会第一次把发展问题置于全球宏观政策框架的突出位置，第一次制定落实联合国2030年可持续发展议程行动计划，第一次采取集体行动支持非洲和最不发达国家工业化。中方谋求共同发展的决心赢得许多发展中国家的称道。 多国学者认为，从曾经的弱国、穷国发展成为现在的世界第二大经济体，中国结合自身发展经历推动本届G20峰会重视发展议题，尤其具有引导力和说服力，这一特点也有利于二十国集团从危机应对机制向长效治理机制转型。 此次G20峰会还引起了不少没有参会国家的关注。他们认为，中国政府乐于向各国分享经济发展的红利，中国为推动国际合作和全球治理而作出的努力将使全球受益。
20160912,“9·11”十五周年 反恐形势严峻,11号，是美国“9·11”恐怖袭击事件15周年纪念日。15年后，新的世贸中心大厦虽然已在废墟上重建，但反恐道路仍然漫长。如今恐怖主义非但没有减弱的趋势，反而愈演愈烈，成为全球的主要威胁。 11号在纽约世贸中心遗址，五角大楼和宾夕法尼亚州尚克斯维尔分别举行了纪念活动，美国总统奥巴马、国防部长卡特等政要参加。 当天，有遇难者亲属在接受央视记者采访时表示，“9·11”之后，反恐战争进行了15年，而美国并没有变得更安全。 15年前的“9·11”事件是美国人民难以抹去的痛苦记忆。15年以来，“9·11”事件带来的后遗症仍在不断发酵。因为反恐，美国陷入了无休止的战争，时至今日，还有大量美国军队在阿富汗陷入苦战，而伊拉克、叙利亚更成为了混战的深渊。 15年来，美国把反恐作为维护其全球利益的政策工具，在西亚北非地区强推政权更迭，给伊拉克、利比亚、叙利亚等多地带来持续的动荡和混乱，也为恐怖势力蔓延制造了新温床。极端组织趁机坐大，令反恐面临新的困局。
20160912,国际联播快讯,朝鲜北部洪灾60人死亡25人失踪 据朝中社11号报道，8月底到9月初，朝鲜北部地区普降暴雨导致洪灾，已造成至少60人死亡、25人失踪。根据朝鲜劳动党中央委员会10号发表的呼吁书，在这次洪灾中，数以万计的住宅和部分公共建筑倒塌，交通网及电力供应系统、工厂、耕地等遭到破坏。呼吁书号召全国力量参与救灾工作。 日官员视察灾区“被背蹚水”遭批 日本共同社11号报道说，日本内阁府政务官务台俊介本月初在视察因台风“狮子山”而严重受灾的岩手县岩泉町时，因为没有穿防水长靴，而由职员背着蹚过了有积水的地方，遭到了当地民众的批评。
