date,title,content
20160713,【健康扶贫在基层】健康保障兜底 扶贫精准发力,习近平总书记指出，没有全民健康就没有全面小康。目前，全国建档立卡贫困户中因病致贫的占到44%，患大病重病的有240万人。今年国家实施健康扶贫工程，完善全民医保制度，进一步增强防大病、兜底线能力。 河南兰考县村民黄二明因为患有强直性脊柱炎，基本丧失劳动能力，这次住院治疗花了15151.35元，除了新农合报销的9938.23元外，自己还要花5213.12元，这笔钱相当于他们一家半年的贫困补助款。2016年兰考县拿出1200万元作为健康扶贫救助款，凡是在兰考县定点医疗机构住院的患者，出院结算时可以凭特困人口救助证，直接免去新农合住院补偿起付线，实行报销后的再补贴。按照新政策，黄二明又拿到了兰考县政府健康扶贫救助的2800多块钱。 在兰考县中心医院，每天前来做肾透析的患者就有90多人，以前怕得病、怕看病、看不起病的透析病人，现在根据最新补助政策，做一次透析只需要25元钱。 对于贫困人口，不仅要解决不愁吃、不愁穿的问题，还要让他们医疗有保障。川陕革命老区四川省巴中市恩阳区在公立医院设立精准扶贫定点窗口，实行免挂号的一站式接诊、检查、治疗，在县域内住院的贫困患者，实行“先看病、后付费”。 今年1至6月，巴中市恩阳区享受“先住院、后付费”政策的贫困患者达4000人次，共减轻住院押金负担2100万元，贫困人口就诊率同比增长7%。农村妇女蔡玉华丈夫5年前因糖尿病去世，女儿智障，去年蔡玉华得了心脏病，因为没有经济来源，她能拖就拖能扛就扛，一直没有进行正规治疗。今年她家被政府评定为建档立卡的贫困户，这次她一分钱押金没交就住进了医院。 党的十八大以来，农村贫困人口医疗保障水平逐步提高，2016年中央专项扶贫资金比去年增长43%，达667亿元，省级财政专项扶贫资金增长50%以上，达400亿元。今年将对建档立卡贫困人口提高新农合门诊报销水平，政策范围内住院费用报销比例提高5%以上，降低病残儿童、重度残疾人以及大病保险报销起付线，将符合条件的残疾人医疗康复项目按规定纳入基本医疗保险支付范围。
20160713,李克强同欧洲理事会主席 欧盟委员会主席举行会谈,国务院总理李克强13日上午在人民大会堂同欧洲理事会主席图斯克、欧盟委员会主席容克举行会谈。 双方积极评价中欧关系发展，强调要着眼大局，通过加强沟通与磋商增进相互了解和理解，坚持以对话方式妥善处理摩擦和分歧，推动中欧全面战略伙伴关系持续健康稳定发展。 双方主要就欧洲一体化建设、中欧经贸关系、欧盟履行《中国加入世界贸易组织议定书》第15条义务以及共同关心的国际和地区问题深入交换意见。 李克强表示，中方一如既往坚定支持欧洲一体化进程，乐见一个繁荣稳定的欧盟，相信欧盟通过改革能够实现新的发展，这也符合中国和欧盟共同利益。中方愿同欧盟携手，为维护世界和平稳定、促进共同发展繁荣作出不懈努力。 李克强指出，当前世界经济和全球贸易增长乏力，大宗商品价格下跌，需求不振。有关产能过剩问题也是全球性问题，需要各方携手共同应对。作为世界最大货物贸易国以及重要原材料进口国，我们将继续稳步削减、淘汰落后产能，促进经济转型升级。同时在推进中国新型工业化、城镇化进程中扩大国内需求。希望各方客观理性看待，避免将经贸问题政治化。中方愿同欧盟建立专门机制深入讨论钢铁贸易问题。也希望欧盟遵守规则和双方商定协议，信守承诺，如期履行《中国加入世界贸易组织议定书》第15条义务。 图斯克和容克表示，欧方赞赏中方为削减过剩产能采取的有力举措，愿以友好、建设性方式同中方寻求解决方案。欧方将遵守承诺，认真讨论如期履行《中国加入世界贸易组织议定书》第15条承担的义务。
20160713,李克强与欧盟委员会主席共同出席第十一届中欧工商峰会并发表演讲,国务院总理李克强13日上午在人民大会堂与欧盟委员会主席容克共同出席第十一届中欧工商峰会并发表演讲。中欧双方企业家600余人与会。 李克强表示，中方始终从战略高度和长远角度看待同欧盟的关系，坚定支持欧洲一体化进程。中欧加强合作符合双方共同利益，有利于世界的和平与发展。 李克强指出，当前世界经济复苏乏力，但中欧投资合作增长势头强劲，表明双方发展互为机遇。希望中欧继续本着相互尊重、平等互信、开放包容、合作共赢的精神，深入落实《中欧合作2020战略规划》、更好进行发展战略对接，不断开创中欧关系与合作新局面。 李克强表示，中方愿同欧方一道，共同营造和平稳定的环境，倡导通过谈判和平解决争端，以建设性方式处理分歧，为维护世界和平与发展作出积极贡献。挖掘经贸合作潜力，相互扩大市场开放，妥善解决贸易纠纷，推动贸易投资自由化便利化，反对设置贸易壁垒。加快中欧投资协定谈判，欢迎欧方投资中国先进制造业、现代服务业和中西部地区。希望欧方也为中国企业赴欧投资提供便利。 李克强强调，我们将继续改革外商投资管理体制，逐步实现准入前国民待遇加负面清单管理方式。对在中国注册的企业，无论是中资还是外资，中方都将一视同仁，将继续放宽市场准入，做好知识产权保护，维护好各类企业合法权益，致力于营造更加公平透明可预期的营商环境。 容克表示，欧方愿同中方加强伙伴关系，对接好发展战略，用好互联互通平台，推进创新合作，加快双边投资协定谈判进程。 当天上午，李克强和容克共同出席中欧城镇化伙伴关系合作签约仪式，见证了双方12个合作文件的签署。
20160713,李克强离京前往蒙古国进行正式访问并出席第十一届亚欧首脑会议,应蒙古国总理扎尔格勒图勒嘎·额尔登巴特邀请，国务院总理李克强于13日下午乘专机离开北京前往乌兰巴托，开始对蒙古国进行正式访问。应蒙古国总统查黑亚·额勒贝格道尔吉邀请，李克强将出席在乌兰巴托举行的第十一届亚欧首脑会议。
20160713,《中国坚持通过谈判解决中国与菲律宾在南海的有关争议》白皮书今发布,国务院新闻办公室今天举行发布会，发布《中国坚持通过谈判解决中国与菲律宾在南海的有关争议》白皮书，并邀请外交部相关负责人，回应外界对所谓南海仲裁庭裁决结果的关切。 《中国坚持通过谈判解决中国与菲律宾在南海的有关争议》白皮书，共包括五部分内容：一是“南海诸岛是中国固有领土”，强调中国对南海诸岛的主权是历史上确立的，中国始终坚持维护在南海的领土主权和海洋权益，中国对南海诸岛的主权得到国际社会广泛承认。二是“中菲南海有关争议的由来”，强调菲律宾非法侵占行为制造了中菲南沙岛礁争议，菲律宾对南沙群岛部分岛礁的领土主张毫无根据，指出国际海洋法制度的发展导致中菲出现海洋划界争议。三是“中菲已就解决南海有关争议达成共识”，强调通过谈判解决南海有关争议是中菲共识和承诺，妥善管控南海有关争议是中菲之间的共识。四是“菲律宾一再采取导致争议复杂化的行动”，指出菲律宾企图扩大对中国南沙群岛部分岛礁的侵占，一再扩大海上侵权，企图染指中国黄岩岛，强调菲律宾单方面提出仲裁是恶意行为。五是“中国处理南海问题的政策”，就南沙群岛领土问题、南海海洋划界问题、争端解决方式、在南海管控分歧和开展海上务实合作、南海航行自由和安全、共同维护南海和平稳定等方面，阐明中国的政策主张。 针对有国家提出，“裁决结果有约束力，中国不执行裁决是违反国际法”，外交部副部长刘振民在发布会上表示，这个所谓南海仲裁庭绝不是国际法庭，与位于海牙联合国系统的国际法院毫无关系。再看仲裁庭的组成，五位仲裁员中的4人，都是由曾协助日本首相安倍晋三解除集体自卫权、并担任过日本驻美大使的日本籍法官柳井俊二指定。此外，在签订《联合国宪章》、制定《联合国海洋法公约》时，有条文明确指出，“国际法院的组成必须代表世界各大文化和主要法系”，国际海洋法法庭成立时也有同样要求。 刘振民指出，这个仲裁庭的运作，让国际法学界大跌眼镜，有些法官在仲裁庭运作过程当中，完全背弃了他们原来坚持的学术观点。且他们的薪酬来自菲律宾或其他国家，属于有偿服务。这个仲裁庭的组成实际上是政治操作的结果。所谓最终裁决，没有拘束力，不会得到执行。 刘振民强调，裁决解决不了争议，希望有关国家在南海的活动、行为以及主张，回归到裁决之前的状态，通过谈判、合作，管控分歧。
20160713,《中国坚持通过谈判解决中国与菲律宾在南海的有关争议》白皮书单行本出版,中华人民共和国国务院新闻办公室今天发表的《中国坚持通过谈判解决中国与菲律宾在南海的有关争议》白皮书单行本，已由人民出版社出版，即日起在全国新华书店发行。
20160713,中国南沙美济礁 渚碧礁新建机场试飞成功,中国政府征用的两架民航客机，今天(13号)上午先后从海口起飞，分别飞往美济礁和渚碧礁新建机场。平稳着陆后，两架客机于今天下午返回海口，试飞成功。 今天上午8时30分、8时40分，中国政府征用的南方航空公司和海南航空公司民航客机，先后从海口美兰国际机场起飞，分别飞往美济礁和渚碧礁新建机场。 经过近2个小时的飞行，南方航空公司、海南航空公司的飞机分别于10时29分、10时28分在美济礁和渚碧礁新建机场平稳着陆。 两架民航飞机于当日下午返回海口，试飞成功。至此，我国已在永署、美济、渚碧礁各建设了1座机场并投入使用。另据交通部信息，我国在华阳、赤瓜、渚碧、永署礁先后建成了4座大型多功能灯塔并投入使用，美济礁灯塔主体工程也即将建成。据了解，按照国家二级医院标准建造的永署礁医院已于今年6月底正式启用。 相关专家表示，建设机场、灯塔、医院、海洋气象观测站、岛礁科学研究中心和生态建设试验基地等设施，增强了南沙岛礁国际公益服务的能力；有新建机场提供通信、导航等多方面的服务，飞机经过南沙时会更加安全；有大型灯塔导航，便于船只经过南沙时避开礁滩，渔民在附近作业更有保障；海洋观测和科学研究设施的建成完善，能够为本地区海洋生态研究、气象预测和海啸预警等提供更加及时有效的信息服务。 据悉，此前已建成的永暑礁机场在多次海上应急救援活动中发挥了重要作用。
20160713,台湾舆论：南海仲裁结果荒腔走板 是政治判决,在12号出炉的所谓“南海仲裁裁决”中，包括太平岛在内的南沙群岛都被判定为礁，引发台湾舆论哗然，岛内指责声一片。 台湾《联合报》社论以“南海仲裁是荒腔走板的不智判决”为题，表示没有管辖权的仲裁庭作出的判决是无效的。 台湾地区前领导人马英九也发表文章表达错愕和愤怒，并指出“判决匪夷所思，在背后操纵的势力，看似赢了面子却输了里子”，表示“绝不接受荒谬不公仲裁。” 网友们也群情激愤。有网友在网络上贴出太平岛与冲之鸟礁两张图片。有舆论说，冲之鸟礁面积不足10平方米，日本政府却主张为“冲之鸟岛”，而这次所谓仲裁居然认为面积大约50万平方米的太平岛是礁，这样的裁决根本是“睁眼说瞎话”。 台湾学者认为，虽然所谓的仲裁结果在意料之中，但仍让人大跌眼镜。在此次仲裁中被认定为礁的太平岛，长期有人居住，岛上淡水充裕，农作物丰富。岛变成礁，让人匪夷所思。 岛内无论蓝绿，一致批判所谓南海仲裁结果。舆论也呼吁，在当前情况下，两岸更应该携手，共同捍卫南海主权及海洋权益。
20160713,多方支持中国南海立场 反对域外势力插手搅局,非法无效的所谓南海仲裁遭到中国政府的严正拒绝。对中国政府的立场，多国政要、学者表示支持。他们认为域外势力的策划操纵导致南海问题不断升温，威胁地区和平稳定。 柬埔寨政府多次发表声明，对中国政府立场予以支持。柬埔寨首相洪森说，一个非东盟国家的大使曾企图游说柬埔寨和其他东盟国家支持所谓南海仲裁案的仲裁结果，显然这一仲裁是“出于政治动机”。洪森说，域外力量纠集起来搅局南海，“将给东盟国家和地区带来负面影响”。 柬埔寨奉辛比克党主席拉那烈对本台记者表示，反对域外国家对南海问题的粗暴干涉。 菲律宾专栏作家罗德·卡普南发表文章说，阿基诺三世执政期间积极追随美国所谓“重返亚太”政策，肆意误导菲律宾民众情绪，煽动民众对邻国的敌意。阿基诺三世政府将南海问题提交仲裁的做法，是给菲律宾自身安放了“定时炸弹”，仲裁案的背后是美国的利益在驱动。 巴勒斯坦民族解放运动(法塔赫)中央委员扎齐强调，法塔赫支持中国同相关国家根据双边协议和地区有关共识解决南海争端，反对外来势力干涉南海问题，外部干涉是引发冲突并加剧南海局势紧张的原因之一，不利于实现亚太地区的和平与稳定。 英国伦敦前经济政策署署长罗思义也表示，美国出于自身利益介入南海局势，加剧了地区紧张局势。 美国政府在所谓南海仲裁问题上插手搅局在美国国内也遭到质疑。美国卡耐基国际和平基金会高级研究员斯万认为，美国本身并不是《联合国海洋法公约》的缔约国，自己不受约束，却对其他国家指手画脚，这是在搞双重标准。
20160713,人民监督员选任办法和监督规定发布,人民监督员制度是监督制约检察权的一项重要机制，为规范人民监督员选任和管理工作，保障人民监督员的各项监督权，日前，司法部、最高人民检察院印发了《人民监督员选任管理办法》和《关于人民监督员监督工作的规定》，《办法》和《规定》自发布之日起施行。 《人民监督员选任管理办法》重点明确了三方面内容：一是规定人民监督员由司法行政机关负责选任管理；二是明确了人民监督员选任条件和程序，其中特别规定，具有公务员或者事业单位在编工作人员身份的人员，一般不超过选任名额的50%。三是明确了人民监督员抽选履职程序，参加案件监督评议的人民监督员由司法行政机关从信息库中随机抽选，并通报检察机关。 《关于人民监督员监督工作的规定》，将人民监督员的监督范围从原有的7种情形拓展为11种，新增的4种情形包括：犯罪嫌疑人不服逮捕决定的、采取指定居所监视居住强制措施违法的、阻碍律师或其他诉讼参与人依法行使诉讼权利的、应当退还取保候审保证金而不退还的。 同时，《规定》也对如何保障人民监督员的知情权和话语权进行了明确。
20160713,【时代先锋】骆抗先：把剩下的生命都留给病人,今天的《时代先锋》我们来认识我国乙肝治疗领域的一位优秀医生，62年来他通过做科研、出门诊，不断寻找为乙肝患者减轻病痛的途径，他就是南方医科大学南方医院的医师骆抗先。 这位85岁的老人，就是南方医科大学南方医院教授、博士生导师骆抗先，一个上午，骆抗先共接诊了11位病人，而每周他都坚持出诊三次。 1996年底，武汉一所学校700多名学生转氨酶不明原因增高，疫情面达61%，骆抗先带着团队到达疫区后，便一头扎进了调研中。 由于当地检验设备有限，骆抗先决定将所有的粪便标本全部带回进行分析。 回到广州后，骆抗先与专题攻关小组通过一年多实验，无数次失败后，终于鉴定出一种新的病毒基因组成段，这是世界上第三种经胃肠传播的肝炎病毒。这一重大发现，为人类探知新病毒所致的肝炎写下重重一笔。 62年间，他早到晚走，比别人多诊治病人10多万人次，还独立编写了125万字的专著《乙型肝炎：基础和临床》，被同行誉为“红宝书”。 为了改变患者对乙肝认识的误区，骆抗先从零开始学习电脑操作，开通乙肝科普博客，每周更新文章。为节省时间，他已经有近十年没走出南方医院的大门。
20160713,南方新一轮强降雨来袭 防汛压力加大,从今天开始，我国四川盆地到长江中下游一带遭遇新一轮强降雨，湖北、湖南、江西、安徽、浙江、江苏等地防汛压力进一步加大。 作为湖北省蓄水量第一，面积第二大的淡水湖梁子湖，近期最高水位达到了21.49米，创历史新高。长期高水位运行，再加上新一轮强降雨袭来，让梁子湖发生重大险情的几率增大。 为保障湖区周边群众安全，湖北省计划明天对梁子湖流域的牛山湖实施破垸分洪，让处于高水位的梁子湖湖水注入牛山湖，以缓解梁子湖防洪压力。 到今天中午，湖区周边的1500多名群众已全部转移。 为应对新一轮强降雨，长江中下游沿线解放军和武警部队全力投入，对相关堤段加高加固，确保大堤安全。 气象部门提示，这轮强降雨区域相对分散，强度与范围不及6月30日到7月4日的降雨过程，但仍需要特别防范强降雨的叠加效应，给防汛带来的不利影响。
20160713,韩宣布“萨德”部署地点引发抗议,韩国国防部13号在首尔召开新闻发布会，宣布韩美双方决定将末段高空区域防御系统即“萨德”系统部署在韩国东南部的庆尚北道星州郡。这一决定引发星州郡民众强烈抗议，当天有数千人举行集会反对部署“萨德”。 中国外交部今天表示，中方坚决反对韩美在韩国部署“萨德”反导系统，强烈敦促美韩停止有关进程，中方将坚决采取必要措施维护自身利益。
20160713,国际联播快讯,意大利两火车相撞 多人死伤 两列火车12号在意大利南部普利亚大区以约100公里的时速迎面相撞，造成至少27人遇难，50人受伤。目前调查人员已找到一个列车黑匣子。当地警察官表示，事故明显是人为过失造成的。调查主要从人员操作情况和企业制定的操作规范这两方面入手。两车均属于私人铁路运输企业，所属企业没有配备铁路自动监控系统。 伊军收复摩苏尔附近战略要地 伊拉克国防部长奥贝迪12号表示，伊拉克政府军当天成功从极端组织手中收复摩苏尔附近的一座村庄。这座村庄位于底格里斯河边，战略位置重要，是伊拉克政府军近期从极端组织手中夺取的第二处战略要地，为伊军向极端组织控制的重镇摩苏尔发动总攻进一步做好准备。本月9号，伊拉克政府军在打击极端组织国际联盟的空袭掩护下，成功收复了盖亚拉空军基地。 土总理：致力于与叙伊发展良好关系 土耳其总理耶尔德勒姆13号表示，土耳其需要提升同本地区国家的外交关系，特别是与叙利亚和伊拉克两国发展友好关系。耶尔德勒姆说，为了国际社会反恐努力取得成功，叙伊两国需要保持稳定。 由于深陷外交困境，土耳其新政府自5月下旬组建以来，一直致力于调整外交政策。此前，土耳其已就去年11月击落俄罗斯战机事件向俄方致道歉信，并宣布与以色列恢复正常外交关系。
