date,title,content
20160410,【稳增长调结构转方式·杭州调研行】信息技术助推传统制造转身“智”造,传统制造业加快智能化升级，是过去一年杭州工业的主题词，在经济新常态下，杭州制造业加快与智能制造，物联网等信息技术相融合，加快推动传统制造业升级转型，走向智能化，绿色化和高端化，一大批深受消费者欢迎的个性化定制产品应运而生，如今，个性化定制已经成了杭州制造业的一张新名片。 这是杭州市一家传统的服装加工企业，过去，这家工厂的主要业务就是代客加工，去年初，这家工厂关闭了流水线，全部改成了个性化生产。 依托全球不同人种，不同体型的20万份基础人体数据，进行个性化定制生产，让这家工厂尝到了甜头，仅仅一年时间，利润达到2亿美金。 眼下，在杭州，越来越多的传统制造企业开始进军个性化生产领域，不仅是衣服，消费者还可以随意选择不同颜色，不同款式，甚至不同排量的发动机，订制生产出一辆与众不同的摩托车。 其实摩托车，汽车的个性化定制生产，在上世纪90年代就出现过，但是很快就消失了，原因很简单，每个订制产品不一样，由此带来工厂生产成本的增加，工人生产效率的降低，这两个难题无法破解。而现在有了物联网和智能制造，这两个难题迎刃而解。 杭州这家摩托车厂，提供给客户零配件，涂装颜色的菜单式选择，依靠智能制造，让个性化订制实现了批量化生产。如今，工人们需要做的就是，按照客户选择的菜单，设置工序。 秘密就在这间并不算大的房间里，这里是整个工厂的智能中心，对内它控制着每一条生产线，车间中的工人、机床以及配件被它有序的联在一起，来自全世界的各种订单，会通过它分派给每个工人，工人们按照客户的装配要求，对自动化机床进行工序设置，不同订单所需要的配件也会在智能中心的控制下，分配给每台机床，进行精准组装，正是物联网技术的应用，让生产效率并没有因为个性化定制而降低，反而得到了很大的提升。 而对外，这个智能中心连接着全球数千家经销商，供应商，消费者。产品出现质量问题，顾客对产品的反馈，智能终端都会第一时间掌握并进行处理，更为重要的是，智能中心能够根据订单需求，及时准确的组织配件供应，将工厂的配件采购，物流成本保持在一个合理水平。 正是个性化定制的批量化生产，让这家企业在竞争激烈的国际市场站稳了脚，企业效益连续三年都以20%的速度递增。 如今，这种模式在杭州，已被广泛应用在制药，家电等领域。最新数据显示，2015年，杭州市完成工业投资930亿元，其中技术改造升级投入占到了大头，达到了630.6亿元，杭州市用这些钱实施了30项智能制造应用试点，675个机器换人项目，超过一百个工厂物联网项目完成并投入使用。 今年，杭州市专门设立了20亿元的信息经济产业投资基金，重点投向3D打印，高档数控机床等智能制造技术。到2020年，杭州将新增使用工业机器人2000台，实施300个智能制造示范试点，重点推动利用先进的信息技术实现传统产业的转型升级。
20160410,“实践十号”开展多项空间科学研究,我国返回式科学实验卫星“实践十号”于4月6日凌晨发射成功，几天以来，卫星进行了一系列微重力环境中的科学实验，为相关领域研究积累了宝贵的实验数据。 “实践十号”卫星为持续的微重力条件下的实验提供了很好的平台。中科院力学研究所的王双峰副研究员负责这次非金属材料在微重力环境中着火及燃烧的实验项目，他对记者讲，从基础研究的角度去探究微重力环境下的非金属燃烧特性，具有重要意义。 实验视频显示，在地面用相同的实验设备与在太空中微重力环境下非金属燃烧完全呈现不同的景象。“实践十号”这次飞行将做8次该燃烧实验，从而为空间防火提供更可靠的实验数据。 在轨运行期间，“实践十号”返回式卫星还进行了颗粒流体气液相分离实验。从传回的视频中，我们看见在微重力情况下，实验舱里的金属球像气体分子一样悬浮起来，有的形成了团簇现象。这项实验是世界上首次在稳定的微重力环境下，有系统地进行颗粒分仓聚集的实验研究。 本次“实践十号”共搭载19项科学实验项目，接下来将在卫星留轨舱和回收舱中继续开展各项研究，推动我国空间微重力和空间生命科学的发展。
20160410,巡察全覆盖 拍蝇无死角,推动巡视向纵深发展，探索市县巡察，完善巡视工作网络格局。一年多以来，针对基层党组织涣散、基层党员干部的腐败和“四风”问题，河南省委积极探索建立了巡察制度，把解决发生在老百姓身边的腐败问题作为重点，严肃查处了一批违纪违法的党员干部。 最近，河南开封杞县化寨村的村党支部书记朱仁民，日子过得有点郁闷，因为他在2014年改造房屋漏水的问题时，利用自己的职务便利，以困难户的名义和自己妻子的名义申请领取了国家危房补贴资金五千元，本以为神不知鬼不觉，却不想，时隔两年后的今天，开封市委巡察组的工作人员却翻出了他的老账。 农村危房改造补助资金是国家对农村危房改造补助的专项资金。重点补助对象是居住在危房中的五保户、低保户、贫困残疾人家庭和其他贫困户。而记者在采访现场看到，作为村支书的朱仁民显然不符合贫困户的标准，与中央精准扶贫政策不符。 在巡察组多次上门与朱仁民讲解政策，了解情况的过程中，朱仁民逐渐认识到了自己的问题。 朱仁民事件的发现，缘起村民举报，巡察组在接到举报后，经过初步了解后转交给了杞县纪委，杞县纪委随后开展调查取证工作。目前已经确认朱仁民的违纪事实。 查处杞县化寨村村支书冒领危房改造补助资金一事，是河南全省开展巡察制度的其中一例，截至2015年底，河南已经完成了全省巡察全覆盖。目前已经巡察703个单位，发现并反馈“六项纪律”方面的问题12577个，移交线索10820条。其中党政纪处分1328人，组织处理604人，移送司法机关75人。 作为农业大省的河南，近年来，从各级受理的群众来信来访看，来自基层干部和群众的问题占80%以上，因此，河南全省各地注重紧贴基层实际，把发生在群众身边的败坏党的形象，故意刁难、吃拿卡要，虚报冒领，优亲厚友与民争利、欺压百姓等侵害群众利益的问题，以及贪污、截留、挪用、套取惠民资金、涉农补贴等问题作为向县乡镇村巡察工作的重中之重。 所谓“郡县治，天下安”，“乡村治，百姓安”，巡察是巡视工作向市县延伸的有效方式，也是实现监督全覆盖的重要途径。河南省委按照中央部署，加强巡视巡察工作一体化谋划，以市县巡察工作为抓手，努力构建巡视工作网络格局。在抓县委书记主体责任的同时，利用创新的巡察制度把全面从严治党最后一公里落到实处。 据记者从中央巡视办了解到，目前，全国已有28个省区市建立市县巡察制度。横向全覆盖、纵向全链接、全国一盘棋的巡视工作网络格局已经初步形成。巡察工作将成为市县党委落实全面从严治党政治责任的重要利剑。
20160410,山东临沂：摸清家底 精准扶贫,革命老区山东临沂，农村贫困人口占全省六分之一，脱贫任务艰巨。当地通过有针对性的扶贫方案，确保精准脱贫见实效。 这几天，平邑县大丰阳村的驻村干部丰德玉，又召集村民商量砍树建大棚的事儿，原因就是村里不到一千亩的农田，有500多亩被种上了杨树。 原来，由于村里穷，年轻村民都选择外出打工，为了图省事，他们就在地里种上树，一年四季不太需要管理，等树长成了还能卖点儿钱。可杨树成材怎么也得十来年。去年10月，驻村干部丰德玉找来农业专家，检验后发现这里最适合种马铃薯。在征求了村民意见后，丰德玉用精准扶贫的30万元扶贫款帮贫困户建起了58个试验大棚。动手快的村民，已经见到了收益。 临沂市的8万多名机关干部，通过“百村万户民情大走访”，建起贫困户档案，摸清家底，再拿出不同的脱贫方案。 如今，沂蒙山深处的蒙阴县，3200户贫困户成为养兔专业户；沂水县依托乡村游，上千家贫困户经营起农家乐；自然条件恶劣的费县两个贫困村，已整体搬迁。目前临沂市16个扶贫专项方案都已落实到位，两年时间全市1145个贫困村的51.7万农村贫困人口将全部完成脱贫。
20160410,“国际安徒生奖”得主曹文轩载誉归国,刚刚在意大利博洛尼亚儿童书展上获得“国际安徒生奖”的作家曹文轩，9号下午载誉归国，一下飞机他就受到了读者和媒体的热情欢迎。 刚一到达机场出口，曹文轩就收到了小朋友送上的鲜花，不断有读者涌上来要签名、拍合影，欢迎中国的“安徒生”回家。 曹文轩透露，接下来他会继续潜心文学创作，计划与国际安徒生奖获奖插画家合作，在今年6月份，为读者献上自己最新的长篇小说《蜻蜓眼》。曹文轩的作品已输出到50多个国家和地区，代表作《草房子》在中国印刷量超过300次，发行量将近1000万册，部分作品被译为英、法、德、日、韩等十几种文字。 国际安徒生奖由国际儿童读物联盟于1956年设立，每两年评选一次，被誉为“儿童文学的诺贝尔奖”，旨在奖励世界范围内优秀的儿童文学作家和插画家，曹文轩代表中国作家首次获得这一殊荣。
20160410,南方多地出现雨雾 影响交通出行,这几天，我国南方部分地区持续出现降雨大雾天气，给人们出行带来不便。 今天早晨，成都双流机场浓雾弥漫，能见度不足50米，受此影响，双流机场从早上开始一直处于关闭状态，一度造成130多个出港航班延误，上万名旅客滞留。双流机场发布了通航历史上首个大面积航班延误红色预警。9点30分之后航班才逐步恢复，到下午3点，预警解除。 重庆、安徽、河南同样也遭遇了大雾天气，各地及时在重点路段加派警力，疏导交通。 在江西、贵州、湖南等地，连日来持续出现强降雨，局部地区甚至下起了暴雨。在湖南邵阳，降雨导致河水水位上涨，当地一座正在建设的水坝围堰出现险情。武警官兵经过三个多小时的抢险，今天凌晨筑起了一道130多米长的防洪堤，险情基本排除。 天气状况不佳，要格外注意出行安全。9号凌晨，由于大雾，沈海高速胶州段一辆长途客车与两辆货车相撞，导致8人死亡，17人受伤。 针对最近恶劣天气带来的安全隐患，公安部日前召开会议，要求加强高速公路通行秩序管理，特别是恶劣天气应急管理。 中央气象台预计，未来三天，江南中南部、华南北部将有大到暴雨；黄淮、江淮等地多晨雾，能见度将明显下降。
20160410,圈养大熊猫达到422只 种群质量提升,国家林业局最新统计显示，目前，全球圈养大熊猫种群数量已经达到422只，种群质量不断提升。 这些熊猫宝宝都是2015年出生的，现在只有六个多月大。但是，对这些小家伙来说，每天除了吃奶、睡觉之外，还有一件大事儿，就是玩儿。 别看熊猫宝宝的玩具很普通，只是自然生长的树木、草坡，但这些可都是专家们为大熊猫精心设计的。模拟出大熊猫原生栖息地的环境，就是要帮助他们健康成长。 我国科学家经过60多年的努力，攻克了大熊猫繁育、饲养等技术难题，仅仅过去10年间，圈养种群数量就增加了200多只。但是，要想实现种群的自我维系，遗传多样性需要在100年内保持90%以上。因此，目前，大熊猫的繁育更多的是提升种群质量。
20160410,国内联播快讯,今年我国赴欧游将新增百万人次 来自国家旅游局的消息，捷克、波兰等中东欧国家正成为中国游客欧洲游的新兴目的地，今年这些国家将通过增加签证中心、开辟直飞航线等方式，进一步方便中国游客出行。预计今年赴欧游客人数将新增百万人次。 在建亚洲最长单体地铁车站开工 深圳地铁10号线平湖中心站今天开工建设，它是目前在建的亚洲最长单体地铁车站，总长度达710米。深圳地铁10号线，南连福田口岸，毗邻香港，北接深圳平湖枢纽。 江西明确排污权出让收入使用 江西省明确采取定额出让或通过拍卖、挂牌、协议等市场公开出让方式出让排污权，出让收入属于政府非税收入，全额上缴国库，统筹用于污染防治。 洛阳牡丹迎来赏花高峰 今天，第34届中国洛阳牡丹文化节开幕，500多个品种的100多万株牡丹竞相开放，迎来赏花高峰，盛花期将持续到4月下旬。 大型公益寻人节目《等着我》今晚播出 大型公益寻人节目《等着我》将继续在我台综合频道晚八点档播出。本期节目中将有四位求助者来到演播室寻求帮助，他们中有的是寻找失散多年的亲人，有的是寻找曾经一起在战场上出生入死的老排长，他们能否找到，今晚将揭晓。
20160410,阿富汗7.1级地震 首都震感明显,最新消息，据中国地震台网测定，北京时间今天18点28分，阿富汗东北部兴都库什地区附近发生里氏7.1级地震，震中位于北纬36.56度，东经71.31度。阿富汗首都喀布尔震感明显。目前还没有具体人员伤亡和财产损失报告。 巴基斯坦和印度多地都有强烈震感。
20160410,比恐袭案两名主要在逃嫌疑人被捕,比利时联邦检察院9号证实，8号警方逮捕的嫌疑人阿布里尼正是3月22号布鲁塞尔机场爆炸袭击事件的第三名嫌疑人，此外布鲁塞尔地铁爆炸袭击的一名嫌疑人身份也已被证实。 比利时检方指出，经过比对多种鉴定结果，证实阿布里尼就是布鲁塞尔市郊扎芬特姆机场监控摄像头拍摄到的“戴帽子的男子”，他当时与另外两名自杀式袭击者易卜拉欣·埃尔-巴克拉维和吉姆·拉什拉维在一起。爆炸发生后，三名袭击者中只有阿布里尼逃出了现场。检方称，阿布里尼已经承认自己在爆炸事件现场。 早在去年12月，阿布里尼因涉嫌参与巴黎连环恐袭案已经遭到法国警方通缉。此次阿布里尼被证实参与布鲁塞尔机场爆炸袭击，也进一步证明，去年11月13号的法国巴黎连环恐袭和今年3月22号的比利时布鲁塞尔连环恐怖袭击之间，无论是策划者还是实施者都存在紧密的联系。 与此同时，比利时检方称，警方8号逮捕的另一名嫌疑人乌萨马·克拉伊姆，被证实参与了布鲁塞尔的马埃勒贝克地铁站爆炸袭击。据调查，28岁的瑞典人克拉伊姆负责购买了用来装爆炸物的袋子。地铁站爆炸前不久，克拉伊姆曾被摄像头拍摄到与地铁站自杀式爆炸袭击者哈立德·埃尔-巴克拉维在一起。 此外，比利时警方8号还逮捕了2名嫌疑人——比拉勒、埃尔韦，他们也涉嫌参与了布鲁塞尔连环恐袭事件。比利时检方9号以参与恐怖组织活动、恐怖袭击或恐怖袭击同谋等罪名正式起诉阿布里尼和克拉伊姆等4人。
20160410,关注叙利亚局势,从上个月27号起，叙利亚政府军陆续从极端组织手中收复了中部古城巴尔米拉和战略重镇盖尔亚廷。据叙利亚官方媒体9号报道，此前因战火逃离的数千名当地居民当天开始重返回家园。 据叙利亚官方通讯社报道说，霍姆斯省政府9号开通了从霍姆斯市前往巴尔米拉以及盖尔亚廷的公交大巴，共有约2000人乘坐46辆汽车返回巴尔米拉，另外有两辆汽车前往盖尔亚廷。 首批返回家乡的巴尔米拉居民看到自己的家园成为一片废墟，感到非常心酸。 据报道，目前拆弹小组正在加紧排除极端组织设在城内的爆炸装置，一批技术人员此前也已抵达这两座城市，修复遭破坏的公共设施，预计水电供应等将于几周内恢复。 巴尔米拉和盖尔亚廷位于霍姆斯市东南方向，极端组织武装分别于去年5月和8月攻占这两座城市，大量平民逃离家园，城市遭到严重破坏。叙利亚政府军上月底和本月初相继收复这两座城市。 另据报道，叙利亚选举高等司法委员会负责人希沙姆·沙尔9号说，即将于13号举行的人民议会选举的准备工作已经就绪。整个选举过程中，叙利亚选举高等司法委员会将与各地分委员会保持直接联系，并将在选举当天保持高度警惕状态，以应对可能出现的突发事件。根据叙利亚宪法，每四年举行一次人民议会选举。上一次叙利亚人民议会选举是在2012年5月7号举行。
20160410,印度西南部一寺庙火灾致上百人死,当地时间10号凌晨，印度西南部喀拉拉邦一座印度教寺庙发生火灾。目前火灾已经造成上百人死亡，300多人受伤。 据报道，从9号晚到10号这座寺庙都在举行传统节日的庆祝活动，现场聚集了上万人。当地时间10号凌晨3点左右，现场开始焰火表演。3点半左右，现场突然发生剧烈爆炸，并引发大火，造成大量人员伤亡，其中包括很多妇女和儿童。 据当地警方说，大火很可能是焰火表演点燃了这座寺庙内存放的大量烟花爆竹所引起。而警方此前曾发出警告，要求寺庙限制使用烟花。当地一些居民也曾抱怨焰火表演过于危险。 目前火势已经得到控制，火灾的具体原因仍在进一步调查。 一些伤者被送往寺庙所在地奎隆的医院，伤势更为严重者则被转移到喀拉拉邦首府特里凡得琅接受救治。 印度是一个宗教活动频繁的国家，每年各地大小节日众多，是民众生活的重要内容，但不时会有惨剧发生。2013年10月，中央邦一座寺庙发生踩踏，造成100多人死亡。
20160410,国际联播快讯,索马里首都一酒店附近发生袭击 索马里首都摩加迪沙9号发生汽车炸弹袭击，造成至少3人死亡、5人受伤。当地官员称，爆炸发生在摩加迪沙市区北部一座豪华酒店附近，一辆装有炸药的汽车当天下午突然发生爆炸，造成正在一家餐馆就餐的3名顾客当场被炸身亡。与“基地”组织有关联的极端组织——索马里“青年党”宣布制造了此次袭击。 希腊因人手不足暂停向土遣返难民 希腊负责欧盟事务的副外长克西扎基斯9号宣布，由于人手不足，希腊暂停向土耳其遣返难民。希腊方面称，莱斯沃斯岛目前已经有6750名难民提交了避难申请，但当地缺乏有资质的官员来处理这些申请，欧盟协助的相关专家也没有抵达。根据欧盟与土耳其达成的协议，从4月4号起，所有入境希腊的不满足避难条件的难民将被遣返土耳其，以换取欧盟国家的难民安置名额。 美众院前议长哈斯泰特再曝丑闻 美国联邦检察官8号发布文件称，曾担任美国国会众议院议长的丹尼斯·哈斯泰特，涉嫌在上世纪六七十年代在伊利诺伊州一所高中性骚扰多名男孩，并性侵一名14岁的男孩，他还被曝向这名男孩支付了上百万美元的封口费。今年74岁的哈斯泰特，1999年到2007年期间任众院议长。去年5月他因向美国联邦调查局“隐瞒封口费去向”的丑闻遭芝加哥检方指控，并于10月认罪。
