date,title,content
20160620,习近平参观河钢集团塞尔维亚斯梅戴雷沃钢厂,当地时间19日上午，国家主席习近平在贝尔格莱德参观河钢集团塞尔维亚斯梅戴雷沃钢厂。 习近平抵达时，塞尔维亚总统尼科利奇、总理武契奇在停车处热情迎接。钢厂工人和家属、当地市民数千人夹道欢迎。 习近平发表了热情洋溢的讲话。习近平指出，中国同塞尔维亚传统友谊深厚，彼此怀有特殊感情，值得我们倍加珍视。在中国改革开放初期，塞尔维亚人民的成功实践和经验曾经为我们提供了难得借鉴。今天，中塞企业携手合作，开启了两国产能合作的新篇章。这既是对两国传统友谊的延续，也体现了双方深化改革、实现互利共赢的发展决心。中国企业一定会与塞方同行精诚合作。我相信，在双方密切合作下，斯梅戴雷沃钢厂必将重现活力，为增加当地就业、提高人民生活水平、促进塞尔维亚经济发展发挥积极作用。 习近平强调，中国人民走的既是一条独立自主、和平发展之路，也是一条互利共赢、共同繁荣之路。中方期待同塞方继续打造更多合作大项目，使中塞合作更好造福两国人民。 塞方领导人在致辞中表示，河钢斯梅戴雷沃钢厂是塞中传统友谊的又一见证。斯梅戴雷沃钢厂走过了一条坎坷的发展之路，最终在同伟大、友好的中国合作中找到了重新激发活力的希望，揭开了新的历史一页。塞中这一合作项目不仅将为塞尔维亚当地带来5000个就业机会，改善人民的生活水平，还将为塞中更广泛合作开辟新的前景。 两国领导人共同参观钢厂。高大宽敞的热轧车间内，机器轰鸣，热气蒸腾，生产线上各种轧钢锻材不时呼啸而过。习近平不时驻足参观产品，并登上中控室，详细询问工艺环节，了解生产情况。 随后，习近平在塞方领导人陪同下，来到员工食堂同工人交流互动。习近平高度评价中塞人民的传统友谊，勉励工人们努力开拓，提高钢厂综合竞争力，使钢厂合作项目早结硕果，惠及当地人民。 斯梅戴雷沃钢厂成立于1913年，是该地区知名的百年老厂。今年4月，中国河钢集团投资该厂，使其摆脱经营危机，重现活力。 参观钢厂前，习近平抵达阿瓦拉山纪念碑公园，向塞尔维亚无名英雄纪念碑敬献花圈，并在纪念簿上留言。 当天，习近平还出席了尼科利奇、武契奇共同举行的午宴。 王沪宁、栗战书、杨洁篪等参加上述活动。
20160620,习近平抵达华沙 开始对波兰共和国进行国事访问,当地时间6月19日，国家主席习近平抵达华沙，开始对波兰共和国进行国事访问。 当习近平乘坐的专机进入波兰领空时，波兰空军战机升空护航。当地时间下午5时25分许，专机抵达华沙奥肯切军用机场。习近平和夫人彭丽媛步出舱门，波兰外交部长瓦什奇科夫斯基、总统府办公厅主任杜尔斯卡等在舷梯旁热情迎接，礼兵分列红地毯两侧。 习近平向波兰人民致以诚挚问候和良好祝愿。习近平指出，波兰是最早承认并同新中国建交的国家之一。中波建交67年来，始终相互尊重、平等相待。近年来，两国建立战略伙伴关系，各领域交流蓬勃开展，并在中国-中东欧国家合作、中欧关系框架内开展良好合作。中方重视同波兰的关系，希望巩固两国传统友谊，扩大各领域交流合作，推动中波关系迈上新台阶。 王沪宁、栗战书、杨洁篪等陪同人员同机抵达。 中国驻波兰大使徐坚也到机场迎接。 习近平是在结束对塞尔维亚国事访问后抵达波兰的。离开塞尔维亚时，塞尔维亚总统尼科利奇和夫人德拉吉察、总理武契奇等到机场送行。 波兰是习近平此次出访的第二站。习近平还将对乌兹别克斯坦共和国进行国事访问并出席在塔什干举行的上海合作组织成员国元首理事会第十六次会议。
20160620,习近平出席波兰总统举行的欢迎仪式,这里是位于波兰共和国首都华沙的总统府，当地时间6月20号上午，国家主席习近平抵达这里，出席波兰总统杜达举行的隆重欢迎仪式。这是时隔12年后，中国国家元首对波兰的首次访问，对深化双边关系，推动中国-中东欧国家合作，促进中欧关系发展具有重要意义。 当地时间上午10时许，习近平和夫人彭丽媛乘车抵达总统府，受到波兰总统杜达和夫人阿加塔热情迎接，双方相互介绍陪同人员。军乐团奏中波两国国歌。习近平在杜达陪同下检阅仪仗队。检阅结束时，习近平问候波兰士兵“战士们好”，士兵响亮回答“主席好”。两国元首夫妇同波兰政府、军界代表以及各国驻波兰使节一一握手，并共同观看分列式。 欢迎仪式后，习近平和彭丽媛同杜达和阿加塔简短寒暄。习近平指出，中波两国人民在不同历史时期相互帮助，相互支持，结下了深厚感情和友谊。当前，中波传统友谊正焕发出旺盛的活力。相信这一友谊一定会传承下去，并发扬光大。 杜达热烈欢迎习近平到访波兰，表示相信访问会取得圆满成功，推动波中关系再上新台阶，造福两国和两国人民。 王沪宁、栗战书、杨洁篪等出席欢迎仪式。
20160620,习近平同波兰总统举行会谈 两国元首一致同意建立中波全面战略伙伴关系,当地时间20日，国家主席习近平在华沙同波兰总统杜达举行会谈。两国元首高度评价中波传统友谊和双边关系发展，一致决定将中波关系提升为全面战略伙伴关系，加强交流合作，给两国人民带来实实在在的利益。 习近平指出，波兰是最早承认并同新中国建交的国家之一，两国人民友谊源远流长。建交67年来，中波关系不断向前发展。特别是中波战略伙伴关系确立以来，两国高层交往频繁，经贸合作成果丰硕，人文交流方兴未艾。中方珍视同波兰的传统友谊，愿同波方一道，推动两国关系持续健康深入发展。双方要增进互信，把握双边关系发展的政治方向；要对接发展战略，将政治互信转化为可持续的务实合作成果，希望以中欧班列为代表的合作项目能够在双方共建“一带一路”过程中发挥带头作用，推动中波互联互通和产能合作；要深化经贸、金融、农业、高技术领域合作，丰富双边关系内涵；要巩固友好，全面推动人文领域交流合作，进一步采取措施便利人员往来。 杜达表示，热烈欢迎习近平主席访问波兰。波中高层交往密切，拥有良好政治互信和传统友谊。波兰钦佩中国发展成就，愿在波中全面战略伙伴关系框架下，通过中国-中东欧国家和“一带一路”合作平台、及亚洲基础设施投资银行，深化同中国经贸、人文等各领域合作，使波兰成为中国进入欧洲的窗口。波方愿同欧盟国家一道支持中方办好第18次中国欧盟领导人会晤。 两国元首达成多项重要共识，一致决定建立中波全面战略伙伴关系，深化各领域务实合作，让两国民众真正分享双边关系提升带来的实惠。 双方同意互尊互信、平等相待，切实理解彼此利益和重大关切，加强高层交往，扩大立法机构、政府部门、政党和地方交流，充分发挥政府间交流合作机制作用，加强在联合国、亚欧会议等多边组织和国际事务中协调合作。 双方同意加强各自发展战略对接，打造互利共赢的利益共同体。推进“一带一路”建设，尽早启动具有示范意义的重大项目，争取早期收获。推动中波互联互通和产能合作，扩大双方合作领域和成果。鼓励两国企业加大相互投资，拓展农业、金融、通信、环保、高技术、航天、新能源等领域合作。 双方同意全面推动人文领域交往，加强文化和教育交流，加强旅游合作，促进地方合作取得更多务实成果，加强体育交流，互学互鉴。通过上述为双边关系长期稳定发展夯实社会基础。 双方同意中国-中东欧国家合作对接欧盟重大倡议，促进中欧全面战略伙伴关系发展。支持全面落实《中欧合作2020战略规划》，推进建设中欧和平、增长、改革、文明四大伙伴关系。希望中欧双方共同努力，推动今年9月二十国集团领导人杭州峰会取得积极成果。 会谈后，两国元首共同签署了《中华人民共和国和波兰共和国关于建立全面战略伙伴关系的联合声明》，并见证了《中华人民共和国和波兰共和国关于共同编制中波合作规划纲要的谅解备忘录》以及信息互联互通、基础设施建设、产能、教育、文化、税务、质检、海关、航天等领域双边合作文件的签署。 两国元首共同会见了记者。 王沪宁、栗战书、杨洁篪等出席上述活动。
20160620,习近平同波兰总统举行会晤,当地时间19日，国家主席习近平和夫人彭丽媛下午抵达波兰首都华沙，当晚即应邀来到贝尔维德尔宫做客。习近平和彭丽媛抵达时，波兰总统杜达和夫人阿加塔在停车处迎接。 初夏的华沙，清风徐徐，鲜花绽放。贝尔维德尔宫庄重典雅，是波兰政府举行重大活动的场所。习近平和杜达共叙中波传统友谊，共谋两国关系发展大计。 习近平强调，波兰历史文化积淀深厚，中波文化交流密切。两国人民相互怀有友好感情。我这次访问的目的，就是增进双方了解和互信，推动各领域交流合作，深化两国战略伙伴关系。波兰是欧盟重要成员国，是中东欧地区领头羊，中方愿同波方携手努力，促进中国-中东欧国家合作以及中欧关系发展。 习近平指出，波兰地处欧亚大陆十字路口，是“琥珀之路”和“丝绸之路”的交汇点，具有独特区位优势。中方欢迎波方积极参与“一带一路”建设，愿同波方一道，加强在“一带一路”建设框架内合作，深入挖掘互联互通、基础设施建设等领域合作潜力，力争取得更多成果。中方欢迎波方作为创始成员国积极参与亚洲基础设施投资银行建设。 杜达表示，去年我成功对中国进行国事访问，中国经济社会发展取得的巨大成就令我印象深刻。近年来，波中各领域务实合作成果丰硕。相信习近平主席此访将进一步提高波中关系发展水平。波兰作为亚洲基础设施投资银行创始成员国，愿积极参与“一带一路”建设，深化波中在基础设施建设、铁路、物流运输等领域合作。波兰同中东欧国家保持良好合作关系，愿同中方一道推动中国-中东欧国家合作取得更大发展。 当晚，习近平和彭丽媛同杜达夫妇共同欣赏波兰马佐夫舍民族歌舞团的精彩演出。 马佐夫舍民族歌舞团是波兰及中东欧地区著名民间歌舞团，创建于1948年，曾经6次访华，为促进中波文化交流作出贡献。 当地时间20日上午，国家主席习近平夫人彭丽媛同波兰总统杜达夫人阿加塔在华沙共同参观肖邦博物馆。 彭丽媛抵达时，阿加塔、肖邦研究院院长什克莱纳在停车处迎接。彭丽媛在阿加塔陪同下前往主要展厅，了解肖邦生平、职业经历及其手稿、信件等珍贵馆藏文物，并欣赏肖邦的代表作品。 彭丽媛和阿加塔来到小型音乐厅，欣赏波兰青年钢琴演奏家演奏肖邦经典曲目。彭丽媛表示，中波两国都有着深厚的艺术积淀和丰富多元的文化艺术传统和特色，双方在文明互鉴、文化交流上有很大合作空间。在两国人民传统友好基础上，双方应该密切人文交流，增进两国人民友谊。
20160620,【习主席波兰之行特别报道】波兰各界:波中经贸文化交流获推进,习近平主席的到访，在波兰引起高度关注。波兰各界人士表示，习主席的访问能够进一步推动波中两国之间的经贸合作与文化交流。 波兰位于欧洲中部，是东西方文化交汇的国家，也是中东欧最大的经济体。2000多年前，波兰曾是丝绸之路上的重要一站。今天，波兰不仅是中国“一带一路”倡议的积极参与者，也是首个加入亚投行的中东欧国家。来自中国驻波兰大使馆的数据显示，两国贸易额过去5年增长了30%。波兰与中国之间已经有3个货物贸易枢纽。 在文化交流方面，波兰东亚文明研究中心主任加夫利科夫斯基说，文化交流比经贸合作具有更加深远的影响。波中之间的高层互访，能够很好推动两国之间的文化交流，尤其是青年人的交流。 出生于波兰的“钢琴诗人”肖邦是波兰最引以为豪的国家名片。肖邦音乐学院的钢琴演奏专业门槛很高，一年只招收10个外国留学生，而中国留学生的名额接近一半。
20160620,应习近平邀请 俄罗斯总统普京将访华,应国家主席习近平邀请，俄罗斯联邦总统弗拉基米尔·弗拉基米罗维奇·普京将于6月25日对中国进行国事访问。
20160620,李克强将出席第十届夏季达沃斯论坛,国务院总理李克强将于6月26日至28日出席在天津举行的第十届夏季达沃斯论坛开幕式并发表特别致辞。其间，李克强还将会见与会的吉尔吉斯斯坦等国领导人，以及论坛主席施瓦布等部分与会嘉宾，并同工商、金融、智库、媒体界人士对话交流。 本届论坛主题为“第四次工业革命——转型的力量”，来自90多个国家的政要、企业家、学者和媒体代表约1700余人将参会。
20160620,王岐山会见柬埔寨国务大臣兼反腐败委员会主席,中共中央政治局常委、中央纪委书记王岐山20日在中南海紫光阁会见柬埔寨国务大臣兼反腐败委员会主席翁仁典。 王岐山指出，中柬关系建立在高度互信、相互支持基础上，两国全面战略合作伙伴关系保持了良好发展势头。党的领导是中国特色社会主义最本质的特征。执政党的承诺就是人民群众的期盼，承诺高期盼更高。办好中国的事情，关键在于加强党的建设。我们清醒地认识到面临的风险挑战，坚定不移全面从严治党、推进党风廉政建设和反腐败斗争。要力度不减、节奏不变，巩固不敢腐的氛围；引导党员、干部向高标准努力，严守纪律底线，实现标本兼治，巩固党执政的政治基础。 翁仁典表示，柬方重视与中方深化交流合作，不断充实柬中全面战略合作伙伴关系的内涵。
20160620,韩国国务总理将访华,应国务院总理李克强邀请，大韩民国国务总理黄教安将于6月26日至30日对中国进行访问并出席第十届夏季达沃斯论坛。
20160620,我国产芯片超级计算机首获世界冠军,今天，国际高性能计算权威组织TOP500，宣布了新一期全球超级计算机500强榜单：由我国自主研制的“神威·太湖之光”超级计算机，以每秒12.54亿亿次的峰值运算速度获得冠军。 TOP500是为全球超算进行评估统计的权威组织，从1993年开始，TOP500协会对高性能计算机进行基准测试，并取排名前500的超级计算机进行公布。此次“神威·太湖之光”获得冠军，是我国完全自主研制和生产的超级计算机首次获得世界冠军。 此前，人类超级计算机的最快运算速度纪录由我国天河二号超算保持，为每秒5.49亿亿次，而此次“神威·太湖之光”成为了目前世界上第一台运算速度突破十亿亿次量级的超算。尤其它采用的全国产申威处理器，凭借更协调的优化布局，实现了计算能力的大幅增长。 超级计算机的运行方式，是同时调用大量的处理器，进行仿真演算和数值模拟，来完成普通计算机无法完成的工作，它是国家科学发展、工业升级的主要驱动力。无论是宇宙起源、生命起源等未知领域，还是材料、化学等常规学科，对高性能计算都有着广泛需求。 我国超级计算机的研制从上世纪80年代起步，到今天经过30多年的发展，已经拥有曙光系列、天河系列、神威系列多台世界一流水平的超级计算机。
20160620,联播快讯,我国首款嵌入式神经网络处理器诞生 我国首款嵌入式神经网络处理器“星光智能一号”芯片研发成功并实现量产，这种处理器具备深度学习能力。擅长处理视频、图像类的海量多媒体数据。将广泛应用在无人机、智能驾驶辅助、机器人等机器视觉领域，标志着我国在神经网络处理器领域取得重大突破，使我国视频监控发展由模拟时代、数字时代跨入了智能时代。 央视推出多部革命历史电视剧 为纪念中国共产党成立95周年，36集电视剧《毛泽东三兄弟》将于今晚7点半在央视电视剧频道开播，该剧讲述了毛家三兄弟从1921年到1945年间走过的革命征程以及情感故事。另外，今晚九点在央视综合频道播出的28集电视剧《天涯浴血》，展现了琼崖共产党人领导当地群众坚持武装斗争的革命历程。 加拿大驻阿使馆安保人员车辆遭袭 一辆载有加拿大驻阿富汗使馆安保人员的客车今天在阿富汗喀布尔遭到自杀式袭击，造成14人死亡，9人受伤。其中死者全部为尼泊尔人，伤者中包括5名尼泊尔人和4名阿富汗人。阿富汗塔利班已宣布对袭击事件负责。
