date,title,content
20160902,习近平同哈萨克斯坦总统举行会谈,国家主席习近平2日在杭州同哈萨克斯坦总统纳扎尔巴耶夫举行会谈，欢迎他应中方邀请前来杭州出席二十国集团领导人峰会。 习近平指出，当前，中哈关系呈现加速发展势头，各领域合作全面推进，亮点纷呈。双方要以明年中哈建交25周年为契机，弘扬睦邻友好，深化互利合作，加强战略协调，携手打造真诚互信、团结互助、安危与共、合作共赢的中哈全面战略伙伴关系。 在谈到两国下一步合作时，习近平强调，中哈双方要全面推进“一带一路”建设，共同落实好《中哈关于“丝绸之路经济带”建设与“光明之路”新经济政策对接合作规划》。要稳步推动产能和投资合作，加强信息沟通和政策协调，推动更多竞争力强、附加值高的项目落地。要积极发展经贸合作，优化贸易结构，落实大型合作项目，拓展融资渠道，促进贸易增长。要深化能源资源合作，扩大人文合作，加大安全合作力度。中方愿同哈方加强沟通，提升中国同欧亚经济联盟成员国的贸易、投资、服务便利化水平，共同推进“一带一路”建设同欧亚经济联盟建设对接合作。中方愿全力配合哈方办好明年的上海合作组织峰会，同哈方加强在亚洲相互协作与信任措施会议框架内的沟通和协调，积极支持哈方办好2017年阿斯塔纳专项世博会。 纳扎尔巴耶夫表示，感谢中方特邀他前来出席二十国集团领导人峰会。他说，哈萨克斯坦同中国保持着传统友好和高度政治互信。哈方珍视两国全面战略伙伴关系，支持“丝绸之路经济带”建设同“光明之路”新经济政策对接。哈方愿深化同中方在贸易、农业、能源、石油加工、环境保护、安全等领域合作，密切在国际地区事务、上海合作组织框架内沟通协调。哈方支持中方举办好二十国集团领导人杭州峰会，以引领国际社会共同应对当前世界经济面临的挑战。 两国元首就即将举行的二十国集团领导人杭州峰会表示，希望峰会发挥引领作用，为世界经济指明方向，为全球增长挖掘动力，为国际市场提振信心。 会谈后，两国元首见证了有关中哈合作委员会、“丝绸之路经济带”建设与“光明之路”新经济政策对接合作，以及农业、检验检疫等领域合作文件的签署。
20160902,习近平会见印度尼西亚总统,国家主席习近平2日在杭州会见前来出席二十国集团领导人杭州峰会的印度尼西亚总统佐科。 习近平强调，中国和印尼拥有广泛的共同利益，两国关系发展方向和势头良好。我们应该始终做好邻居、好伙伴、好朋友，不断增进政治互信，扩大务实合作，推动两国全面战略伙伴关系不断向前发展。双方要继续加强高层沟通，积极对接21世纪海上丝绸之路倡议和“全球海洋支点”构想。要确保雅加达至万隆高铁项目顺利实施，拓展基础设施建设、产能、贸易、投资、金融、电子商务等领域合作，打造更多旗舰项目。要加强教育、科技、卫生、广电、青年等领域交流，夯实两国关系的民意基础。中方将继续坚定支持东盟团结和东盟共同体建设，愿同印尼方在联合国、亚太经合组织、二十国集团等多边组织中加强沟通和协调，共同维护发展中国家利益。 佐科表示，印尼方支持中方成功举办本届二十国集团峰会。印尼和中国互为重要伙伴。两国全面战略伙伴关系可为世界和平与安全作出贡献。印尼方支持探讨21世纪海上丝绸之路倡议和“全球海洋支点”构想对接，愿深化同中国在贸易、投资、金融、基础设施等领域合作。
20160902,习近平会见塞内加尔总统,国家主席习近平2日在杭州会见塞内加尔总统萨勒，欢迎萨勒作为嘉宾国元首来华出席二十国集团领导人杭州峰会。 习近平指出，中塞两国近年来各领域合作快速发展。中方愿同塞方一道，将中塞关系提升为全面战略合作伙伴关系，积极落实中非合作论坛约翰内斯堡峰会成果，深化两国各领域友好互利合作，更好造福两国人民。 习近平强调，为全面推进中塞友好合作关系，中方愿同塞方以提升两国关系定位为契机，加强政治交往，夯实双边互信；拓展经贸合作，充分发挥经济互补性强的优势，深入对接发展规划，助力塞内加尔加速实现工业化，提升农业现代化水平，提高自主发展能力；深化人文交流，推动民意融通，我们愿为塞内加尔经济发展输送人才；强化维和等安全领域合作，共筑和平基业；在国际事务中保持密切沟通和配合，共同推动国际政治经济秩序朝着更加公正合理的方向发展。 萨勒表示，很高兴应习近平主席邀请出席二十国集团领导人杭州峰会，这体现着中国对非洲的重视。塞内加尔对中国充满友好情谊，感谢中方对塞方及非洲的长期支持。塞方高度评价习主席去年出席中非合作论坛约翰内斯堡峰会期间宣布的对非合作计划及中方落实举措，愿同中方密切合作，实现非洲自主发展。
20160902,习近平会见老挝国家主席,国家主席习近平2日在杭州会见作为嘉宾国元首来华出席二十国集团领导人杭州峰会的老挝国家主席本扬。 习近平指出，中国和老挝是好邻居、好朋友、好同志、好伙伴。中老建交55年来，两国传统友好日益深入人心，各领域合作全面深入开展，给两国人民带来实惠。今年5月你访华时，我们就深化新时期中老全面战略合作达成重要共识。中方愿同老方一道，推动中老全面战略合作伙伴关系不断向前发展，携手打造牢不可破的中老命运共同体。 习近平强调，我们要密切高层交往，深化战略沟通，加强治党理政经验交流。要对接发展战略，深化互利合作，共同推进“一带一路”建设和产能合作，加强基础设施建设、能源开发、经济合作园区等领域合作，扩大利益融合。要继续办好建交55周年系列庆祝活动，加强教育、文化、旅游、执法安全等领域交流合作。老挝以东盟轮值主席国身份出席二十国集团领导人杭州峰会具有重要意义。我们愿同包括老方在内各方一道，推动峰会取得积极成果。 本扬表示，感谢中方邀请老方出席二十国集团领导人杭州峰会，高度评价中方将发展作为重要议题，并为会议取得积极成果所作努力。当前老中全面战略合作伙伴关系发展迅速，高层互访频繁，各领域合作不断推进，给两国人民带来实实在在利益。老方继续支持中方在国际和地区事务中发挥重要作用，并愿同中方密切沟通协调。
20160902,习近平会见巴西总统,国家主席习近平2日在杭州会见前来出席二十国集团领导人杭州峰会的巴西总统特梅尔。习近平首先祝贺巴西成功举办里约奥运会，预祝即将举行的里约残奥会同样精彩。 习近平指出，中巴友好得到两国历届政府和社会各界坚定支持，是成熟而牢固的国家间关系。中国对巴西发展前景充满信心，对中巴合作充满信心。中巴要继续坚定将对方视为自身发展机遇和伙伴，加强两国合作，推动中巴全面战略伙伴关系不断迈上新台阶。 习近平强调，中巴要保持高层和各领域密切交往。发挥经济互补优势，推动经贸合作，促进共同发展。加强产业对接和产能合作，推动“两洋铁路”等重大项目尽早取得实质性进展。通过科技创新为两国务实合作注入新动力。深化节能环保、可再生能源等新兴领域合作，拓展融资合作。扩大人文、青年、体育领域交流合作。加强在全球治理、可持续发展、世界贸易组织多哈回合谈判、气候变化等重大国际问题上的战略协作。密切在二十国集团、金砖国家框架内的协调和配合。 习近平指出，中方对拉美发展前景始终抱有信心，愿继续就中拉整体合作同巴方保持沟通和协调，共同推进中拉论坛建设，不断充实中拉全面合作伙伴关系内涵。 特梅尔表示，很高兴正式就任总统后首次出访来到中国并出席二十国集团领导人杭州峰会。巴西重视稳定持久深化同中国的全面战略伙伴关系，愿加强两国经贸、能源、航空、农牧业、投融资、基础设施等领域合作，在应对气候变化等国际事务中进行密切沟通协作。
20160902,习近平会见新加坡总理,国家主席习近平2日在杭州会见新加坡总理李显龙。 习近平欢迎李显龙来华出席二十国集团领导人杭州峰会。习近平强调，去年中新确立了与时俱进的全方位合作伙伴关系。站在新的历史起点上，双方要做好顶层设计，规划好两国关系发展，保持高层交往，加强沟通，在涉及双方核心利益和重大关切问题上相互理解和尊重。中方重视新方参与“一带一路”建设的积极意愿，愿意将中新重庆战略性互联互通示范项目打造成两国合作新亮点。双方要推动苏州工业园区和天津生态城两大旗舰项目提高质量和水平，深化金融、互联网、信息通信技术、社会治理、执法安全、反恐、反腐败等领域合作。希望新方作为中国-东盟关系协调国，发挥积极作用，推动中国-东盟关系健康稳定发展。中方愿同新方加强在地区和国际机制中的沟通和协调。 李显龙表示，很高兴应邀来华出席二十国集团领导人杭州峰会。在新中与时俱进的全方位合作伙伴关系指引下，两国各领域合作进展顺利。新中重庆战略性互联互通示范项目逐步成形，新方希望以此为契机，扩大两国在“一带一路”框架下航空、金融、互联互通等领域合作。作为中国-东盟关系协调国，新加坡愿继续促进推动中国同东盟互利合作。 王沪宁、栗战书、杨洁篪等参加上述活动。
20160902,习近平将出席二十国集团工商峰会开幕式并发表主旨演讲,二十国集团工商峰会开幕式将于9月3日下午3时许在浙江杭州举行，国家主席习近平将出席开幕式并发表主旨演讲。届时我台综合频道、新闻频道将进行现场直播，中文国际频道、英语、西班牙语、法语、阿拉伯语、俄语五个外语频道，以及央视网、央视新闻新媒体平台也将同步直播。
20160902,俞正声主持召开深入推进新型城镇化调研协商座谈会,中共中央政治局常委、全国政协主席俞正声2日在京主持召开调研协商座谈会，邀请有关民主党派中央负责人和无党派人士代表，就深入推进新型城镇化建言献策。 座谈会上，民建中央常务副主席马培华建议，要加大改革创新力度，以国家新型城镇化综合试点为突破口，破解体制机制障碍。农工党中央主席陈竺提出，努力缩小优质医疗资源在城乡、区域间的差距，发挥好新型社区医院等基层机构的职能。致公党中央主席万钢建议，加强顶层设计，超前谋划和部署应对老龄化战略。九三学社中央主席韩启德建议，转变传统的社会管理方式，将社区治理与服务上升为国家战略。无党派人士代表黄艳提出，京津冀协同发展中须坚持分区分类、因地制宜培育和建设小城市。 俞正声指出，我国正处在协调推进“四个全面”战略布局的关键阶段，把新型城镇化作为供给侧结构性改革的战略举措，既是经济发展的必然要求，也是经济发展的巨大动力。中国特色新型城镇化要走一条以人为本、四化同步、优化布局、生态文明、文化传承的道路，以人的城镇化为核心，以提高质量为关键，以体制机制改革为动力，促进大中小城市和小城镇协调发展，提升城市综合承载能力，实现城乡公共服务均等化。希望各民主党派、无党派人士积极履行政治责任，充分发挥各自优势，为新型城镇化建设提供更加强有力的支持。有关部门要按照《关于加强政党协商的实施意见》要求，定期通报情况、解读政策、回应问题、及时反馈，建立起良好的沟通交流渠道。 孙春兰、刘晓峰出席座谈会。
20160902,G20杭州峰会为全球治理贡献中国智慧,"作为G20的创始成员，中国一直积极推进G20机制的完善，使其能够在全球治理体系中发挥更加重要的作用。在即将召开的G20杭州峰会上，中国将继续为完善全球治理体系，贡献中国智慧。 作为G20核心内容之一，财金渠道经过会前多轮磋商,已经首次在“顶层设计”上确认了结构性改革的重要性，明确9大优先领域和48项指导原则。 眼下，全球治理体系正在经历历史性变革，各国已经处于彼此需要、紧密相连的人类命运共同体之中，G20在升格为领导人峰会后，也面临着从短期危机治理向长效机制的转型。就在近日，世界银行首期特别提款权计价债券在中国成功发行。为G20峰会上，就完善国际货币体系达成共识奠定了基础。 在国际舞台上，中国作为G20成员国，大国的担当和责任进一步显现。 2013年我国提出的“一带一路”倡议，目前已经获得60多个国家和多个国际组织的积极响应；2014年金砖国家新开发银行成立，新兴经济体通过加强合作推动了全球治理结构的改革；而由中国倡议设立、57国共同筹建的亚洲基础设施投资银行，在巴基斯坦投资的第一个公路项目，已经破土动工。中国还积极支持能源、气候变化、粮食安全等非传统议题相继纳入G20议程。"
20160902,G20杭州峰会领导人公报进行最后阶段磋商,G20成员协调人、嘉宾国协调人和财金副手以及相关国际组织负责人今天（2号）在杭州举行闭门会议，就提交峰会的领导人公报进行最后阶段磋商。领导人公报被视为G20峰会最重要的政治成果。此次杭州峰会有望达成包括制定《创新增长蓝图》、制定《落实2030年可持续发展议程行动计划》在内的近三十项成果。 各方一致认为，中方在议题设置和成果设定方面具有战略视野，特别是历史性地将“创新”和“发展”议题置于重要位置，推动G20从危机应对向长效治理机制转型。
20160902,外国媒体高度关注G20杭州峰会,外国媒体高度关注G20杭州峰会。截至今天，有两千多名外国记者报名参加峰会报道。 杭州被认为是中国创新活力之城。当地智能制造、互联网+等业态的蓬勃发展，让报道此次峰会的外国记者印象深刻。 本次峰会邀请了历史上最多的发展中国家参与，希望在G20这个全球经济治理的主要平台上，反映更多发展中国家的利益关切。
20160902,新华社社评：贡献中国方案 共筑未来之桥,华社今天播发题为《贡献中国方案，共筑未来之桥——写在二十国集团杭州峰会开幕之际》的社评。社评指出，“构建创新、活力、联动、包容的世界经济”，各方期待杭州盛会为世界经济指明方向、催生动力，为国际合作凝聚共识、筑牢根基，架起连通五洲、共创未来的桥梁。
20160902,纪念中国人民抗日战争暨世界反法西斯战争胜利71周年座谈会在京举行,纪念中国人民抗日战争暨世界反法西斯战争胜利71周年座谈会2日在北京举行，中共中央政治局委员、中央书记处书记、中宣部部长刘奇葆出席。 座谈会上，来自中央党史研究室、中央统战部、中央军委政治工作部的有关负责同志和抗战老战士、青年学生代表先后发言，从不同角度回顾了中国人民抗日战争的峥嵘岁月，阐述了中国人民抗日战争暨世界反法西斯战争胜利的伟大意义，充分表达了中国人民铭记历史、缅怀先烈、珍爱和平、开创未来的决心和信心。
20160902,完善保护产权制度 依法有效保护产权,《关于完善产权保护制度依法保护产权的意见》近日经中央全面深化改革领导小组审议通过。 《意见》指出，有恒产者有恒心，经济主体财产权的有效保障和实现是经济社会持续健康发展的基础。必须加快完善产权保护制度，依法有效保护各种所有制经济组织和公民财产权。 《意见》提出了多项改革措施，具体包括，加强各种所有制经济产权保护、完善平等保护产权的法律制度、妥善处理历史形成的产权案件、严格规范涉案财产处置的法律程序、审慎把握处理产权和经济纠纷的司法政策、完善政府守信践诺机制、完善财产征收征用制度等。
20160902,国内联播快讯,8月中国物流业景气指数为54.3% 今天公布的8月中国物流业景气指数为54.3%，保持在较高景气区间。钢铁、建材、机械设备等行业物流仓储业务量保持在高位，显示出上游制造业企业订单增加，物流业务活动保持活跃。 我国免除普通高中建档立卡学生学杂费 记者从财政部了解到，从2016年秋季学期起，免除普通高中建档立卡等家庭经济困难学生学杂费。为确保政策顺利实施，中央财政已预拨补助资金4.4亿元。 各地开展“护苗2016”专项行动 近日，全国“扫黄打非”办公室部署各地深入开展“护苗2016”专项行动，对校园周边书店、复印店、报刊亭等全面开展集中检查，确保非法有害少儿出版物不流入校园。 农业部加大绿色食品产品抽检比例 农业部今天发布，今年1到8月，共撤销64个绿色食品产品标志使用权。目前，我国绿色食品企业已经达到10306家，产品接近2.5万个。 第九届“中华慈善奖”评选出炉 由民政部主办的第九届“中华慈善奖”评选颁奖仪式，9月1号在江苏南通举办，它是我国慈善领域政府最高奖。49个在2013至2014年度为我国慈善事业做出突出贡献的个人、企业和慈善项目获奖。
20160902,多国政要期待G20杭州峰会召开,多位即将出席G20杭州峰会的国家领导人和政府官员近日在接受本台记者采访时，对中国在筹办本届峰会时提出的全球治理方案表示赞赏，期待峰会在解决全球经济问题、改革世界金融体系等方面取得成果。 老挝国家主席本扬·沃拉吉9月1号接受中国媒体采访时表示，此次G20杭州峰会将讨论的“更高效的全球经济金融治理”议题，将对包括老挝在内的许多国家的经济发展产生直接影响。老挝赞同本届峰会的各项倡议和计划并希望能有效落实，为发展中国家以及欠发达国家带来实实在在的好处。 埃及总统塞西在接受中国媒体书面采访时，高度评价中国在筹办本届峰会时提出的全球治理方案。塞西说，当今世界正需要构建“创新、活力、联动、包容”的经济体系，中国提出的理念和方案务实而富有创意，符合埃及和世界人民的期待和需求。塞西说，埃及重视和期待进一步学习中国在各个领域的成功发展经验，包括治国理政、科学发展、技术研发、信息通讯、人员培训和农业现代化等。 西班牙经济国务秘书加西亚·莱加斯认为，本届峰会将为世界经济摆脱金融危机带来的负面影响、恢复增长创造机会。
20160902,新加坡寨卡病毒感染病例增至151例,加坡卫生部和国家环境局9月1号发布联合声明说，新加坡国内寨卡病毒感染病例已增至151例，其中包括57名在新加坡的外籍公民。目前这些感染寨卡病毒的外籍公民症状都不严重，部分已康复。自新加坡8月27号发现首例本土传播寨卡病毒病例以来，在特定社区出现病毒迅速扩散趋势。新加坡卫生部已向世卫组织通报该国为寨卡病毒在境内传播的国家。
