date,title,content
20161215,【新的改革 新的跨越】改革：为了公平正义和人民幸福,"习近平总书记指出：“人民对美好生活的向往，就是我们的奋斗目标。”十八大以来，以习近平同志为核心的党中央，攻坚克难，全面推进改革进程，改革的目标明确，改革的路线图清晰，改革就是要实现社会公平正义，让人民生活幸福，人人都有出彩的机会。 去年，程秀建家告别“上漏下涝”的老屋，搬进了明亮的新房。兰考的7万多贫困户，正在脱贫攻坚——这场必须打赢的世纪决战中努力着。到2020年，全国所有贫困人口都将摆脱贫困。 2012年11月15日，刚刚当选中共中央总书记的习近平，在首次同中外记者见面时，就表达了为人民谋福祉的决心和勇气。 知易行难！《纽约时报》曾经感叹“治理未来十年的中国，可能是全球最为艰难的工作之一。”快速成长的中国，获得巨大经济成就的同时, 积累了大量社会矛盾：固化利益阻碍改革深化，妨害社会公正；城乡之间、贫富之间差距大、环境污染、生态恶化、未富先老等等，一系列问题考验着党。 唯有改革，不断向纵深挺进，才能将以人民为中心的发展思想推进到经济社会发展各个环节。百姓关心什么、期盼什么，改革就要抓住什么、推进什么。 唯有改革，不断攻坚克难，每一个生活在这个时代的中国人，才能共同享有人生出彩的机会，共同享有梦想成真的机会，共同享有同祖国和时代一起成长进步的机会。 唯有改革，不断砥砺前行，才能更好地诠释人民幸福和公平正义，才能如期建成全面小康社会，才能逐步实现共同富裕。 以习近平同志为核心的党中央以极大的政治勇气和智慧，攻克体制机制上的顽瘴痼疾，突破利益固化的藩篱，围绕人的发展和人民生活幸福推出了一系列改革措施。 今年8月，建国以来第二次高规格的全国卫生工作会议更名为“卫生与健康大会”，一词之差，意义重大。“没有全民健康，就没有全面小康”。习近平总书记强调的全民健康不仅是病有所医，而是全方位全生命周期的大健康。 今天，新《食品安全法》已经开始用最严格的监管保障“舌尖上的安全”。 覆盖13亿人口的医保网正在越织越密。2015年，城乡居民大病保险实现全覆盖；2016年，统一的城乡居民基本医疗保险开始推进；公立医院改革、分级诊疗制度、异地就医结算、网上和电话挂号，一系列改革直指看病难、看病贵。 为了“让13亿人民享有更好更公平的教育”，乡村教育建设提速，阻断贫困的代际遗传；考试招生制度改革着力促进公平和科学选才，全国性鼓励加分项目被全部取消；世界一流大学和一流学科建设统筹推进。 坚持“社会政策托底”，“守住民生底线”，1800万城镇低保人口的基本生活保障制度正在完善；900多万城镇登记失业人员的免费专业技能培训正在开展。 为了“让发展成果更多更公平惠及全体人民”，户籍制度改革、收入分配制度改革正在推进，社会主义制度的优越性在充分发挥出来，通过再分配调节机制，让更多的人进入中等收入阶层，逐步形成橄榄形的分配格局。 北京中南海怀仁堂，中央全面深化改革领导小组的会议室。在过去三年里，深改小组30次会议中，审议的190多个文件都事关社会公平正义、人民长远福祉。中国最基层、最普通的百姓的冷暖成了这个会议室里最重要的议题：提高乡村教师生活待遇、规范公安机关警务辅助人员管理工作、切实缓解儿童医疗服务资源短缺问题、全面解决无户口人员登记户口问题、推进家庭医生签约服务、全面放开建制镇和小城市落户限制，一项项精准而实在的改革措施，让很多人的命运发生着改变。 一个个普通中国人生活的变化，组成了国家文明进步的画卷，彰显了中国共产党人推动改革的勇气和魄力。2016年，美国时代出版社出版了罗斯·特里尔新近主编的《习近平复兴中国》一书。书中有一章的题目就是“如何让13亿人有更多的获得感”。"
20161215,【“十三五”开局考】经济答卷：稳中求进 增长更有含金量,2016年是“十三五”开局之年，也是全面建成小康社会大幕拉开之年。回望这一年，中国积极适应和引领经济发展新常态，坚持全面深化改革，坚持创新驱动发展，加快经济结构调整……这一年，十三五开局考，中国经济以稳中有进、稳中向好的态势交出了一份亮丽成绩单。 6.7%、6.7%，又一个6.7%，前三季度GDP增速以同样的数字，让2016年中国经济的关键词定位为一个“稳”字。 “稳”是基础，中国经济这一年更是饱含了“进”的含金量。经济结构不断优化，前三季度服务业的增加值占国内生产总值比重上升至52.8%，单位能耗同比下降5.2%，最终消费支出对国内生产总值增长贡献率达到71%；新动能新业态不断涌现，前三季度，全国日均新登记企业1.46万家，战略性新兴产业、高技术产业保持10%以上的增速；百姓生活更有获得感，新增城镇就业1067万人，城乡收入差距进一步缩小。 面对复杂的国际环境和多重挑战，这份稳中有进的成绩单背后是一步步改革政策的攻坚落实。 供给侧结构性改革向纵深推进，煤炭、钢铁加速去产能，供需关系改善；市场化、法治化债转股等措施陆续出台，工业企业资产负债率有所下降；营业税改征增值税、清费减税、简政放权，企业成本逐步下降；扩大有效投资，推动扶贫攻坚，补短板走向深入。 “十三五”开局年，中国经济发展长期向好的基本面没有变，经济持续增长的良好支撑基础和条件没有变，经济结构调整优化的前进态势没有变，这也为实现全面小康社会奠定了坚实基础，也为全球经济增添一份中国信心。
20161215,李克强向乌兹别克斯坦新任总理阿里波夫致贺电,国务院总理李克强15日向乌兹别克斯坦新任总理阿里波夫致贺电。 李克强在贺电中表示，当前，中乌关系持续稳定健康发展，两国高层交往频繁，政治互信日益加深，共建“一带一路”取得重要早期收获。今年，中乌两国建立全面战略伙伴关系，为双方合作奠定了更加坚实的政治基础。中国政府始终高度重视发展对乌关系。我愿与你共同努力，进一步深化双方各领域合作，推动中乌全面战略伙伴关系不断向前发展。
20161215,【时代先锋】苏鸿熙：拳拳报国志 一生追随党,今天的“时代先锋”为您介绍解放军总医院百岁医学专家苏鸿熙。他率先在我国开展了体外循环系统心脏直视手术和应用人造血管进行主动脉—颈动脉搭桥手术，半个多世纪以来，挽救了无数人的生命。这既源于他治病救人的大医情怀，更源于他报效祖国、铁心追随共产党的赤子之心。 一大早，记者前去采访苏鸿熙时，他正在参加党小组会。 102岁的苏鸿熙说自己是一名年轻的党员，确实党龄只有3年。2013年7月1日这天，是苏鸿熙一生难忘的日子，已99岁高龄的他坐在轮椅上，用左手托举起患病的右手，面向党旗庄严宣誓。 “客轮载我赤子心，祖国恩情心中驻。籍此小诗明鸿志，学成归来酬故土。”这是1949年，苏洪熙前往美国留学时写的一首诗《大洋萌志》。正如他诗作中所写的，7年留洋学成他毅然选择回到祖国，但回国的行动却遇到美国联邦调查局的阻碍。 1957年初，苏鸿熙和妻子带着购买的心肺机辗转6个国家，耗时52天，行程近10万里，终于回到了祖国。 苏鸿熙回国后的第一件事，就是建立起中国人自己的体外循环实验室。1958年6月，成功为一名心脏室间缺损的6岁儿童进行了我国首例体外循环手术；1963年，又首次成功应用人造血管进行主动脉到颈动脉搭桥术，让世界为之震惊。与此同时，苏鸿熙加入共产党的初心始终没变。他曾多次提出入党申请，但都因妻子的海外身份，未能如愿，但他仍一如既往地按照共产党员的标准要求自己。前些年，一些医院出现医生收病人“红包”的不良现象，苏鸿熙对此坚决抵制。 2012年，党中央出台《八项规定》，重拳反腐，一股清风再次吹进了苏鸿熙心里，他再一次向党组织表明了入党的想法。 如今，苏老最大的乐趣便是同妻子一起回忆共同走过的这段不平凡的岁月。
20161215,九阳股份：创新引领发展,一杯豆浆“闯天下”，民营企业九阳股份公司22年来坚持科技创新，主打厨房小家电，九阳公司也因此走上了发展快车道。       在九阳测试中心，技术人员正在研究改进新款豆浆机的产品性能。看上去模样相仿的豆浆机，新款因为应用了最新的破壁无渣技术，使豆浆免去过滤步骤，口感也更好。       1994年，九阳公司生产了第一台家用豆浆机，此后22年里，历经16次重大技术革新，先后推出500多款豆浆机。       从2004年开始，九阳以豆浆机为核心产品，将业务逐步扩展到厨房小家电领域，到现在已拥有电饭煲、料理机等20多个类别。产品结构类型的扩充，源于他们对研发的重视，目前九阳研发团队超过500人。       2015年，九阳营业额超过70亿元，其中有2亿多元直接用于研发创新，目前已经拥有专利技术2000多项。
20161215,巡视整改 四部门整改解决突出问题,今年6月，中央第九轮巡视对海关总署、国家发展改革委、国家工商总局、国家信访局等单位存在的问题进行了反馈。根据中央巡视组反馈的问题，各单位都制定了整改方案并逐一落实了整改措施。 今年6月，海关总署接到举报，温州海关某领导干部存在个人财产申报不实及亲属从事与海关业务相关行业的问题。为规范党员领导干部配偶、子女的从业行为，防止利益冲突，经杭州海关调查核实，该干部受到免职的组织处理。 针对中央巡视组反馈的问题，海关总署从8月起开始在全国海关开展“贴着海关发财”专项整治工作，这次专项整治明确规定了党员领导干部配偶、子女及特定关系人的从业范围，并首次将党员领导干部离职或退休后从事与原任职务管辖业务相关的盈利性活动等情况纳入申报内容。 据介绍，海关现场监管查验环节因其较大的自由裁量权，一直是海关执法腐败的高发领域。海关总署将继续把推进监管查验“双随机”改革作为重点工作之一。 针对走私滋生腐败、腐败掩护走私的问题，海关总署深化“一案双查”制度，即由纪检监察机构和缉私部门组成联合调查组，在查办外部走私案件的同时查办内部违法违纪的案件。 另外，根据中央巡视反馈的意见，国家发展改革委、国家工商总局、国家信访局均提出整改方案，拿出了整改措施。截至目前，国家发展改革委取消下放行政审批事项共计97项，与2013年相比超过60%。另外，国家发展改革委网上政务服务大厅于今年7月1日正式上线运行，实现了审批项目全流程网上在线办理。 国家工商总局在巡视整改中积极推进商事制度改革，于今年10月1日起在全国范围内正式实施了企业“五证合一、一照一码”登记制度。同时，于今年12月1日起在全国范围内全面实施了个体工商户营业执照和税务登记证“两证整合”制度。  为了让群众更快、更便捷地反映诉求，国家信访局进一步完善国家信访信息系统功能，强力推进应用，并相继开通手机信访客户端和微信公众号，拓宽了群众诉求表达的新渠道。
20161215,海军航母编队首次进行实兵实弹演习,近日，海军在渤海某海空域连续组织航母编队进行实际使用武器演习，检验武器装备性能和部队训练水平。参演兵力主要来自航母编队和北海舰队，共有多型舰艇和数十架飞机参加。预警机率先升空对海空目标进行预警探测，并迅速完成与海上编队指挥所组网建链。多架歼—15战机挂载新型空对空导弹，从辽宁舰滑跃升空，对来袭敌机进行拦截。与此同时，多艘导弹驱逐舰和护卫舰前出担负编队防空识别和对海搜索任务。随后，担负对海突击任务的多架歼—15战机，挂载新型空对舰导弹也从辽宁舰依次起飞，数分钟后，编队发现目标，歼—15战机飞行员分别发射空空导弹和空舰导弹，成功将目标摧毁。       针对来袭敌机，辽宁舰武器部门在发射新型防空导弹抗击的同时，紧急启动新型近程反导舰炮系统，筑起末端防御屏障。       此次演习，是根据航母试验和训练整体计划统一安排的，发射各型导弹数十枚，对预定目标实施了准确打击，达到了预期目的。
20161215,中国致公党第十四届中央委员会第六次全体会议在京开幕,中国致公党第十四届中央委员会第六次全体会议15日在北京开幕。       会议主要议程有：学习贯彻中共十八届六中全会精神，听取并审议致公党中常会工作报告等。全国政协副主席、致公党中央主席万钢作工作报告。       万钢要求，2017年致公党要深入贯彻落实中共十八届六中全会精神，以政治交接为主线，开展“不忘合作初心，继续携手前进”专题教育，增强参政履职的科学性和实效性，服务国家外交大局，推进精准扶贫和脱贫攻坚民主监督工作，提高组织和机关建设水平，努力建设新时期高素质参政党，为实现“两个一百年”奋斗目标、实现中华民族伟大复兴的中国梦作出更大贡献。
20161215,“净网2016”清理淫秽信息327万条,今天，全国“扫黄打非”办公室对外公布了“净网2016”专项行动自今年4月开展以来，全国共清理处置淫秽色情等网络有害信息327万余条，查处、关闭违法违规网站2500余家，共查办网络“扫黄打非”案件862起。       在专项行动中，先后对云盘、网络直播平台、微领域、不雅视频事件、新闻客户端等重点领域进行集中整治。处罚或关停了乐盘网、千军万马网盘、可乐云等多家利用云盘传播淫秽色情信息的云盘网站；对“斗鱼”“映客”“嘿秀”等10个直播淫秽色情信息内容的平台进行了处罚；协调处置了“斗鱼”“直播造娃娃”天津“张碧晨”等不雅视频事件；对“今日头条”“一点资讯”等两个新闻客户端运营企业进行了行政处罚。
20161215,国内联播快讯,前11个月实际使用外资同比增长3.9%       商务部最新数据显示，1-11月，全国新设立外商投资企业24355家，同比增长3.0%；实际使用外资金额7318亿元人民币，同比增长3.9%。       “十三五”规划纲要年度评估将公布       国家发展改革委近日公布了对“十三五”规划纲要实施开展评估的情况，将依托评估结果研究制定下一步改善规划实施效果的政策举措，并适时公布年度评估报告。       国家级生猪交易市场实现交易全覆盖       随着贵州省区域内的生猪进场挂单交易，我国唯一一个国家级生猪交易市场——重庆（荣昌）生猪交易市场生猪交易覆盖全国所有地区，真正实现了生猪“买全国 卖全国”的目标。       全球首台AP1000核电机组测试进入尾声       浙江三门核电站全球首台AP1000核电机组，今天进入性能测试的最后阶段，这是装入核燃料前的最后一项工作。该机组采用三代核电技术，通过“非能动”的设计比二代机组的安全指标提高近百倍。       中国遥感卫星地面站北极站建成       今天，中国遥感卫星地面站北极站建成并投入运行，作为我国首个海外陆地卫星接收站，单颗卫星数据接收量是国内站的2倍以上，将极大提高我国全球数据的接收获取能力。       我国率先获取寨卡病毒特异性人源抗体       我国率先获取只对寨卡病毒发生作用的人源抗体，实验结果显示，感染寨卡病毒的小鼠，使用该抗体后可痊愈，有望进一步开发成治疗寨卡的高效药物。       2017春运首日火车票今天开售       2017年春运首日（1月13日）火车票今天通过网络和电话开始发售。记者从中国铁路客票监控中心了解到，今年有70%以上的乘客通过手机终端购买火车票，预计节前购票最高峰在12月25日至27日。       7省区联动解救被拐儿童36名      日前，公安部组织福建、江西、广东、云南等7省区警方，对一起特大贩卖婴儿专案进行集中收网行动，共抓获犯罪嫌疑人157名，解救被拐卖儿童36名。2015年11月1日实施的《刑法修正案九》在惩治贩卖行为的同时，新增购买婴儿的一律追究刑事责任。       第三届中国杂技艺术节开幕       第三届中国杂技艺术节昨晚在河南洛阳开幕，来自全国各大杂技院团的精品节目、优秀剧目、晚会等将于一周时间里上演，展现我国杂技艺术的最高水准。
20161215,停火遭破坏 阿勒颇激战再起,叙利亚阿勒颇冲突双方13号达成的停火和撤离协议并未得到执行。14号，反政府武装没有按照协议撤离，阿勒颇激战再起。不过根据最新的消息，反政府武装已经从当地时间15号早上开始撤离。       当地消息人士说，14号，阿勒颇的反政府武装分子并没有乘坐叙政府安排的巴士撤离，经过短暂停火后，阿勒颇再度爆发激烈交火。叙政府军与反政府武装均指责对方破坏停火。叙利亚通讯社报道说，反政府武装分子炮击阿勒颇市政府控制区，造成了7名平民死亡，另有数十人受伤。俄罗斯驻叙停火观察机构也表示，反政府武装分子利用停火重新聚集力量，向政府军据点发动袭击。但反政府武装方面称，政府军先向其控制区发动密集空袭和炮击。       不过，据分别来自政府军和反政府武装的官员14号晚透露，根据双方达成的新协议，反政府武装的撤离工作于15号早上开始。       叙利亚总统巴沙尔·阿萨德近日在接受俄罗斯媒体采访时表示，叙政府军收复阿勒颇是恐怖分子的失利，也是美国、英国等“幕后监护者”的间接失利。       自今年9月以来，叙利亚政府军在阿勒颇步步推进，并于11月下旬加大军事打击力度，在短时间内取得重大进展。目前，反政府武装人员已经被围困在阿勒颇东南部只有大约两平方公里的区域内。
20161215,美联储时隔一年再度加息,美国联邦储备委员会14号宣布将联邦基金利率目标区间上调25个基点到0.5%至0.75%的水平，符合市场普遍预期，这是美联储时隔一年后再度加息。       美联储当天在结束本年度最后一次货币政策例会后发表声明说，美国整体经济活动保持温和扩张，就业市场继续走强，通胀水平上升，因此作出加息的决定。       在美联储宣布加息后，美元对欧元、日元等主要货币汇率上涨，美欧主要股指下跌。       由于美国当选总统特朗普的财政刺激政策可能推升通胀压力等原因，分析人士预计美联储明年可能加快加息步伐。美联储官员表示，明年可能将加息3次。       美联储于去年12月启动近十年来首次加息。而今年以来，由于金融市场波动、英国“脱欧”公投等因素增添了不确定性，美联储多次推迟加息。
20161215,国际联播快讯,韩总统亲信录音曝光 企图隐瞒逼捐       15号，韩国总统“亲信干政”事件国政调查特别委员会举行第四轮听证会，国会议员在听证会上公布一份通话录音显示，“亲信干政”事件核心人物崔顺实企图隐瞒逼迫SK集团捐款的情况。崔顺实操纵的K体育集团前秘书长郑某今年10月接受采访时承认自己曾前往SK集团要求其出资80亿韩元，约合人民币4700万元。       意大利过渡政府正式履行职责       意大利参议院14号通过了对总理真蒂洛尼领导的过渡政府的信任投票，意大利过渡政府正式履行职责。此前一天，众议院已经通过了对过渡政府的信任投票。       本月4号，意大利就宪法改革举行全民公投。公投遭否决后，意大利总理伦齐辞职。意大利总统马塔雷拉于11号授权外交与国际合作部部长真蒂洛尼作为总理组建过渡政府。过渡政府保留了伦齐政府大部分成员。
