date,title,content
20160907,G20杭州共识：中国新起点再出发,刚刚落幕的G20杭州峰会，习近平主席提出共同构建创新、活力、联动和包容世界经济的中国方案，获得国际社会高度赞誉。这一方案与“创新、协调、绿色、开放、共享”的五大发展理念一脉相承。习近平主席在峰会上的重要讲话，更是让发展新理念深入人心。而这些新理念正在成为推动中国，在历史新起点上继续前进的力量。 G20峰会刚刚落幕，绿色金融国际研讨会就在上海拉开帷幕。绿色金融首次被列入这次G20峰会议题，发展绿色金融已成为全球共识。不久前，中央深改领导小组第二十七次会议审议通过了《关于构建绿色金融体系的指导意见》，成为与会者热议的话题，因为这是迄今为止关于发展绿色金融最为系统的一个政策框架，一个涵盖我国绿色信贷、绿色债券、绿色股票指数产品、绿色基金、绿色保险、碳金融等金融工具的发展路线图已然形成。 不仅是“绿色金融”，为破解全球经济增长乏力的难题，在G20历史上，“创新增长方式”更是首次成为G20峰会的核心议题。而中国为推进创新驱动的改革一直在稳步推进。 同样在深改领导小组第二十七次会议上，多个为创新破除阻碍体制机制束缚的改革措施出台，其中之一就是要实行以增加知识价值为导向的分配政策，构建体现智力劳动价值的薪酬体系和收入增长机制。 习近平主席表示，要向创新要动力，向改革要活力。此次G20杭州峰会上，各国首次在“顶层设计”上确认了结构性改革的重要性，确定了9大优先领域和48项指导原则。其中促进贸易和投资开放被列在第一位。就在G20召开前夕，我国自贸试验区的扩围已经开始提速，浙江、重庆等7个省市加入到自贸区的队伍中。这意味着在新一轮深化改革中，便捷的投资和贸易将会惠及更多的企业。 G20峰会上，中国的改革实践，为很多国家经济发展提供了宝贵经验。提升市场在资源配置中的作用和效率，是G20国家普遍关注的一个问题，也是中国在重点推进的一项改革。在深改领导小组第二十七次会议上，中央进一步明确了农村土地所有权、承包权、经营权“三权分置”框架。坚持农村土地农民集体所有的同时，严格保护农户承包权，放活土地经营权，依法保障农民有稳定的经营预期。 杭州峰会，虽已落幕，中国印记将镌刻在G20历史上。峰会传递出的中国理念和中国智慧，必将推动中国正在进行的改革进一步深化，百姓也将因此拥有更多的成就感和获得感。
20160907,李克强出席第十九次中国-东盟领导人会议,各位观众，这里是老挝国家会议中心。国务院总理李克强与东盟十国领导人7日在这里共同举行第十九次中国-东盟领导人会议暨中国与东盟建立对话关系25周年纪念峰会。 李克强在讲话当中全面回顾了过去25年来中国与东盟对话与合作的历程，他指出，坚持以信为本，以义为重，以利为绳，以和为贵，成就了过去25年来中国与东盟的和平、发展与繁荣，在今后也必将把新的愿景变为新的现实。 李克强就中国-东盟关系发展提出五点建议： 第一，谱写中国东盟关系新篇章。坚持以“2+7合作框架”和中国-东盟战略伙伴关系第三份《行动计划》为指导，深化各领域务实合作，不断扩大共同利益。 第二，构建政治安全合作新平台。中方愿尽早同东盟国家商签“睦邻友好合作条约”，为双方长期友好提供法律制度保障。 第三，培育经贸合作新动能。推动中国-东盟自贸区升级相关议定书有关成果尽快落地，推进“一带一路”建设和互联互通合作，推进中老铁路、中泰铁路、雅万高铁等大项目。 第四，打造人文交流合作新支柱。以教育和旅游合作为优先方向，将人文交流打造为中国与东盟合作第三大支柱。 第五，共同开创区域合作新局面。正式启动澜湄合作专项基金，用于支持次区域国家交流合作项目。 李克强强调，过去25年是双方关系快速发展的“成长期”，未来25年则是双方关系提质升级的“成熟期”。中方愿同东盟坚定信心，继往开来，推动双方关系更加全面深入发展，为地区乃至世界持久和平、共同繁荣作出更大贡献！ 与会东盟国家领导人表示，中国是东盟重要的合作伙伴。感谢中方长期以来支持东盟一体化建设。赞赏中方在双方经济合作中发挥引领作用，支持中方提出的“一带一路”、产能合作等倡议。 李克强还就南海问题阐述了中方的立场。他表示，目前南海形势正朝着积极方向发展。实践证明，中国与东盟国家按照国际法原则达成的《南海各方行为宣言》是行之有效的地区规则。中方与东盟国家正在《宣言》基础上积极推进“南海行为准则”磋商。南海安宁，地区国家是最大受益者。历史和现实反复证明，地区国家只有将解决问题的钥匙牢牢掌握在自己手里，南海才能保持和平稳定。中方愿与东盟国家携手合作，排除干扰，按照《宣言》精神和“双轨”思路妥善把握和处理南海问题，把南海建设成为造福地区各国的和平、友谊与合作之海。 与会东盟国家领导人赞赏中方积极推进“南海行为准则”磋商的努力，愿共同落实好《南海各方行为宣言》，坚持通过对话协商和平解决南海争议，而不应让有关分歧影响东盟与中国关系发展的大局。 会议通过了《中国-东盟建立对话关系25周年纪念峰会联合声明》、《中国-东盟产能合作联合声明》、《中国与东盟国家应对海上紧急事态外交高官热线平台指导方针》和《中国与东盟国家关于在南海适用〈海上意外相遇规则〉的联合声明》等四个文件。 会前，李克强同东盟国家领导人共同出席中国-东盟建立对话关系25周年纪念仪式。 李克强表示，过去的25年，是中国-东盟政治互信不断加强的25年，也是中国-东盟务实合作硕果累累的25年。中方愿与东盟国家共同建设更为紧密的中国-东盟命运共同体。 与会东盟国家领导人积极评价东盟中国建立对话关系25年来所取得的令人瞩目成就，对双方关系发展前景充满信心。
20160907,李克强会见新加坡总理,国务院总理李克强当地时间6日晚在万象下榻饭店会见新加坡总理李显龙。 李克强表示，新加坡是中国在本地区的重要合作伙伴。两国领导人保持密切沟通，有利于维护中新关系发展方向，促进务实合作，增进双方人民感情，更好实现互利共赢。 李克强指出，发展同东盟的关系是中国外交的优先方向。今年适逢中国-东盟建立对话关系25周年，双方关系不断走向成熟。中方愿同东盟方进一步扩大共同利益，求同存异，共同发出维护地区和平稳定的积极信号。 李显龙表示，新加坡作为东盟-中国关系协调国，愿为各方增进理解、扩大利益汇合点作出积极努力。 李克强总理是当地时间6号傍晚乘专机抵达万象的。
20160907,俞正声同省部级干部统一战线理论政策与宗教工作专题研讨班学员座谈,中共中央政治局常委、全国政协主席俞正声7日出席省部级干部统一战线理论政策与宗教工作专题研讨班学员座谈会，并发表重要讲话。 俞正声强调，全国宗教工作会议特别是习近平总书记的重要讲话，提出了一系列新思想、新观点、新要求，我们要深入学习领会，准确把握精神实质，既全面系统又突出重点，真正做到入脑入心、融会贯通。要准确把握坚持我国宗教中国化方向，用社会主义核心价值观引领我国宗教发展，深入挖掘教义教规中有利于社会和谐、时代进步、健康文明的内容，充分发挥宗教界的积极性主动性。要准确把握提高宗教工作法治化水平，善于运用法治思维和法治方式处理和解决宗教领域矛盾和问题，提高依法依规开展宗教活动的自觉性和主动性。要准确把握构建积极健康的宗教关系，牢牢把握坚持党的领导、巩固党的执政地位、强化党的执政基础这个根本，努力实现宗教内部、宗教之间、宗教与社会之间的和谐。 俞正声指出，要坚持问题导向，抓住主要矛盾，着力研究解决当前宗教领域的突出问题，支持宗教团体加强自身建设和人才培养，坚决抵御境外利用宗教进行渗透，紧密结合各地实际，突出重点做好各宗教工作，推动全局工作。 俞正声强调，各级党委要进一步加强和改进对宗教工作的领导，坚持深化学习、狠抓督促检查、严格执行政策，扎实做好各项工作，坚决把中央的决策部署落到实处。 刘延东、孙春兰参加讨论。
20160907,【“一带一路” 共建繁荣】聚焦实效 合作平台丰富多元,“一带一路”建设开展三年来，我国坚持经济合作和人文交流共同推进，加强同沿线国家人民的友好往来，正在创造越来越多的新成果。 三年来，从完善基础设施网络，到推进国际产能合作；从加强金融创新，到推动人文交流；“一带一路”的朋友圈越来越广，合作之路越走越宽。 在新疆，“一带一路”沿线国际医疗合作平台上，不但有跨境远程会诊，还可以跨国就医。27岁的多特库多来自塔吉克斯坦，两个月前发现患有心肌病，当地医院同新疆医科大学附院网络跨国会诊后，将他转院到中国。 在新疆住院一周后，多特库多出院回国。目前，新疆正在建设丝绸之路经济带核心区医疗服务中心，多家三甲医院成立了国际医疗部，每年接待周边国家患者超过六千人。 跨国医疗合作让“一带一路”沿线人民得到实惠，跨国文化交流也让各国群众找到更多共鸣点。 在新疆，这场歌舞剧的演员来自4个国家；在中东，中国的畅销书籍8个月后就能在当地出版。刚刚在宁夏召开的中阿影视洽谈会，当地与阿拉伯国家签约动漫、影视等合作项目80多个。 “一带一路”教育领域合作上，我国每年资助一万名沿线国家新生来华学习；知识产权领域，上半年34个沿线国家来华申请专利1600多件，同比增长20%。 中央推进“一带一路”建设工作座谈会后，我国各地在金融、文化、教育等众多领域，全力推进与沿线国家的合作，共同打造多主体、全方位的多元合作平台，形成政府主导、企业参与、民间促进的立体格局。
20160907,保护产权 给财富所有者吃“定心丸”,《关于完善产权保护制度依法保护产权的意见》近日出台。 专家表示，《意见》明确提出，要坚持平等保护，非公有制经济财产权同样不可侵犯，这对于民营经济健康发展意义重大。 《意见》还特别强调，保护产权不仅包括保护物权、债权、股权，也包括保护知识产权及其他各种无形财产权。 专家表示，《意见》提出，要以发展眼光客观看待和依法妥善处理改革开放以来各类企业特别是民营企业经营过程中存在的不规范问题，这具有重要的现实意义。
20160907,创新新闻传播 构建舆论引导新格局,党的十八大以来，新闻宣传战线全方位推进新闻传播工作创新，努力形成与党中央治国理政相适应的新闻品格和新闻力量。 中国日报在版面上创新全媒体设计，突出版面视觉冲击力。中国外文局依托中国网打造时政评论类节目《中国三分钟》，在海外社交媒体累计阅读量已经过亿。 中共中央对外联络部开展“走进党的部门”“对外宣讲团”等活动，受到广泛欢迎和积极回应。共青团中央今年推出英文说唱《ThisisChina》，播放量超过千万。 北京市委宣传部推出《中国梦365个故事》，上海市委宣传部推出“中国梦·申城美”系列宣传，用凡人小事讲述中国梦故事。 广东广播电视台在《抗击强台风“妮妲”》特别直播报道中，仅新闻客户端就累计有近千万的点击量。 江苏广电总台推出《你所不知道的中国》、内蒙古广播电视台《开卷有理》之《马克思靠谱》，让主旋律作品更加为人喜闻乐见。
20160907,国有文化企业借力资本市场加速发展,今年8月份以来，以中国电影股份有限公司为代表的5家国有文化企业集中上市，共募集资金近80亿元，这意味着国有文化企业正式在资本市场上面对普通投资者，迎接更大的机遇与发展。 即将于中秋档期上映的影片《我的战争》，以普通战士的视角全景展现抗美援朝战争，这部影片是中国电影股份有限公司8月上市后投向市场的第一部作品，影片制作完全按照现代股份制企业的规范运作。 正是有了资本市场的支持，中影股份在巨幕和激光放映系统等多个领域全面布局，持续提升产业链，目前欧洲日本等多国主流院线正计划引进中影股份电影播放系统。 与此同时，作为全国首家在香港H股和内地A股市场同时上市的出版企业，四川新华文轩出版传媒股份有限公司将一部分募投资金投入开发教育学科专业教室项目。 除中影股份和四川新华文轩外，今年八月上海电影股份有限公司、幸福蓝海影视文化集团股份有限公司和广西广电信息网络股份有限公司集体发力，借助资本市场，建立起现代化的企业制度和市场主体，提升国有文化企业的竞争实力。截至目前，约40家国有文化企业在A股、H股上市融资，为进一步发展壮大夯实了资本基础、注入了强劲动力。
20160907,吉林：消除创新孤岛 促进成果转化,东北老工业基地振兴，离不开科技创新。吉林省整合各种资源，消除科技创新中的孤岛，促进科研成果转化。 中科院长春光机所控股的希达电子，几乎每年都会推出行业领先的技术，拥有大小专利96项。但企业产业化的成绩单，并不理想。 在长春高校和科研机构超过100家，科研人员有十几万人，但科研成果转化率却一直不高。 今年7月，一个融合了科技、信息、现代金融等各种服务资源的长春市科技大市场在线上线下同步运行，把需要技术攻关的企业，手握成果的科研单位和专业的科技中介机构，汇聚到一起。政府还出台贴息贷款、资金奖补等扶持政策，促进产、学、研紧密对接。通过这个平台，希达电子已与多家国内电视厂商建立了合作关系。 成立不到两个月，长春科技大市场已聚集科技服务机构112户，重点科技型企业850家，一个功能完备的科技创新服务中心初步形成。
20160907,“重走长征路”主题采访正式启动,今天上午，由中宣部和江西省委宣传部主办的纪念长征胜利80周年“重走长征路”主题采访活动在江西瑞金正式启动。 江西瑞金是苏维埃中央政府诞生地，被誉为红色故都。这次“重走长征路”的主题是“弘扬长征精神，决胜全面小康”，启动仪式结束后，采访团来到叶坪革命旧址群、红井革命旧址群、“二苏大”旧址等地进行参观采访。 这次采访活动以江西瑞金为起点，宁夏将台堡为终点，采访路线将以红一方面军走过的路线为主，同时兼顾红二方面军、红四方面军、红二十五军在贵州、四川、甘肃、陕西等地区走过的路线。报道团将深入长征沿线地区，全面了解报道这些地方脱贫攻坚、全面建成小康社会的显著成绩。
20160907,我军新型防空导弹形成战斗力,南部战区陆军第41集团军某防空旅近日远程机动3000多公里到西北戈壁，首次接受某新型防空导弹实弹射击考核。 第一枚导弹弹射升空，瞬间点火，飞向目标，10几秒钟后，雷达显示，第一个目标被拦截摧毁。首轮射击过后，陆军首支女子导弹连官兵迅速向30公里外的预备阵地转移，重新抢占射击阵地。就在雷达重新锁定目标时，突遭强电磁干扰，导致雷达跟踪目标丢失，雷达搜索手迅速采取反侦察和反欺骗干扰等措施进行反制，将干扰降到最低，重新锁定目标。 据了解，新型防空导弹列装部队仅8个月，首次实弹射击取得全部命中的好成绩。
20160907,中国-东盟广播影视合作圆桌会议举行,由国家新闻出版广电总局主办的中国－东盟广播影视合作圆桌会议今天（9月7日）在南宁举行。来自中国－东盟国家广播影视界的代表，就进一步深化中国－东盟广播影视务实合作进行交流和探讨。会议还就加强政府间沟通与对话、加大新闻报道和新闻产品合作力度、提升广播影视内容合作水平、促进广播影视互联互通和产业合作、实现人员交流新机制等发出了五点行动倡议。 目前中国－东盟广播影视交流合作正呈现出多层次、多渠道、多样化发展的积极态势，在本次会议上，中国广西电视台和广西人民广播电台分别与老挝、柬埔寨、越南等东盟国家广播影视机构达成了一系列合作协议，中国－东盟广播影视合作成果展也同时举办。
20160907,“海南柬埔寨光明行”在柬启动,“海南柬埔寨光明行”近日在柬埔寨磅湛省启动。当天，100多名经过中国义诊医疗队手术的白内障患者成功复明。 “海南柬埔寨光明行”计划从今年9月到2018年12月间，由海南省派出5支义诊医疗队，分批赴柬埔寨，为当地贫困白内障患者实施1000例手术。
20160907,国内联播快讯,《中国微生物资源发展报告》发布 世界微生物数据中心和中科院微生物所首次联合发布了《中国微生物资源发展报告》，目前，我国33个菌种保藏中心可共享保藏菌株达18万多株；中国微生物领域发文量排名世界第二，仅次于美国；中国微生物领域专利族数量排名世界第一，微生物检测和发酵工业是专利数量分布最多的技术领域。 中国国际航空航天博览会将举行 第十一届中国国际航空航天博览会将于11月1日至6日在珠海举行。其间，来自中、英、俄等国的多支空军飞行表演队将带来精彩表演，天宫二号空间实验室等多项国家重大科技项目成果也将首次在航展亮相。 四川藏区先天性心脏病儿童赴京治疗 今天，“同心·共铸中国心”四川甘孜行大型公益活动筛选的70多名先天性心脏病儿童，从成都乘坐火车赴北京接受免费手术治疗。今年的甘孜行活动累计义诊近7万人次，确诊先心病154例。 特大非法贩卖高鼻羚羊角案告破 新疆、四川、北京等地森林公安机关日前成功侦破一起特大非法贩卖高鼻羚羊角案，打掉一条自西北边疆走私入境野生动物制品的地下交易链条，查获高鼻羚羊角1502.5公斤，涉案总价值高达3.2亿元。
20160907,多国专家盛赞G20杭州峰会成果,G20杭州峰会的丰硕成果得到多国经济界人士和学者的赞誉。他们认为，针对世界经济增长面临的问题，杭州峰会提出了务实的解决方案，中国作为二十国集团主席国进一步展现了负责任大国的形象。 约旦大学教授、政治评论员阿梅尔认为，中国通过G20杭州峰会传达的一个重要信息就是，中国能够在世界经济发展的模式探索以及经济秩序重建中起到关键作用。 意大利和土耳其的经济界人士也表达了同样的观点，他们指出，G20杭州峰会直面经济、贸易、就业等问题与挑战，中国为世界经济增长贡献了智慧。 杭州峰会是二十国集团历史上发展中国家参与最多的一次峰会，习近平主席在峰会期间倡议帮助发展中国家和中小企业深入参与全球价值链，推动全球经济进一步开放、交流、融合。沙特学者对此表示高度赞同。
20160907,联合国报告称叙民众遭前所未有苦难,6号，由联合国人权理事会授权的“叙利亚问题独立国际调查委员会”在日内瓦发布报告说，在愈演愈烈的叙利亚冲突中当地民众“正遭受前所未有的苦难”。 这份报告是根据今年1月到7月叙利亚境内侵犯人权行为情况调查后得出，报告称，叙境内的暴力冲突在这6个多月里严重升级，其中，北部城市阿勒颇的局势尤为严峻，对阿勒颇东部地区控制权的争夺使得近60万平民在被围困中处于灾难性境遇。 报告指出，叙冲突各方都有在交战中“不加区分地”攻击平民目标的行为。并存在非法拘禁，虐待囚犯、即决处决等违反国际人权准则的问题。在部分地区，极端组织仍在展开军事行动，杀害成百上千的平民。 调查委员会主席皮涅罗6号在发布会上表示，虽然今年2、3月份叙境内实现了短暂停火，但是从3月底开始，冲突各方针对平民的暴力悲剧性上升，对此参与冲突的各方都负有责任。皮涅罗呼吁冲突各方加强对平民的保护，并尽快回到谈判桌前。他说，尽快恢复目前陷入僵局的叙利亚问题日内瓦和谈，是改善叙境内人道主义状况的唯一途径。
20160907,伊拉克首都商业区爆炸数十人死伤,伊拉克首都巴格达6号凌晨发生汽车炸弹袭击，造成10人死亡，39人受伤。爆炸发生在巴格达市中心卡拉达区的一座医院附近。目前尚无任何组织宣称实施此次袭击。7月3号，卡拉达区的一家商场附近曾发生自杀式袭击造成近300人死亡，是伊拉克近年来最严重的恐怖袭击。
20160907,巴黎将在市区建两座难民营,法国巴黎市长伊达尔戈6号宣布，政府计划在市区建造两座难民营，预计两座难民营共将容纳约1000名难民，10月中旬开始运行。在人口密集的城市中心地区修建难民营在欧洲尚属首次。去年6月以来，露宿巴黎街头的难民已经达到了约15000人。
