date,title,content
20160920,习近平对二十国集团领导人杭州峰会总结表彰工作作出重要指示强调 大力弘扬主人翁意识爱国主义精神无私奉献精神 为实现中华民族伟大复兴中国梦提供强大精神力量,中共中央总书记、国家主席、中央军委主席习近平日前对二十国集团领导人杭州峰会总结表彰工作作出重要指示强调，二十国集团领导人杭州峰会取得圆满成功，这是在党中央领导下，筹委会和各有关部门、地方统一思想、各司其职、精心组织的结果。谈判协调有力有效，会议安排严谨有序，安全保障严密稳妥，新闻宣传有声有色，文艺演出精彩纷呈，后勤保障全面可靠，使杭州峰会落实了“西湖风光、江南韵味、中国气派、世界大同”的理念，向世界展示了中国精神、中国力量，在二十国集团进程中留下了深刻的中国印记。要做好后续工作，落实会议成果，放大会议效应，更好促进各项有关工作。 习近平指出，对为杭州峰会成功作出贡献的人员，要进行表彰。外交、财经、安保、宣传、文艺、交通、质检、卫生、气象、后勤等部门要做好总结和表彰工作。浙江省及杭州市精心组织、全面动员，广大市民识大体、顾大局，真情奉献，自愿服务，为杭州峰会成功作出了重大贡献，值得充分肯定，要把表彰工作做好。我们不仅要表彰先进集体和个人，而且要在全社会大力弘扬广大干部群众表现出来的主人翁意识、爱国主义精神、无私奉献精神，使之成为培育和践行社会主义核心价值观、推进社会主义精神文明建设的重要内容，为实现“两个一百年”奋斗目标、实现中华民族伟大复兴的中国梦提供强大精神力量。 二十国集团领导人杭州峰会浙江省总结表彰大会20日在浙江杭州举行。会上宣读了习近平重要指示。会议总结了峰会服务保障工作成功经验，表彰了为峰会服务保障工作作出突出贡献的先进集体和个人。浙江省及杭州市有关负责同志，受表彰的先进集体代表和个人，各界代表2000余人参加表彰大会。
20160920,习近平向首届丝绸之路国际文化博览会致贺信,首届丝绸之路国际文化博览会20日在甘肃敦煌举行。国家主席习近平致贺信，对文博会召开表示热烈祝贺。 习近平指出，两千多年前，贯通亚欧的古丝绸之路架起了一座东西方友好往来、文明交流的重要桥梁。这次文博会以推动文化交流、共谋合作发展为主题，为丝绸之路沿线各国合作交流提供了一个重要平台。要坚持多样共存、互鉴共进、合作共享，加强文化交流，倡导文化平等，保护文化遗产，推动文化创新，加强文化合作，让人类创造的丰富多彩的文化造福更多民众，让世界更加美好。 首届丝绸之路(敦煌)国际文化博览会通过论坛、展览、展演、系列活动等方式，打造文化成果共享新平台。同时还将在敦煌及甘肃省内各地举办72项系列活动。甘肃省将与有关国家和国际组织签署10多项合作协议，并和有关地区签署文化产业项目合作协议近90项，签约金额预计超过1000亿元。 丝绸之路(敦煌)国际文化博览会是目前“一带一路”建设中唯一以文化交流合作为主题的国家级平台和国际化盛会。
20160920,李克强出席第71届联大解决难民和移民大规模流动问题高级别会议,各位观众，应联合国秘书长潘基文邀请，当地时间9月19号到21号，国务院总理李克强出席在纽约举行的第71届联合国大会系列高级别会议。这是李克强总理首次登上联合国讲坛。他将针对当前重大国际和地区问题提出系统主张和理念，并宣布一系列务实举措。 当地时间19日上午在第71届联大解决难民和移民大规模流动问题高级别会议上，李克强表示，当前，难民和移民问题日益突出，这是联合国成立以来的首次应对难民和移民大规模流动问题高级别会议，引起国际社会高度关注。关乎世界和平与发展，影响地区稳定，国际社会必须积极加以应对。难民和移民问题是一场人道主义危机，拷问着人类社会的良知。国际社会要切实对难民施以援手，人道主义精神必须弘扬，道义底线不能突破。难民和移民问题的解决，需要加强国际合作。要充分发挥联合国机构的协调作用，制定和实施全面系统的解决方案，携手打击偷渡、人口贩运、恐怖主义的行为。难民和移民问题的解决，也离不开来源国的自身努力。有关当事方要以对话解决争端，以协商化解分歧。国际社会也要劝和促谈，努力使难民和移民来源国走上长治久安之路。各国应促进开放联动式增长，减少全球发展不平衡问题，推动共同发展进步。 李克强强调，中国一贯高度重视并积极参与解决难民和移民问题，作为发展中大国，愿意承担与自身能力相适应的责任。我们将采取一系列人道主义举措并积极探讨同有关国际机构和发展中国家开展难民和移民问题的三方合作。希望国际社会凝聚共识、形成合力，争取早日实现全球难民和移民大规模流动问题的全面持久解决。
20160920,李克强会见联合国安理会轮值主席国新西兰总理,国务院总理李克强当地时间19日下午在纽约下榻饭店会见新西兰总理约翰 · 基。 李克强表示，当前中新关系保持健康发展势头。两国经贸合作顺利，在国际和地区事务中沟通良好。中方愿同新方共同努力，增进政治互信，保持高层交往；深化务实合作，积极平衡地推动两国自贸协定升级谈判；加强司法执法领域合作；密切在多边事务中的沟通与协调，推动新中关系持续健康稳定发展。 约翰 · 基表示，新中关系发展非常顺利，高层交往频繁。新方高度重视发展对华关系。新西兰作为联合国安理会轮值主席国，赞赏中国在国际事务中发挥建设性作用。
20160920,国务院印发《关于促进创业投资持续健康发展的若干意见》,近日，国务院印发了《关于促进创业投资持续健康发展的若干意见》。 《意见》强调，创业投资发展要坚持服务实体、专业运作、信用为本、社会责任等基本原则，加快形成有利于创业投资发展的良好氛围和“创业、创新+创投”的协同互动发展格局，进一步扩大创业投资规模，促进创业投资做大做强做优，培育一批具有国际影响力和竞争力的中国创业投资品牌，推动我国创业投资行业跻身世界先进行列。
20160920,G20杭州峰会指引世界经济航向,G20杭州峰会已画上圆满句号，但是影响弥久深远。在“中国方案”的支撑和中方的引领下，杭州峰会取得累累硕果，指引世界经济迈上新航程，推动G20与时俱进发挥引领作用，让二十国集团合作成果惠及全球。 G20杭州峰会的举行，恰逢世界经济增长和二十国集团转型的关键节点，承载了各方高度期待。“创新增长蓝图”等倡议的提出具有开创性意义，为寻求世界经济新的增长路径指明方向。一些海内外学者认为，中国为世界经济发展提出的倡议，正是基于自身的发展经验，而中国经济的亮丽表现，也坚定了世界走创新引领发展道路的信心。 应对全球发展挑战，关键还要完善全球经济治理，夯实机制保障。G20杭州峰会上，中国努力推动G20从短期危机应对机制向长效治理机制转型，并在全球经济治理中发挥引领作用。 为激发世界经济活力，G20杭州峰会制定了《二十国集团全球贸易增长战略》和全球首个多边投资规则框架《二十国集团全球投资指导原则》，继续支持多边贸易体系，重申反对贸易保护主义。 G20杭州峰会第一次把发展问题置于全球宏观政策框架突出位置，第一次就落实联合国2030年可持续发展议程制定行动计划。海外媒体指出，杭州峰会成果最特别的意义在于，反映并聚合了发达和发展中经济体的多元化呼声和利益，从而凝聚起促进世界经济发展的新增长动力。
20160920,【“一带一路” 共建繁荣】金融合作 助力各国共同发展,三来年，我国与“一带一路”沿线国家深入开展金融合作，促进资金融通，为“一带一路”建设提供强有力支持。 围绕“一带一路”战略，多渠道投融资框架正逐步完善。2014年，我国出资400亿美元成立丝路基金；随后，中拉产能合作基金和中非产能合作基金相继成立；2015年，亚投行成立。 丝路基金成立至今，已经在“一带一路”沿线签约水电站建设等多个项目。我国各地也陆续成立支持“一带一路”的基金。在大连金普新区，一个集合了400多家企业的金融平台初具规模，不光为中国企业走出去给予支持，也为“一带一路”其它国家的企业走进来提供金融服务。 三年来，我国大型银行在“一带一路”沿线国家和地区加快设立分支机构，为境外项目提供融资支持。沿线覆盖最广的中国工商银行，已经在18个国家，建立了123家分支机构。截至今年6月底，工行累计支持“一带一路”项目95个，承贷金额220亿美元，涉及电力、交通、油气、矿产等众多行业。 跨境金融服务平台与境外分支机构的设立，正使人民币在“一带一路”沿线的使用范围不断扩大。目前，中国人民银行已经与21个“一带一路”沿线国家和地区的央行签订了双边本币互换协议。今年1至5月，“一带一路”沿线跨境人民币实际收付业务额近3万亿元人民币。 三年来，越来越多的国际金融机构正加入到“一带一路”建设中来，人民币在沿线国家的使用正越来越广泛。金融上的互联互通，正使“一带一路”上的经贸往来更加便捷。
20160920,教育部发布中考改革指导意见,教育部今天发布中考改革“指导意见”，要求到2020年左右，初步形成基于初中学业水平考试成绩、结合综合素质评价的高中阶段学校考试招生录取模式。 这次中考改革重在改变目前高中招生将部分学科成绩简单相加作为录取唯一依据的做法，克服唯分数论。推行初中学业水平考试，主要包括四个方面。 一是考试功能上，将初中毕业考试和高中招生考试“两考合一”，实现“一考多用”，减轻学生多次备考的负担。二是考试科目，要将国家课程方案所设定的科目均列入学业水平考试的范围，凡学必考，但是不要求把所有科目列入招生录取计分科目，以免增加学生负担。三是考试内容，减少单纯记忆、机械训练性质的内容，注重考查学生分析问题和解决问题的能力；四是成绩呈现方式， 可以采用分数、等级等多种形式呈现，避免学生分分必争、过度竞争。 此外，《指导意见》还对完善学生综合素质评价、改革招生录取办法等做了明确规定。其中，要求将语文、数学、外语统一作为录取计分科目。将体育也纳入计分科目，其它招生录取计分科目由试点地区自行确定。
20160920,民政部公布第六批国家级烈士纪念设施,经国务院批准，民政部日前公布了贵州习水青杠坡红军烈士陵园、山东费县烈士陵园、辽宁塔山阻击战烈士陵园等第六批共96处国家级烈士纪念设施名单，这些烈士纪念设施安葬、纪念着红军长征时期、抗战时期、解放战争时期等不同时期的烈士。 国家级的烈士纪念设施主要是纪念在重大事件、重要战役和主要革命根据地斗争中牺牲的烈士，或有重要影响的著名烈士、为中国革命斗争牺牲的知名国际友人等，目前全国共有国家级烈士纪念设施277处。 民政部要求，各地要加强烈士纪念设施保护管理，做好英烈事迹发掘整理等工作，充分发挥国家级烈士纪念设施在传承红色基因、缅怀革命先烈、开展爱国主义教育等方面的示范引领作用。
20160920,四川：打破壁垒 军民融合进入快车道,四川大力推进军民深度融合，打通产业与技术的双向通道，搭建资金、技术、人才的要素平台，让军民融合产业发展进入快车道。 推进军工技术产业化，打通“军转民”、“民参军”的通道是关键。为此，四川改革了军用技术成果使用、处置管理制度，允许符合条件的军用技术按照市场规则流动和交易。 四川还出台一系列鼓励科技人员创新创业的政策。科技人员带项目和成果到各类载体创新创业的，经原单位同意，可在3年内保留人事关系，与原单位其他在岗人员同等享有参加职称评聘、岗位晋升和社会保障方面的权利。宽松灵活的政策，让军工专家加入到民营科技型企业没了后顾之忧。 有了过得硬的“军工牌儿”专家，菲纳理公司很快把一项向民用领域开放多年的军用核技术打造成一款领先世界的“中国造”产品。 这款产品在中国创新创业大赛军转民大赛中一亮相，就引起了中海油的注意。 加快军工技术产业化，资金、技术和人才缺一不可。为了“不差钱”，四川在全国率先设立了100亿军民融合产业发展基金；并启动军民融合金融服务中心试点，军民融合企业办理贷款时间从一个月缩短到一周。 截至去年，四川军民融合产业经济规模收入已达2660亿元。到2020年，四川军民融合主营业务收入将突破4000亿元。
20160920,全民健身助力“健康中国”建设,为提高全民身体健康水平，各地通过多种方式开展全民健身活动，加快“健康中国”建设步伐。 最近的全民健身活动状况调查数据显示，全国经常参加体育锻炼的人数为33.9%，比2007年提高5.7个百分点。各地加大群众体育投入，组织全民体育活动，倡导健康科学的生活、乐观积极的心态。 在内蒙古阿尔山，当地利用良好的自然条件，今年举办了首届国际山地越野挑战赛，吸引600多名越野跑和户外运动爱好者参加。良好的运动氛围，让当地很多人爱上了野外运动。 在江苏南京、黑龙江哈尔滨、江西上饶等地，当地政府建设环城绿道、休闲公园、开放学校健身场所，让老百姓在家门口就能享受运动的乐趣。
20160920,第五届中国——亚欧博览会今天开幕,历时5天的第五届中国-亚欧博览会今天在新疆乌鲁木齐开幕。本届博览会主题为“共商、共建、共享丝路：机遇与未来”，吸引了全球57个国家和地区的嘉宾参会，来自海内外的2000多家企业参展。 在展览规模继续扩大的同时，本届博览会也邀请到专业采购商3500多名，创历史新高。除商品贸易外，投资合作与政策交流也是本届博览会的新亮点，同期举办中国——亚欧国际经济合作论坛，为共同推进丝绸之路经济带建设建言献策。
20160920,南方戏曲演出季热演京城,由中宣部指导，北京市委宣传部、北京市文化局主办的南方戏曲演出季，近日正在北京天桥艺术中心和全国地方戏演出中心集中展示。 此次南方戏曲演出季汇集了沪剧、越剧、黄梅戏、粤剧等16个南方剧种，包含32场演出，川剧《尘埃落定》、花鼓戏《我叫马翠花》、木偶剧《卢俊义》、湘剧《月亮粑粑》等参演剧目地域特色浓郁，题材丰富多样，以弘扬中华传统美德、歌颂民族英雄为主，充满正能量，弘扬主旋律，受到观众一致好评。南方戏曲演出季让首都群众享受文化惠民的便利，大部分演出以低价票为主，演出将持续到10月27日。
20160920,国内联播快讯,1-7月我国服务贸易总额同比增长24.6% 商务部最新数据显示，今年1-7月，我国服务贸易保持快速发展，服务进出口总额达30129.6亿元，同比增长24.6%，占对外贸易比重继续提升。其中，高附加值服务出口加快，出口结构优化。 打击治理电信网络犯罪查控中心成立 今天，公安部打击治理电信网络新型违法犯罪查控中心正式成立，主要承担全国电信网络诈骗案件涉案账号查询、止付、冻结以及通信工具的查询、封停等工作。从2016年1月试运行至今，“查控中心”已冻结全国涉案账户40多万个，冻结资金11亿多元，其中8000多万元已返还被骗群众，其余十多亿元冻结资金将陆续返还。 城市光纤网络实现量子隐形传态 经过多年攻关，我国科学家在合肥的城市光纤网络中实现了距离长达几十公里的量子隐形传态试验，为量子互联网等未来城市范围的量子通信奠定了技术基础，将提高互联网数据传输的安全性。 我国将建设六大国家级森林城市群 国家林业局发布“十三五”期间，我国将建设京津冀、长三角等六大国家级森林城市群，在城市之间打造成片森林、湿地，为经济健康持续发展提供坚实生态保障。 2016中国国际信息通信展今天开幕 2016中国国际信息通信展今天在北京开幕，吸引了来自全球400多家知名企业参展，展示了5G、物联网、信息安全等最前沿的技术和产品。中国国际信息通信展是亚洲规模最大、最具影响力的信息通信行业年度盛会。 第三届丝绸之路国际电影节在西安开幕 第三届丝绸之路国际电影节昨晚在西安开幕。丝路沿线国家、世界知名影人汇聚古城西安，共同打造中外电影艺术展示、合作和贸易平台。本届电影节还将展映来自57个国家及地区的320部影片。 电视剧《安居》今晚播出 33集电视连续剧《安居》将于今晚八点在我台综合频道播出。该剧以包头市北梁棚户区改造为背景，从普通百姓的视角，讲述了在动员拆迁过程中政府与群众戮力同心，最终实现和谐拆迁的故事。 大型直播节目《记得我爱你》将推出 明天是世界阿尔茨海默病日，我台社会与法频道将于明天上午十点推出大型直播特别节目《记得我爱你》。节目邀请国内外医学专家、心理学家，向观众介绍阿尔茨海默病基本常识及相关情况。
20160920,黑客组织再曝获准用药运动员名单,19号，名为“奇异熊”的黑客组织公布了从世界反兴奋剂机构数据库中窃取的第四批运动员医疗信息。包括西班牙网球名将纳达尔在内的三名体坛巨星赫然在列。 第四批曝光的名单涉及美国、英国、加拿大等国的26位运动员。其中包括两名英国运动员：里约奥运会男子5000米和10000米双料冠军法拉赫、男子高尔夫球冠军罗斯，以及西班牙网球明星纳达尔。“奇异熊”公布的资料显示，这三名运动员都曾获得“治疗用药豁免”。 根据世界反兴奋剂机构的规定，一些患有疾病的运动员可以提出“治疗用药豁免”的申请，在经过批准后，可以服用“用于医疗目的”的禁药，但这些情况是不对外公开的。黑客组织认为，这种做法存在漏洞，相当于给使用禁药的行为颁布许可证，是明显的双重标准。 目前，黑客组织已经公布了66名服用禁药的运动员的信息。西方媒体称，黑客攻击事件是俄罗斯因其运动员涉兴奋剂被禁赛而进行的报复，但遭到俄方的否认。今日俄罗斯电视台发表评论说，被黑客公开的信息本身才应该是媒体关注的焦点。西方媒体大肆炒作黑客的所谓俄罗斯背景，是一种蓄意转移观众视线，模糊舆论焦点的行为。 19号，俄罗斯总统普京在克里姆林宫接见了俄罗斯残疾人运动员。普京说，国际残奥委会全面禁止俄罗斯选手赴里约参赛是“不公平的”，是虚伪的、卑劣的行为。普京强调，俄罗斯将来仍会在反兴奋剂问题上与国际组织合作，并致力于创建一个透明、公正、不受政治因素摆布、没有双重标准的国际反兴奋剂体系。
20160920,联合国车队在叙遭袭 死伤惨重,合国方面19号说，联合国和叙利亚红新月会运送救援物资的车队，在叙利亚北部阿勒颇省遭到袭击。车队31辆卡车中的18辆被击中，14名叙利亚红新月会工作人员在袭击中死亡，另有多人受伤。叙利亚反对派的媒体公布了据称是联合国车队遭袭的画面。 与叙利亚反对派关系密切的叙利亚人权观察组织说，是叙利亚政府军或俄罗斯的战机对车队进行了轰炸。 美国国务院发言人约翰·柯比19号说，美国对袭击事件感到愤怒，会重新评估与俄罗斯就叙利亚问题展开合作的前景。 19号早些时候，叙利亚军方刚刚宣布为期7天的停火结束，并指责武装分子在此期间多次破坏停火协议。此前，美国等于17号，轰炸了位于叙东部代尔祖尔的叙政府军营地，造成严重伤亡。
20160920,国际联播快讯,统俄党在俄国家杜马选举中胜出 19号，根据俄罗斯中央选举委员会对95.26%选票的统计结果，俄罗斯执政党：统一俄罗斯党在本届俄罗斯国家杜马选举中赢得其中54.19%的选票，成为杜马第一大党。 国家杜马是俄罗斯常设立法机构，共有450个议席，本次选举之后，统一俄罗斯党在杜马中的席位已超过300个议席的“宪法多数”，可以凭借一己之力修订宪法，否决对总统的弹劾。 纽约曼哈顿爆炸事件一嫌疑人被捕 美国警方19号在新泽西州逮捕了28岁的阿富汗裔美国公民拉哈米。拉哈米被指认是17号纽约曼哈顿爆炸事件的嫌疑人，而且也涉嫌与过去两天新泽西州发生的两起爆炸案有关。不过警方表示，目前还没有证据显示拉哈米是否与恐怖组织有关。 17号，纽约市曼哈顿发生爆炸，造成29人受伤。17号和18号，新泽西州都发生了爆炸事件，没有造成人员伤亡。 慕尼黑啤酒节开幕 安保规格高 第183届“慕尼黑啤酒节”近日在德国南部举行。慕尼黑啤酒节是世界上最大规模的啤酒盛事，预计今年将接待超过600万人次游客。 由于慕尼黑所在的巴伐利亚州今年7月连续发生了维尔茨堡列车袭击案、慕尼黑枪击案等暴恐事件，今年啤酒节主办方加强了安保工作，增加监控摄像头、增派警力，还禁止游客将容量超过3升的包带入场地。
20160920,哥斯达黎加火山强烈喷发致机场关闭,位于哥斯达黎加中部的图里亚尔瓦火山19日强烈喷发。受火山喷发影响，哥首都圣何塞的机场被迫关闭，数十架次进出港航班受到影响。刚刚参加完里约残奥会的哥残奥代表团19日乘机回国，其航班被迫降落在另外一个中美洲国家萨尔瓦多。 哥斯达黎加国家防灾应急委员会已封闭图里亚尔瓦火山国家公园方圆5公里之内的道路，只允许火山监控人员等少量人员出入，而火山方圆2公里之内则不允许任何人出入。
