date,title,content
20161005,“一带一路”三年：合作共赢彰显中国担当,习近平主席指出：“一带一路”建设要坚持各国共商、共建、共享。“一带一路”倡议提出三年来，这条世界上跨度最长、最具潜力的合作带，凝聚了沿线国家渴望发展的最大共识、契合了沿线国家经济升级的最迫切意愿、展现了中国推动各国共同发展的最大诚意，同时也诠释了合作共赢新型国际关系的中国担当。 今天，由中国企业建设的连接埃塞俄比亚和吉布提两国首都的亚吉铁路正式通车，这是非洲第一条现代电气化铁路。 亚吉铁路连接埃塞俄比亚首都亚的斯亚贝巴、重要城市阿达玛、德雷达瓦，终点是吉布提首都吉布提市，全长752.7公里，设计时速120公里，总投资约40亿美元。亚吉铁路建成后，亚的斯亚贝巴至吉布提的运输时间将从目前公路运输的7天减少为10个小时。而国土狭小、资源匮乏的吉布提，也会迎来成为地区交通枢纽的发展新机遇。 亚吉铁路从投融资、技术标准到运营管理维护全部采用中国标准，这条铁路通车标志着中国铁路首次实现全产业链“走出去”。一流的技术、稳定的性能、成熟的运营管理体系以及高性价比等优势，让中国铁路在海外影响力逐渐扩大。 “一带一路”三年来，不少非洲国家正在学习并逐渐接纳中国铁路技术标准，中国企业参与建设的肯尼亚蒙内铁路、安哥拉本格拉铁路、尼日利亚沿海铁路等项目，都采用了中国标准。 不仅铁路，“一带一路”三年来，一批有影响力的标志性项目逐步落地。“一带一路”建设从无到有、由点及面，进度和成果超出预期。中蒙俄经济走廊建设规划纲要编制完成并顺利签署，实现了“一带一路”首条经济走廊，首个多边规划的重要突破；中巴经济走廊建设成效初显，合作签约金额近460亿美元；北起喀什，南至瓜达尔港的公路、铁路以及港区建设等重大项目启动实施。 目前，“一带一路”重大项目储备已达1400多个，有100来个国家地区和机构纷纷响应“一带一路”的建设，中国跟30多个国家签订了“一带一路”建设的合作备忘录，和20多个国家开展国际产能合作。中国与相关国家合作建设了50多个境外经贸合作区。其中，中白工业园、泰中罗勇工业园、中印尼综合产业园区等取得了积极高效的进展，使境外经贸合作区成为推动我国企业集群式走出去、促进与相关国家开展国际产能和装备制造合作的重要载体。 在柬埔寨，由四家来自中国无锡的民营企业和柬埔寨国际投资开发集团有限公司合作建设的西港特区，已经成为柬埔寨最大的工业园区，超过100家来自中国、美国、日本、法国的企业入驻开工，为当地1.3万人提供了就业岗位，如今当地乡镇的人均年收入从几年前的400美元上涨到了1000美元。 最新统计数据显示，我国对“一带一路”相关国家的累计投资已达511亿美元，占同期对外直接投资总额的12%，与沿线国家新签承包工程合同1.25万份，累计合同额2790亿美元。“一带一路”正同中国的全面深化改革进程交相辉映，在惠及沿线各国人民的同时，带动了中国更强劲发展。
20161005,刘云山对希腊进行正式友好访问,应希腊政府邀请，中共中央政治局常委、中央书记处书记刘云山3日至5日对希腊进行正式友好访问，在雅典分别会见希腊总统帕夫洛普洛斯和左联党主席、政府总理齐普拉斯。 刘云山向帕夫洛普洛斯转达了习近平主席的亲切问候。刘云山说，中希传统友谊源远流长，经受住了国际形势风云变幻的考验，合作领域不断拓展，合作水平持续提升，给两国人民带来实实在在的利益。中方愿同西方深化各层级交流合作，加强中欧文明对话和交流，为携手打造中欧四大伙伴关系，维护世界和平稳定，发挥积极推动作用。帕夫洛普洛斯请刘云山转达对习近平主席的良好祝愿。他表示，希腊尊重并热爱中国文化，高度赞赏中方对希腊应对债务危机的支持立场，对希中关系发展感到满意。希中应发挥文明古国的文化影响力，携手推动世界和平与繁荣。 会见齐普拉斯时，刘云山说，今年是中希建立全面战略伙伴关系10周年，两国关系正处于历史最好时期，中方视希腊为真诚朋友和战略合作伙伴，愿与西方共同落实好两国领导人达成的重要共识，推动“一带一路”倡议与希腊国家发展战略对接，扩大文化交流，促进民心相通。刘云山赞赏左联党为发展中希关系作出的积极努力，表示愿深化两党治国理政经验交流互鉴。 齐普拉斯说，希中发展战略高度契合，合作潜力巨大，双方应着力推动互利合作取得更多成果。两国执政党可就国家发展和全球治理加强交流，更好引领希中、欧中关系发展。 刘云山还分别会见了议长武齐斯和新民党主席米佐塔基斯，就立法、文化和党际交流等进行了交谈。 10月3日，刘云山出席中欧文明对话会，并发表题为《加强文明交流互鉴 实现中欧合作共赢》的主旨讲话。他说，中国党和政府高度重视推进文明交流互鉴。习近平主席作出一系列重要论述，凝结着中华民族的思想智慧，反映了对人类文明历史和现实的深刻思考，集中表达了中国共产党和中国人民所秉持的文明观。我们倡导多元多样、平等相待的文明观，倡导美人之美、美美与共的文明观，倡导以交流交融化解冲突的文明观，倡导不忘本来、吸收外来、面向未来的文明观，建议加强文明对话，深化中欧关系，携手打造人类命运共同体。 刘云山还出席了雅典中国文化中心揭牌仪式，并考察了中远海运集团比雷埃夫斯港项目建设情况。
20161005,谁不说俺家乡好 美好未来更可期,家乡有如画的风景，家乡有包容的胸怀，不忘初心，努力奋斗，家乡在越来越好的路上继续前行，《谁不说俺家乡好》，继续来听听大家怎么说。
20161005,让文明成为最美的风景,出门在外，文明很重要，如何文明出游，考验着每一个游客，也考验着管理部门，各地通过人性化管理等有效措施，让越来越多的游客成为文明旅游的实践者。 在天津，“文明旅游在路上”活动，通过旅行社和导游的引导，潜移默化地把文明行为融入服务游客的全过程中。 宁夏则把文明旅游的宣传带到4A、5A级景区，用广而告之和实际行动感染和带动游客。 文明就在细微处、文明就在点滴里。不论是在山峦灵秀的宁波雪窦山，还是山清水秀的莱芜房干村，当地都通过温馨提醒、主动示范，保证游客带走一片美景，不留一块纸屑。 文明旅游还体现在景区管理者的人性化服务上，通过增加旅游舒适度，让游客在身心愉悦中互相影响，自觉主动文明旅游。秀丽如画的桂林漓江，秀美翠绿的宜宾竹海，这几天都游客爆满，当地开通景区免费WIFI、增加志愿者服务等，把文明意识传递给游客，让游客乘兴而来尽兴而归。
20161005,纪念长征胜利80周年主题展,这两天，在纪念中国工农红军长征胜利80周年主题展上，总能看到军人的身影。无论是戎马一生的老将军，还是退伍的老兵，或者是一身军装的战士，他们对长征精神都有着自已的感悟。 这些老兵来自黑龙江省哈尔滨市，国庆期间，他们不远千里来到北京，就是为了看看红军长征展。在一张张图片、一件件文物前，老兵们驻足观看，被80年前那场史无前例的英雄壮举深深感动，对今天的幸福生活感慨万千。 八十年来，长征精神成为一代代革命军人心中的旗帜。 从解放战争中走过来的老将军陶智，经历过解放长春、北平解放、豫西作战，一生戎马的他，对长征也有着深深的情感。 展览中“浴血奋战勇向前”篇章，讲述了遵义会议后，各路红军采取机动灵活战术粉碎了国民党的围追堵截，取得一个又一个胜利的过程。四渡赤水、巧渡金沙江，强渡大渡河，飞夺泸定桥……鲜活的战斗场景，仿佛把人们一下子拉回到战火纷飞的长征路上。
20161005,人民日报述评：制度创新 完善现代治理——党的十八大以来全面深化改革观察之二,明天出版的人民日报将发表述评，题目是《制度创新，完善现代治理——党的十八大以来全面深化改革观察之二》。
20161005,无锡：“腾笼换凤”转型升级,百年工商名城——江苏无锡，立足自身优势“腾笼换凤”，引领传统产业转型升级。 在江苏无锡，一个国家级数字电影产业园正在崛起。像《星球大战7》《变形金刚4》等都曾在此制作后期。这个国家级数字电影产业园的崛起，得益于无锡传统产业转型升级。它的前身是无锡最大的轧钢厂——雪浪轧钢厂。2007年5月，太湖蓝藻大面积爆发，一度导致无锡饮用水源地污染。 距离太湖1公里、年利税超亿元的无锡最大轧钢厂——雪浪轧钢厂搬离太湖周边，进入政府统一规划的工业园区。2013年，在腾出的厂址上建起了规划面积6平方公里的无锡国家数字电影产业园。 如今，这里已经集聚了300多家影视制作公司，建成亚洲最大的虚拟特效影棚，成为我国首批重点制片基地。最新的VR互动体验项目、影视创意景点，吸引越来越多的游客来此休闲旅游。仅仅3年的时间，这里的年产值和利税就超越了轧钢厂过去30年中的最好水平。 “腾笼换凤”是无锡传统产业升级的重要举措之一。截至去年底，无锡已关停环保不达标企业2800家，在此基础上，今年这里进一步明确了传统产业升级改造的路径。 今年上半年，无锡市第三产业的增加值占到地区生产总值51%，较上一年提高2个百分点。2015年，无锡市科技进步贡献率达到62．2％，位列江苏省第一。
20161005,四川：机制创新促进高校科技成果转化,大学是创新的重要来源，作为西部高校数量最多的省份，四川紧紧抓住人才和科研力量优势，创新体制机制，让高校的科研成果快速转化，直接助力经济发展。 记者见到林寒时，他正在四川成都进行康复训练，他所穿着的，是我国刚刚实现商业化应用的第一款外骨骼机器人。 去年九月，下肢瘫痪的林寒作为全国第九届残疾人运动会的火炬手，像“钢铁侠”一样站立起来。但那时林寒使用的还只是电子科技大学一台实验性的机器人。 能迈出这一大步，靠的是体制机制上的创新与突破。 一个小小的机器人，涉及到电子、机械、自动化甚至神经医学等多个学科，电子科大干脆打破院系界线，组建起一个跨界研究中心。并将科研项目70%的所有权划归团队，30%归学校，成果转化成功后，校方再将收益的70%作为奖励返还给科研团队。 新的机制避免了过去很多科研项目主要是为了评职称、发论文，而难以市场应用的状况。机器人项目从1.0开发迭代到3.0，立刻得到上海一家公司的投资，目前项目估值已经超过3个亿。 目前，四川省正重点推进科技成果转化的产权制度改革，把科技成果使用权、扩大高校院所自主权和收益权下放落到实处。科技成果转化工程启动以来，已经有1500项科技成果和700多个创新产品破土而出，今年上半年，四川全省高新技术产业突破7000亿，增速超过10%，高技术产业对工业增长的贡献率达到13.2%。
20161005,国内联播快讯,国庆前四天全国接待游客超4亿人次 国家旅游局的统计数据显示，国庆前四天，全国共接待游客4.15亿人次，同比增长13.8%，旅游收入3397.5亿元，同比增长15.1%。乡村游、休闲游、生态游成市场亮点，家庭式短线游和自驾游成为人们主要出行方式。 最高法：离婚转移财产可判净身出户 最高法近日发布一批指导性案例，其中第66号案例明确一方在离婚诉讼期间或离婚诉讼前，隐藏、转移、变卖、毁损夫妻共同财产，或伪造债务企图侵占另一方财产的，离婚分割夫妻共同财产时，可依照《中华人民共和国婚姻法》第四十七条的规定少分或不分财产。 深圳出台八大措施调控楼市 4日，深圳市发布房产新政，八项措施调控楼市。其中，本市户籍非婚居民限购1套住房，外地户籍居民限购1套住房；对无房但有贷款记录的，首付不低于五成；已有1套住房的，首付提高到七成以上。 新一轮冷空气影响北方地区 今天，新疆出现大范围雨雪天气，气温明显下降，局部地区提前供暖。中央气象台预计，明天（6日）起，新一轮冷空气将自西向东影响我国北方地区，西北地区中东部、华北、东北等地将先后有4～6℃降温，局地降幅可达8℃以上。 水上摩托世界锦标赛在柳州举行 水上摩托世界锦标赛在广西柳州举行。来自20多个国家，近200名运动员参赛。高速过弯、快速超越、连续跳跃，参赛者的精彩表现征服了现场观众。
20161005,俄S-300防空导弹部队进驻叙利亚,俄罗斯国防部4号说，俄S-300防空导弹部队已进驻叙利亚，以保障俄驻叙海军基地及其附近海域内俄罗斯舰队的空中安全。 俄罗斯国防部发言人科纳申科夫说，俄罗斯在叙利亚西部沿海城市塔尔图斯设有海军基地，俄海军舰艇作战编队正停泊在基地附近海域。新部署的S-300防空导弹部队可防止俄基地和舰队受到空中打击。西方国家无需对S-300这种防御性武器有什么担忧。 S-300防空导弹的最大射程为200公里，美国媒体报道说，这是俄罗斯首次在境外部署这种武器，其目的或是为拦截美国飞机和巡航导弹。 近几天，俄罗斯目标在叙利亚多次遭到袭击。据俄罗斯电视台4号报道，一辆搭载俄罗斯记者的车日前在阿勒颇遭到狙击手伏击，所幸无人受伤。报道说，狙击手潜伏在反对派控制的区域，与记者同行的叙利亚政府军随后击毙了狙击手。 俄罗斯外交部4号发布声明说，俄罗斯驻叙利亚使馆日前遭到迫击炮袭击，使馆建筑受损，没有人员伤亡。炮弹来自反对派控制的朱巴尔区。俄外交部称袭击违反国际法，并认为是美国及其盟友拉拢叙境内极端分子和武装派别继续挑起流血冲突的行为引发了这次袭击。 4号，叙利亚多地冲突持续。叙利亚政府军在阿勒颇的军事行动继续。世界卫生组织4号说，自9月23号到10月2号短短10天，就有342人在叙利亚冲突中死亡，1129人受伤，死者中包括106名儿童。4号，美俄两国继续互相指责对方破坏停火协议，应为叙利亚局势恶化负责。
20161005,三名科学家分享2016年诺贝尔化学奖,瑞典皇家科学院今天宣布，将2016年诺贝尔化学奖授予三名科学家，以表彰他们在分子机器设计与合成领域的贡献。他们分别是法国科学家绍瓦热，英国科学家斯托达特，和荷兰科学家费林加。评奖委员会的成员说，这三位科学家掌握了在分子层面上控制运动的技术，分子机器将极有可能促进新材料、传感器、能量储存系统等的发展。
20161005,国际联播快讯,IMF上调新兴经济体增长预期 国际货币基金组织4号发布最新一期《世界经济展望》报告，将今明两年的全球经济增速维持在3.1%和3.4%。报告下调了发达经济体的增长预期，同时，将新兴经济体和发展中国家今年的增长预期上调0.1个百分点至4.2%，这也是六年来该预期的首次上调。国际货币基金组织首席经济学家奥布斯特费尔德在接受本台记者采访时说，国际货币基金组织对中国经济保持乐观，人民币加入特别提款权货币篮子是中国金融体系进一步融入国际经济金融体系、承担新的责任与义务的起点。 欧盟批准气候变化《巴黎协定》 4号，欧洲议会全会以压倒性多数票通过了欧盟批准气候变化《巴黎协定》的决议。《巴黎协定》生效有两个必要条件，一是批准的缔约方超过55个，二是其温室气体排放量占全球总排放量至少约55％。占全球总排放量12％的欧盟批准这一协定，使《巴黎协定》具备了正式生效的必要条件。 雅虎被曝应美政府要求扫描所有电邮 美国媒体4号报道说，据雅虎公司前员工等人透露，雅虎公司在美国国家安全局或联邦调查局的要求下，于去年开发了一款软件，对所有雅虎邮箱账户收件箱秘密进行信息扫描。有专家说，这是第一次有消息说互联网公司会按照政府要求监控所有邮件，而并不是特定的小部分邮件。 雅虎当天就此回应说，雅虎公司遵循美国法律的规定。而国家安全局拒绝回应。
20161005,【江山多娇·生命篇】鬼斧神工塑大地 龙之精神生生不息,今天，《江山多娇》特别节目，带您领略祖国最具特色的地貌，几百万年的磨砺，让这片土地饱含执着、坚韧与包容，像极了我们中华儿女的民族精神。 风的磨砺，让位于甘肃的雅丹地貌群，犹如万艘战舰，错落有致地行驶在广袤沙海之上。 水的冲刷，使重庆武隆的喀斯特地貌呈现全世界最大的天生桥群。 贵州赤水丹霞，恐龙最爱的食物桫椤与火红色砂岩相依相伴，至今已有两亿年。 扎龙湿地，大自然最美丽的舞者也将生命带上天空。 敦煌的月牙泉，千百年来不曾被大漠风沙所掩盖，正如同“丝绸之路”上的人们，虽历尽艰辛，却永无止境。如今，遵循”互利合作共赢“的精神，“一带一路”的战略构想正赋予古丝绸之路新的时代内涵。 在黄土高原上的龙湾村，过去，先人靠人力，硬是在悬崖上开凿出一条与外界连接的道路；今天，两代龙湾人靠韧劲，修出这条二十二道弯公路。一个“龙”字，串起多少代人的矢志不渝、不离不弃，一把黄土塑造千万个你和我，不屈不挠的民族精神，也将横亘古今、生生不息。
