date,title,content
20170513,习近平会见瑞士联邦主席,13日，国家主席习近平在钓鱼台国宾馆会见瑞士联邦主席洛伊特哈德，欢迎洛伊特哈德来华出席“一带一路”国际合作高峰论坛。张高丽副总理出席。 习近平指出，自2016年中瑞确立创新战略伙伴关系以来，两国关系加速发展。今年年初我对瑞士进行国事访问期间，我们共同启动了中瑞旅游年，见证签署了涉及创新、自由贸易、文化等诸多领域的10项合作文件。双方要共同努力，将这些政治共识和合作协议落到实处，变成两国合作的真正成果。双方要保持高层交往，并以创新为引领全面推动各领域交流合作；要尽快启动自由贸易协定升级谈判，加强“中国制造2025”同瑞士“工业4.0”战略对接以及金融等领域合作；共同办好中瑞旅游年系列活动，加强航空、文化、冬季运动等方面合作。 习近平强调，瑞士是“一带一路”倡议的积极支持者和参与者，“一带一路”建设为中瑞合作开辟了更加广阔的空间。希望双方通过这次论坛活动突出发展战略对接，推进重点领域务实合作。 洛伊特哈德表示，习近平主席今年1月对瑞士的访问非常成功。我同习主席达成的诸多共识，特别是共同启动的瑞中旅游年将有力促进两国文化、经济交流。双方要落实好有关共识，推进创新、能源、金融、旅游等各领域合作。瑞士赞赏“一带一路”倡议，相信“一带一路”建设将带动沿线国家更多投资，增进民众福祉。瑞士愿意积极参与并为“一带一路”建设合作作出贡献。
20170513,习近平举行仪式欢迎土耳其共和国总统访华,国家主席习近平13日下午在人民大会堂北大厅举行仪式，欢迎土耳其共和国总统雷杰普·塔伊普·埃尔多安对我国进行访问。 中共中央政治局委员、中央政策研究室主任王沪宁、中共中央政治局委员、中央书记处书记、中央办公厅主任栗战书、国务委员杨洁篪等出席欢迎仪式。 陪同埃尔多安访华的有总参谋长、副总理、司法部长等。 军乐团奏土中两国国歌。 埃尔多安在习近平陪同下检阅中国人民解放军三军仪仗队。 埃尔多安是应习近平的邀请对我国进行访问的，埃尔多安还将出席“一带一路”国际合作高峰论坛。
20170513,习近平同土耳其总统举行会谈,欢迎仪式后，习近平主席同来华出席“一带一路”国际合作高峰论坛的埃尔多安总统举行会谈。 习近平指出，近年来中土各领域关系发展迅速。发展中土战略合作关系，符合两国和两国人民根本利益。为推动双边关系取得更大发展，中土双方要尊重和照顾彼此核心关切，深化安全反恐合作。要本着平等、互利、共赢原则，加强战略对接，继续推进“网上丝绸之路”经济合作，促进双方政策沟通、设施共建、产业合作，推动两国贸易平衡发展。中方高度赞赏土方支持并积极参与“一带一路”建设，愿同土方在“一带一路”建设框架内，稳步推进重大合作项目。中方欢迎土方2018年来华举办土耳其旅游年，愿同土方以签署互设文化中心协定为契机，推动双边人文交流，夯实双边关系民意基础。 习近平指出，一个和平、稳定、发展的中东符合国际社会共同利益。中方愿同有关各方加强沟通，推动中东早日实现和平稳定。 埃尔多安表示，我赞同习近平主席对土中关系的评价，土方对落实两国领导人共识、推进双方务实合作持积极态度。中方举办“一带一路”国际合作高峰论坛十分重要。土方愿同中方在“一带一路”建设框架下加强投资、交通运输网络、基础设施建设等合作，欢迎中国企业赴土耳其投资。土方愿就中东局势同中方保持沟通。 会谈后，两国元首共同见证了司法、交通、文化等领域合作文件的签署。 王沪宁、栗战书、杨洁篪等出席上述活动。
20170513,习近平会见匈牙利总理,13日，国家主席习近平在钓鱼台国宾馆会见匈牙利总理欧尔班，宣布两国建立全面战略伙伴关系。 习近平欢迎欧尔班访华并出席“一带一路”国际合作高峰论坛。习近平指出，中匈建交68年来，两国关系始终健康发展。两国建立全面战略伙伴关系反映了双边关系发展现实，为双边合作开辟了广阔空间。双方要以此为契机，推动两国关系不断深入发展。作为全面战略伙伴，双方要坚持相互尊重。要加强“一带一路”倡议同匈方“向东开放”战略深度对接，加强全面合作顶层规划。要继续深挖合作潜力，继续推动匈塞铁路等大项目，拓展金融合作。要加强人文交流，扩大文化、教育、旅游、地方等领域合作。 习近平指出，中方坚定支持欧盟发展。中国－中东欧国家合作提升了中国同中东欧国家整体关系水平。中方愿同匈方一道，不断推进中国－中东欧国家合作和中欧全面战略伙伴关系发展。 欧尔班表示，匈中关系源远流长，匈方愿同中方一道推进匈中全面战略伙伴关系。匈牙利高度评价中国经济社会发展特别是脱贫攻坚取得的成就，认为中国市场经济地位不容置疑。匈方致力于深化同中方在基础设施、农业等领域合作，支持中国－中东欧合作和中欧关系发展。“一带一路”建设对各国都是重要机遇，匈方愿积极参与相关合作。 会见后，双方发表了《中华人民共和国和匈牙利关于建立全面战略伙伴关系的联合声明》。
20170513,习近平会见希腊总理,13日，国家主席习近平在钓鱼台国宾馆会见来华出席“一带一路”国际合作高峰论坛的希腊总理齐普拉斯。 习近平指出，当前，中希传统友好和合作不断焕发出新的生机活力。两国政治互信持续加深，经贸投资、基础设施建设等领域务实合作成果丰硕，人文交流丰富多彩。双方要以中希建交45周年为契机，创造中希全面战略伙伴关系更加美好的未来。中方愿同希方保持高层交往，密切两国政府各部门和各级别交流。双方要推动中希双边贸易均衡发展。中希两国作为东西方文明的重要代表，应该充分发挥深厚的文化底蕴优势，不断释放双方人文合作潜力，充分利用文明古国论坛这一新平台，推动不同文明交流对话。中欧要扩大务实合作，维护自由开放的多边贸易体系，希望希方继续为中欧关系长期健康稳定发展作出积极贡献。 习近平强调，希腊建设重要国际物流中转枢纽战略同“一带一路”倡议相互契合。中希双方应该着力将比雷埃夫斯港打造成地中海地区重要的集装箱中转港、海陆联运桥头堡、国际物流分拨中心，为中欧陆海快线以及“一带一路”建设发挥重要支点作用，带动两国基础设施建设、能源、电信、海洋等领域合作不断走深走实，让两国人民更多获益。　齐普拉斯表示，希腊同中国是两个文明古国，新形势下双方要努力推进经济、投资、金融、能源、农业、新技术等广泛领域务实合作，将比雷埃夫斯港项目发展好。希方很高兴能参与“一带一路”建设合作，认为“一带一路”倡议富有远见，意义重大，有助于亚欧大陆经贸、能源、运输、网络的互联互通。希方愿推动中国－中东欧国家和中欧合作。
20170513,习近平会见巴基斯坦总理,13日，国家主席习近平在钓鱼台国宾馆会见来华出席“一带一路”国际合作高峰论坛的巴基斯坦总理谢里夫。 习近平指出，中方始终把中巴关系置于中国外交优先方向，愿同巴方不断充实中巴全天候战略合作伙伴关系内涵。为推动中巴关系发展，双方要保持高层交往，密切政府、立法机构、政党等各层级交流互访。双方要扎实推进中巴经济走廊建设，稳步推进瓜达尔港及周边配套项目，加快研究走廊沿线产业园区建设规划，加紧完成走廊远景规划，推动并实施好交通基础设施建设、能源、民生等合作项目。双方要加强反恐、安全等领域合作，密切在重大国际和地区事务上的协调配合。中方期待在上海合作组织框架内同巴方深入合作。 谢里夫表示，巴中传统友谊牢固。巴基斯坦国内一致支持深化巴中关系、参加“一带一路”建设合作。巴基斯坦愿意同中国一道，积极推动落实巴中经济走廊各项目，稳步推进瓜达尔港项目等基础设施、能源等领域合作。巴方将继续同中方密切在联合国、上海合作组织等多边框架内协调合作，为国际和地区稳定发展作出努力。
20170513,习近平会见马来西亚总理,13日，国家主席习近平在人民大会堂会见来华出席“一带一路”国际合作高峰论坛的马来西亚总理纳吉布。 习近平指出，中马两国是隔海相望的近邻，更是相互信赖、相互尊重、合作共赢的好朋友、好伙伴。当前，中马关系处于历史最好时期。中方愿同马方规划好两国关系发展蓝图，推动中马全面战略伙伴关系取得更加丰硕的成果。 习近平强调，近年来，两国领导人密切沟通，牢牢把握两国关系发展的战略方向。两国积极对接21世纪海上丝绸之路和马来西亚经济转型计划。双方要继续加强“两国双园”同步建设和互动发展，稳步推进有关工业园、铁路等大项目合作。中方愿同马方加强教育、文化、人员往来和旅游等领域合作，继续深化执法、安全、反恐等合作。马来西亚是古代海上丝绸之路上的重要国家，也是最早响应“一带一路”倡议的沿线国家，更是共建“一带一路”早期收获最丰硕的国家之一。中方愿推动中马两国在“一带一路”建设上取得更多实效。 纳吉布表示，我完全赞同习近平主席所指出的，马中两国不仅是邻居、更是朋友。马方对两国重要合作共识正在得到落实感到高兴，愿继续致力于推动马中关系向更高水平、更深程度、更广范围发展，加强贸易投资、基础设施建设、人文、反恐安全等领域合作。“一带一路”这一历史性的重要倡议将对本地区乃至全世界带来巨大变化。马方愿积极参与相关合作。
20170513,习近平会见西班牙首相,13日，国家主席习近平在人民大会堂会见来华出席“一带一路”国际合作高峰论坛的西班牙首相拉霍伊。 习近平指出，中西两国友好交往历史源远流长。约400年前，双方通过海上丝绸之路在中国、欧洲、拉丁美洲之间建立了频繁贸易往来。近年来，中西务实合作的深度和广度不断拓展，两国互利友好合作面临广阔发展前景。我们愿同西班牙加强两国政府、立法机构、政党交往，增进彼此了解，扩大共识，在涉及彼此核心利益和重大关切问题上相互理解和支持，就国际和地区热点问题开展磋商合作。双方要加强发展战略对接，充分挖掘农业、生物医药、航空航天等领域合作潜力。加强文化交流互鉴，培养更多青年友好使者，推进地方和民间交往。中方坚定支持欧洲一体化进程，希望西班牙在欧盟发挥积极作用，为中欧关系长期健康稳定发展作出积极贡献。 习近平强调，西班牙地理位置有着特殊优势，可以为“一带一路”建设的拓展发挥重要作用。义乌至马德里中欧班列开通运行，成为亚欧大陆互联互通的重要桥梁和“一带一路”建设的早期成果。双方要发挥各自优势，开展多领域务实合作，实现互利共赢。 拉霍伊表示，西中关系正呈现很好的发展势头。两国高层交往密切，经贸合作成果丰硕。西班牙高度评价“一带一路”倡议，相信这将对沿线区域经济、文化交流产生重要影响，也将为西中两国合作提供更广阔的空间。西班牙愿加强同中国在贸易投资、基础设施、人文等领域交流合作，积极推动深化欧中关系。 王沪宁、栗战书、杨洁篪等参加会见。
20170513,习近平主席将出席“一带一路”国际合作高峰论坛开幕式等活动,5月14日上午9点，“一带一路”国际合作高峰论坛开幕式将在北京国家会议中心举行。国家主席习近平将出席开幕式并发表主旨演讲。当晚，习近平主席夫妇将在人民大会堂迎接出席高峰论坛外方代表团团长夫妇并举行欢迎宴会，习主席将在宴会上致辞。之后，还将举行文艺演出。届时，我台综合频道、新闻频道、中文国际频道及中国国际电视台各外语频道、央视网、央视新闻移动网将现场直播。中央人民广播电台、中国国际广播电台也将直播。 开幕式后，将举行“一带一路”国际合作高峰论坛高级别全体会议。国务院副总理张高丽将出席全体会议并作引导性发言。届时，我台新闻频道和中国国际电视台各外语频道等将现场直播。
20170513,李克强举行仪式欢迎匈牙利总理访华,13日上午，国务院总理李克强在北京人民大会堂举行仪式欢迎匈牙利总理欧尔班对我国进行正式访问。 全国政协副主席马飚出席欢迎仪式。 军乐团奏匈、中两国国歌，鸣礼炮19响。 李克强陪同欧尔班检阅了中国人民解放军三军仪仗队。 随后，两国总理共同观看了分列式。
20170513,李克强同匈牙利总理举行会谈,欢迎仪式后，两国总理举行会谈。 李克强表示，中匈传统友谊深厚，政治互信基础牢固，双边关系发展迅速。中方愿同匈方一道，继续坚持相互尊重、平等相待，以两国建立全面战略伙伴关系为新的起点，进一步巩固互信、拓展合作、深化交流，开辟中匈关系更加广阔和光明的前景。 李克强指出，在国际贸易增长低迷的背景下，中匈双边贸易去年实现两位数增长，表明中匈合作基础深厚，潜力巨大。希望双方着重抓好“一带一路”建设和“16+1合作”框架下的重点项目，推动匈塞铁路等大项目合作取得新的实质性进展，促进贸易平衡发展，积极开展三方合作，加强人文交流。 李克强强调，“16+1合作”同中国－欧盟关系的发展相辅相成，相互促进。中方支持匈牙利主办第六次中国－中东欧国家领导人会晤，愿同各方共同努力，使会晤为深化“16+1合作”、促进中欧关系发展注入新的动力。 欧尔班表示，匈中两国传统友好，务实合作进展顺利。匈方愿同中方加强基础设施、金融、农业食品、航运等领域合作，加快推进匈塞铁路建设，开展第三方市场合作，扩大教育交流。匈牙利愿办好今年中国－中东欧国家领导人会晤，进一步推动“16+1合作”取得新成果。 会谈后，两国总理共同见证了中小企业、科技等领域双边合作文件的签署。 当日下午，匈牙利总理欧尔班前往天安门广场，向人民英雄纪念碑敬献了花圈。
20170513,李克强会见老挝国家主席,国务院总理李克强5月13日下午在人民大会堂会见来华出席“一带一路”国际合作高峰论坛的老挝国家主席本扬。 李克强表示，中老传统友谊深厚，两国关系持续深入发展。习近平主席将同你就两党、两国关系发展深入交换意见。我们愿将“一带一路”倡议同老方“变陆锁国为陆联国”战略相衔接，确保中老铁路项目、边境经济合作区等顺利实施。继续加强基础设施建设、资源勘探开发、农业、电力等领域合作。在中国-东盟关系、澜沧江-湄公河合作机制下加强沟通协调，更好造福地区人民。 本扬表示，老中是命运共同体。老方为中国改革开放和经济社会发展巨大成就由衷高兴，赞赏中国在国际和地区事务中发挥的重要作用，愿同中方密切高层交往，深化经贸、投资、基础设施建设等领域合作，加快老中铁路等重大项目建设，促进经济社会发展。
20170513,李克强会见乌兹别克斯坦总统,国务院总理李克强5月13日下午在人民大会堂会见来华进行国事访问并出席“一带一路”国际合作高峰论坛的乌兹别克斯坦总统米尔济约耶夫。 李克强说，中乌关系发展势头良好。昨天，习近平主席同你举行了富有成果的会谈。中方愿同乌方巩固互信，密切各层级交往，加强各领域合作，切实造福两国人民。 李克强表示，欢迎乌方更多引进性价比较高、符合环保要求的中国装备，助力乌工业化进程。中方愿扩大从乌方进口有竞争力的产品。两国还可以增进中小企业间的合作，更好实现互利共赢。 米尔济约耶夫表示，乌中关系日益密切。乌方对两国合作前景充满期待，愿借鉴中方发展经验，加强交通基础设施、能源矿产、水利等广泛领域合作，推进装备、产能、工业园区等合作，将乌中友好合作提高到新的水平。
20170513,张德江会见智利总统,全国人大常委会委员长张德江13日在人民大会堂会见了智利总统巴切莱特。 张德江说，中智虽然相距遥远，但始终真诚相待，两国关系走在中拉关系前列。去年习近平主席对智利进行国事访问，两国建立全面战略伙伴关系。双方应共同努力，积极落实两国元首达成的重要共识，深化战略互信，促进务实合作，更好造福两国和两国人民。中国全国人大高度重视发展同智利议会的友好关系，愿加强密切交往，开展治国理政等方面的经验交流，提供务实合作的法律保障和政策支持，为中智关系发展增添新的内容、注入新的活力。 巴切莱特表示，智方愿深化同中方在政治、经济、共建“一带一路”等各领域合作，加强两国立法机关战略对话沟通，不断提升双边关系水平。 王晨参加会见。 当天上午，智利总统巴切莱特前往天安门广场，向人民英雄纪念碑敬献花圈。
20170513,张德江会见乌兹别克斯坦总统,全国人大常委会委员长张德江13日在人民大会堂会见了乌兹别克斯坦总统米尔济约耶夫。 张德江说，中乌友好源远流长，伟大的丝绸之路是两国人民友谊的见证。昨天习近平主席同你举行了坦诚深入的会谈，达成许多重要共识，对引领新时期中乌关系发展具有里程碑意义。今年是中乌建交25周年，中国全国人大愿以此为契机，与乌立法机关一道，开展治国理政经验交流，推动共建“一带一路”合作，为便利人员往来、改善投资环境提供法律和制度保障，为落实两国元首达成的重要共识、推动中乌全面战略伙伴关系发展作出不懈努力。 米尔济约耶夫表示，乌中建交25年来，两国关系取得长足发展。乌方愿同中方加强互联互通，深化立法机关交流，为两国关系健康发展提供助力。 王晨参加会见。 当天下午，乌兹别克斯坦总统米尔济约耶夫前往天安门广场，向人民英雄纪念碑敬献花圈。
20170513,王岐山会见老挝人民革命党中央总书记 国家主席,中共中央政治局常委、中央纪委书记王岐山13日在钓鱼台国宾馆会见老挝人民革命党中央总书记、国家主席本扬。 王岐山对本扬来华出席“一带一路”国际合作高峰论坛并访问表示欢迎。他说，习近平总书记与您多次会见，就深化中老全面战略合作达成重要共识，为两党两国关系发展规划了蓝图、指明了方向。中老两党理想信念相通、发展道路相近、前途命运相关，全面从严治党是两党面临的共同课题，希望双方深化党的建设和治国理政经验交流，通过“一带一路”建设对接发展战略，提高务实合作水平，携手打造牢不可破的中老命运共同体。 本扬表示，愿同中方深化各领域交流合作，促进两党两国关系持续健康稳定发展。
20170513,【复兴丝路】共建共赢 协调发展,加强基础设施建设，开展国际产能和装备制造合作是共建“一带一路”的优先合作方向。中国与沿线国家一道补齐短板，共同铺就协调、可持续的发展快车道。 眼下，巴基斯坦瓜达尔港正迎来一家银行的入驻。对于这个总人口不到10万的港口小城来说，像这样的变化几乎每天都在发生。 作为共建“一带一路”的旗舰项目，中巴经济走廊建设不仅让瓜达尔港重现生机，伴随机场、公路、医院、学校等基础设施不断建设完工，也给小城里的居民带来了新憧憬。 根据亚洲开发银行测算，仅亚洲地区每年基础施投资需求高达7300亿美元，而亚洲开发银行和世界银行每年只能满足300亿美元，由中国发起成立的亚投行正在逐渐弥补这个缺口。今年，亚投行成员总规模达到70个，已经成为全球第二大多边开发机构。 “一带一路”倡议提速基础设施互联互通的同时，也让中国的优势产能和装备大踏步地走出去。这家中国企业正在同时为伊朗、马来西亚和阿尔及利亚等五个国家赶制大型液压压路机。从年出口100台，到现在一个订单就卖100台，短短三年多，企业的出口量就提高了三倍。 国家信息中心分析发现，印度尼西亚、巴基斯坦、俄罗斯、伊朗最希望通过国际产能合作改善本国的基础设施。互联互通、产能合作领域的务实合作，正在推动中国和沿线国家实现共同发展。
20170513,央视大小屏融合报道高峰论坛盛况,即将召开的“一带一路”国际合作高峰论坛，吸引了全世界的目光。央视开启大小屏融合报道模式，着力增强“一带一路”新闻报道的新闻性、针对性，通过融媒体报道，把论坛盛况第一时间传递给世界。 外国元首抵达、高峰论坛的最新消息，“一带一路”合作成果，这两天，您所关心的问题，都在央视新闻频道推出的特别节目《丝路》中。论坛期间，中央电视台将对重要活动进行多平台、全方位、多角度直播和新闻报道。 央视新闻移动网持续推出《一带一路正直播》，并在央视新闻三微一端同步播出，除了全程直播论坛重要活动，还将深入现场呈现更多探秘和花絮；同时，调动全球记者接力报道，在一带一路框架下，沿线国家与中国合作的成果和期待。截至目前，“央视新闻”各平台发起一带一路主题的移动直播47场，触达人数8000万。 国之交在于民相亲，民相亲的关键是青年人的交流。结合青年注重参与的网络观看习惯，央视大小屏着力加强节目的互动性。在《一带一路高端说》中，网友们的提问被与会国家领导人一一解答。 融媒体海采节目《丝路青年说》，从音乐、时尚、运动、消费等角度切入，讲述在中国生活的外国人“爱上中国的N个理由”，表达了一带一路你中有我、我中有你的切身感受。微视频播放量超过450万。 论坛召开前夕，央视新闻移动网“筑梦新丝路”H5页面也正式上线，结合世界地图，给用户带来“一带一路”海量报道。截至5月11日，相关报道的总阅读量超过4亿。  针对不同国家不同受众的期待，央视全频道精心设计，外语频道针对不同文化背景的受众，推出不同类型的节目。俄语频道《欧亚新闻联播》联手境外合作媒体推出系列节目，展现中国与俄语国家在促进五通方面取得的成绩。英语频道重点打造“一带一路 链接未来”特别节目。
20170513,人民日报综述：把一带一路铺进沿线民众心中——写在一带一路国际合作高峰论坛开幕之际,明天出版的人民日报将发表长篇综述，题目是《把一带一路铺进沿线民众心中——写在一带一路国际合作高峰论坛开幕之际》。
20170513,国内联播快讯,全球电力互联互通五个协议签署 今天，全球能源互联网发展合作组织分别与联合国经社部、联合国亚太经社会、非盟、阿盟、海合会等5家国际组织在北京签署合作协议，在互联电网规划、基础研究、政策协同、项目推进、信息共享等方面深化务实合作，共同推动全球能源互联网发展和“一带一路”建设。 中欧班列今年开行突破千列 今天 ，X8024次中欧班列，满载小商品、服装等货物从义乌开出，前往马德里。这是2017年开行的第1000列中欧班列。截至目前，中欧班列已经开行线路51条，到达欧洲11个国家、29个城市。 “渝桂新”首趟试运行班列驶抵北部湾 5月12日，“渝桂新”国际联运通道首趟试运行班列满载货物，经过近48小时行程，从重庆抵达位于广西北部湾的钦州港，再通过海运运往新加坡。这条新通道，对带动“一带一路”建设，助推贸易及铁路运输发展具有重要意义。 “一带一路”救助蒙古国患儿计划启动 中国红十字会今天启动“一带一路”大病患儿人道救助计划蒙古国行动，在先期筛查的基础上，对符合救助条件的先心病患儿分批次接至国内医院实施手术治疗。 “丝路书香工程”实施三年初见成效 由国家新闻出版广电总局启动的“丝路书香工程”实施三年来，与沿线16个国家和地区签订了互译出版协议，翻译出版了近百种优秀图书。其中，“中阿典籍互译出版工程”已经完成23部图书的翻译，从事中阿互译的外籍翻译已从过去的不足十人增加到近百人；在阿拉伯国家开设的阿语数字阅读平台上已有将近4000种图书供读者阅读。 《出彩中国人》第三季今晚首播 大型励志真人秀节目《出彩中国人》第三季今晚八点在我台综合频道开始播出，本季赛制升级，分为歌曲类、儿童类、综合类、舞蹈类四大板块，灯光舞美也更别具一格。 南方新一轮强降雨明后天来袭 昨天中午，云南西双版纳勐混镇出现罕见龙卷风天气，这是当地群众当时拍到的视频。记者从中央气象台获悉，今天南方的降雨短暂停歇，但明后两天新一轮强降雨将再度来袭。
20170513,【一带一路·合作共赢】多国政要：“一带一路”带来巨大机遇,来华出席“一带一路”国际合作高峰论坛的多国政要近日在接受央视记者采访时表示，“一带一路”倡议为相关国家带来巨大机遇。 意大利总理真蒂洛尼来华前表示，“一带一路”倡议给意大利基础设施建设、经济发展带来机遇，为意中两国在文化、足球等领域加强合作创造更多机会，同时也拓宽了意中两国联手开发第三方市场的可能性。 土耳其总统埃尔多安启程前在安卡拉国际机场举行新闻发布会，埃尔多安说，中国提出的“一带一路”倡议非常重要，为相关国家的投资、贸易、能源和基础设施建设提供了全面方案。土耳其是衔接欧亚大陆的地理与文化桥梁，期待在“一带一路”倡议中发挥更大作用。 位于南太平洋的斐济近年来与中国合作增加。斐济总理姆拜尼马拉马表示，希望能在论坛期间了解“一带一路”的更多信息，寻求更多合作。
20170513,【一带一路·合作共赢】比雷埃夫斯港：“一带一路”的耀眼明珠,希腊最大的港口比雷埃夫斯港地理位置优越，同时也是“21世纪海上丝绸之路”西端的重要枢纽。经过中国远洋海运集团与希腊方面的共同努力，目前，比雷埃夫斯港正在成为“一带一路”上的一颗耀眼明珠，焕发出勃勃生机。 比雷埃夫斯，希腊语意为“扼守通道之地”，其得天独厚的地理位置由此可见。不过由于希腊债务危机和海运市场低迷，在2010年中远海运比雷埃夫斯集装箱码头有限公司接管比港二、三号集装箱码头时，这里完全是一副百废待兴的状态。 在中方管理团队的努力下，2016年，比雷埃夫斯港集装箱操作量从2010年的88万标准箱增加到了374万标准箱，港口全球排名也从第93位提高到了第38位。 不俗的业绩，增强了希腊人与中方合作的信心，2016年4月，中国远洋海运集团收购比港港务局67%的股权。当年8月，集团旗下中远海运比港开始接管比雷埃夫斯港务局的经营。目前，中远海运正在比雷埃夫斯港启动6大板块20多个项目的升级与改造。集团在希腊直接提供和创造了2600多个就业岗位，间接提供和创造的就业岗位超过8000个。 “21世纪海上丝绸之路”架起了中国与欧洲的贸易通道，而中远海运还通过将比港与“中欧陆海快线”相连，实现海铁联运，让海运集装箱抵达希腊比港之后，通过铁路抵达中东欧国家，为中欧陆海快线以及“一带一路”建设发挥重要支点作用。
20170513,国际联播快讯,全球近百个国家和地区遭网络攻击 全球近百个国家和地区12日遭受到一种勒索软件的攻击。有网络安全公司表示，目前全球多地至少发生了约七万五千起此类网络攻击事件。多名网络专家表示，本次攻击所使用的软件可能是此前遭窃的、由美国国家安全局开发的网络武器。 去年8月，一个黑客组织通过社交平台称，已攻入美国国家安全局的网络“武器库”，并泄露了其中部分黑客工具和数据。 苏丹组建民族和解政府 在经过长期对话后，苏丹民族和解政府11日宣布成立，12日，新政府内阁成员正式宣誓就职。 苏丹总统巴希尔2014年1月倡议发起全国对话，邀请反对党和反政府武装加入，希望通过谈判的方式解决一系列政治问题。在非盟和国际社会不断努力下，最终有100多个政党和武装团体加入对话。由于参与全国对话的各方存在分歧，政府组建进程被屡次推迟。 巴西总统表示巴经济已走出衰退 巴西总统特梅尔12日表示，过去一年巴西经济表现良好，经济衰退已经结束，巴西经济已重回增长轨道。 据巴西地理统计局数据，巴西经济连续两年衰退。今年以来，随着巴西政治环境趋于稳定，政府改革措施效果显现，巴西经济逐步复苏。据国际货币基金组织最新预测，巴西经济今年有望实现0.2%的增长。 空间站迎来第200次太空行走 12日，两名美国宇航员进行了大约4个小时的太空行走，对国际空间站进行维护。这也是国际空间站自1998年开始建设后的第200次太空行走。本次太空行走原计划耗时6个半小时，但由于在出舱准备阶段，一名宇航员用以供电供氧的软管出现漏水故障，任务时间被迫缩短。尽管时间被压缩，但两名宇航员完成了更换电子设备箱等所有任务。
