date,title,content
20170215,【扑下身子 狠抓落实】四川：脱贫攻坚 真抓实干,习近平总书记指出，党政主要负责同志是抓改革的关键，要把改革放在更加突出位置来抓，不仅亲自抓、带头干，还要勇于挑最重的担子、啃最硬的骨头，扑下身子，狠抓落实。今天，四川省委在1号文件的新闻发布会上提出：当地头等大事就是脱贫攻坚力度不减，要求各级党员干部必须深入脱贫一线，真抓实干，毫不松懈打赢脱贫攻坚战。 这是春节前四川渠县召开的一次扶贫座谈会，参会的是46个贫困村的第一书记。从2015年4月份开始，渠县陆续派出130多名党员干部驻村扶贫，两年任期就要到了，完成脱贫任务进入关键阶段。 刚过完年，金土村第一书记黄小军就带着村民，栽种蜂糖李。现在500多亩的李子地已初具规模，但一年半前黄小军刚从县农办下来时，这里还是一片荒地。 为给村里引进一项脱贫产业，黄小军先后找了五六家公司谈合作，结果都因为基础设施太落后被对方拒绝。为此，黄小军带领着村干部和村民，平整土地，修路引水，终于一家大型水果公司向他们伸出了橄榄枝。如今，村民不仅能以土地流转或入股的形式分红，还可以通过为企业打工增加收入。 目前，四川省已经在11501个贫困村全部选派了第一书记，重点解决贫困地区群众最紧迫、最急需的住房安全、产业增收、教育扶贫、医疗救助等实际困难。 在秦巴老区，在乌蒙山区、在高原藏区，春节一过，各地的驻村第一书记就已经忙开了。 在北川东部的紫霞村，针对枣树今年开春后遇到的病虫害，第一书记黄媛媛正与村民商量解决方案。 一边请来了农技员，一边黄媛媛启用第一书记的工作经费，先垫资解决买农药的钱。 今年，四川计划完成16个贫困县摘帽、3700个贫困村退出、105.1万贫困人口脱贫的目标任务。 扶贫攻坚是硬骨头，领导干部更要亲力亲为。2月9日，四川省委省政府发出一份标示为“特急”的文件，要求38位省领导分赴联系指导的21个市州和24个片区贫困县开展专项督导，集中精力从开年就把脱贫攻坚抓紧抓实。
20170215,人民日报评论员文章：维护党中央权威 向党中央看齐——二论学习贯彻习近平总书记在省部级专题研讨班上重要讲话,今天出版的人民日报发表评论员文章《维护党中央权威 向党中央看齐——二论学习贯彻习近平总书记在省部级专题研讨班上重要讲话》。 文章指出，维护党中央权威，是贯彻落实十八届六中全会精神、贯彻执行《准则》《条例》的重要要求。全党只有党中央权威、只有向党中央看齐。每一个党的组织、每一名党员干部，无论处在哪个领域、哪个层级、哪个部门和单位，都要服从党中央集中统一领导，做到党中央提倡的坚决响应、党中央决定的坚决执行、党中央禁止的坚决不做。
20170215,张德江与莫桑比克议长举行会谈,全国人大常委会委员长张德江15日与莫桑比克共和国议长马卡莫举行会谈。 张德江说，中国和莫桑比克是风雨同舟、患难与共的好朋友、好伙伴、好兄弟。去年5月，习近平主席同纽西总统共同宣布，将中莫关系提升至全面战略合作伙伴关系新高度，规划了合作发展的宏伟蓝图。中方愿秉承真实亲诚对非合作理念和正确义利观，与莫方一道，推动落实两国元首达成的重要共识，为中莫关系发展注入强劲动力。 张德江说，推动落实元首共识、促进合作持续发展，是中国全国人大与莫桑比克共和国议会的共同任务。今天的会谈和共同签署的两国立法机关加强合作的谅解备忘录，将进一步明确双方合作的方向。一是深化政治互信。要继续在涉及彼此核心利益和重大关切问题上坚定相互支持，密切在多边场合的沟通协调，维护共同利益。二是加强治国理政经验交流。要开展多层次、多渠道交流合作，就法制建设、改善民生、经济发展等方面深入交流，相互借鉴。三是营造互利合作的良好环境。双方要为两国企业开展合作积极创造更加有利的法律、政策、社会环境，为吸引中国企业在莫桑比克投资兴业创造更加有利的条件。四是促进民间和地方友好往来，积极为交流合作牵线搭桥，不断巩固两国友好的民意和社会基础。 马卡莫说，莫桑比克议会愿加强与中国全国人大的友好往来，为莫中传统友谊的发展作出新贡献。 张德江和马卡莫还共同出席了《中华人民共和国全国人民代表大会与莫桑比克共和国议会合作谅解备忘录》签字仪式。 王晨参加上述活动。
20170215,法国总理将访华,应国务院总理李克强邀请，法兰西共和国总理贝尔纳·卡泽纳夫将于2月21日至23日对我国进行正式访问。
20170215,2017年中国经济开局良好,在世界经济艰难复苏、国内长期积累的深层次矛盾凸显的大背景下，今年以来，我国经济保持了稳中有进、稳中向好的发展态势，重点改革和重大政策效果不断显现，2017年中国经济开局良好。 中国人民银行发布的最新数据显示，2017年1月末，随着经济筑底企稳，企业部门信贷需求旺盛，在新增贷款中占比提升到76.8%，比上月末提高了29.16个百分点。 实体经济稳中趋好还体现在制造业采购经理指数PMI的变化上。1月份，制造业PMI为51.3%，连续4个月保持在51.0%以上，是2012年以来同期高点。中国经济“稳”的背后，是“进”的有力。 供给侧结构性改革有力有序推进。“三去一降一补”重点任务完成情况较好。钢铁、煤炭去产能的年度任务超额完成，商品房库存水平持续下降，市场化债转股和企业兼并重组有序推进，实体经济成本有所下降，重点领域补短板工作取得积极成效。1000万以上农村贫困人口实现脱贫，完成249万人易地扶贫搬迁、600万套棚户区改造任务，社会保障和救助覆盖范围进一步扩大，各项社会事业加快发展。 经济结构不断优化的同时，市场主体活力进一步激发。中央政府层面核准的企业投资项目削减了90%，市场形成的商品和服务价格比例已经超过97%。深化商事制度改革，实施“五证合一”“一照一码”，开展证照分离的改革试点，全面推开“双随机、一公开”的监管，激发了微观主体活力，优化了市场营商环境。2016年平均每天新设企业达到1.5万户，比2015年多增3000户，活跃度始终保持在70%左右。 改革开放实现新的突破。一批国际产能合作和重大标志性工程落地。国企、投融资、价格等重点领域改革积极推进，盐业体制改革、国有林场林区改革、新型城镇化、生态文明体制改革、社会事业公共服务体制等改革措施陆续出台。
20170215,我国将投1.7万亿元用于土地整治,记者今天从国土资源部了解到，我国将大力推进农用地整理和高标准农田建设，夯实农业现代化基础。“十三五”期间，我国将通过土地整治建成2.3～3.1亿亩旱涝保收的高标准农田。同时，将原来单一以耕地质量数量为主的土地整治政策向推动新型城镇化和新农村建设综合治理平台发力。促进美丽宜居乡村建设和新型城镇化发展，通过土地整治优化城乡建设用地布局，在控制农村建设用地总量、不占用基本农田前提下，利用整治节约的建设用地，积极支持农村新产业新业态发展。 按计划，“十三五”期间我国中央和地方各级财政，以及社会资本等将计划累计投入土地整治1.7万亿元。在“十二五”已建成4亿亩高标准农田的基础上再建4亿亩，力争建成6亿亩高标准农田，使我国基本农田数量达到8到10亿亩，粮食安全和粮食自给能力得到大幅提升。
20170215,围绕真情大义 做走基层大文章,鸡年春节，万家团圆，中央和地方主要新闻单位的记者编辑们踏上新春走基层的采访征程，进社区、访农家、入企业，感受着节日的欢乐与祥和，记录下社会的进步与变迁。 人民日报精心策划“新春走基层”报道活动，累计刊发文字、图片近300篇，“春节返乡记”等系列报道为读者呈现了一个热气腾腾、正在发生深刻变化的中国。 新华社春节期间共播发“新春走基层”文字、图片、新媒体等各类稿件4000多条，传递游子对家乡的牵挂与思念，用一个个生动的故事，触及人们心底最柔软的角落。 以人民为中心，让百姓唱主角。中央电视台新闻中心400多名记者奔赴各地，把镜头对准百姓、对准家庭、对准亲情，不仅走入基层生活更走入心里，播发报道100多条，总时长超过17小时。《厉害了我的国》把镜头放在基层，把屏幕让给百姓，由老百姓自己拍、自己说，为表现“家是最小的国、国是最大的家”的家国情怀找到日常语态的全新表达。 中央人民广播电台推出春运特别策划《温暖回家路》，解放军报开展“新春走军营”，光明日报、经济日报等中央媒体，以及各地方媒体结合自身特点，走进田间地头、企业厂房、边疆军营，采写了一批有思想、有温度、有品质的作品，也让记者们在基层获得了锻炼和成长。
20170215,“两学一做” 重在实效,北京、云南在“两学一做”学习教育中，针对各自地区的实际，开展不同主题的党建活动，既增强了党组织的凝聚力，也推动了企业发展、农民致富。 非公有制企业党建一直面临不少难题，为了让那些自己拿着组织关系、无奈当起了所谓“口袋党员”的“流动党员”找到组织，位于北京亦庄的北京经济技术开发区，开始了摸“家底”的党建覆盖“织网”行动，在全区吹响了党员集结号。 摸清了党员“家底”，北京经济技术开发区迅速建立起223个基层党组织，非公企业党组织覆盖率达到了89%。有了组织保障，开发区有针对性地推出了阵地学、指尖学、流动学、创新学 “四学”模式，不少企业还结合企业生产经营开展学习交流，并组织基层党支部和党员开展产业扶贫、招工扶贫、创业扶贫和金融扶贫，实现了企业发展强、党建强的“双赢”。 在“两学一做”学习教育中，云南省调动党员积极性，探索党建带扶贫的新路子。 云南省云龙县的哨上村，地处偏远山区，经济落后，村里的56户贫困户常年领取政府低保。去年，村民尹月林从入股的中药材合作社获得分红23万元。 村民们的满意，缘于云龙县的“党支部+合作社+党员示范户+贫困户”的扶贫新模式，他们把发展村级集体经济纳入村干部培训和考核内容，先后培训5700多名村干部，34个贫困户在这种模式的帮扶下实现脱贫。 2016年，云南选派驻村扶贫工作队员37379名，在全省5256个村实施了惠农计划。
20170215,甘肃：棚膜经济助力农业发展,甘肃发展棚膜经济，打造特色产业。当地反季节生产作物已经达到上百个品种，带动农民增收致富。 早春二月，甘肃中部山区的日光棚里，温度已经达到30℃。这个月，林家坪村的仙客来、非洲菊产销两旺，村里的专业合作社打算扩大规模。 甘肃冬季雨雪少、光照充足，适合发展棚膜经济。在河西走廊，整齐排列的设施大棚，已经成为农业示范园中的亮丽风景。为了帮助种植户科学管理，提高产量，农技人员驻村入户，开展特色作物栽培和温室技术指导。 甘肃通过强龙头、补链条、带农民的方式，打造特色产业。今年地方特色产业种植面积达到3300多万亩，新增了食用菌、黄花菜、百合、小杂粮等种类，预计全省休闲农业经营总收入将超过28亿元。
20170215,国内联播快讯,"我国高新技术产业化实现众多新突破 记者今天从科技部获悉，2016年，我国高新技术发展及产业化实现众多新突破。146家国家高新区2016营业收入预计达28.3万亿元，同比增长11.5%；新能源汽车、LED照明等战略性新兴产业增长点加速形成。 国家""万人计划""教学名师遴选启动 2017年国家“万人计划”教学名师遴选通知日前下发，今年共将遴选200名国家“万人计划”教学名师。其中高等学校教师占60%左右，中等以下学校教师占40%左右。对于入选者，国家将给予每人50万元支持经费。 春运返程客流继续维持高位运行 今天全国铁路预计发送旅客910万人次，继续维持高位运行。2月14日，全国铁路、道路、水路、民航共发送旅客7878.3万人次，比去年同期增长1.84%。 中国海军舰艇完成多国海上联合演习 当地时间2月14日，为期四天的“和平-17”多国海上联合演习在巴基斯坦闭幕，中国海军参演编队三艘舰艇圆满完成了对空防御、联合海上封锁等演习课目，并在巴基斯坦卡拉奇南部海域参加海上阅舰式。 北京：国I国Ⅱ车今起工作日禁入五环 今天起，近50万辆在北京上路行驶的国I国Ⅱ老旧车，工作日将禁止进入五环路内行驶，不含五环路。违规上路的车主将会被罚款100元，每4小时计罚一次。"
20170215,北约与俄罗斯继续军事角力,作为北约在欧洲地区加强军力部署计划的一部分，美国从13号开始在罗马尼亚的一个空军基地进行军事部署，而俄罗斯西部军区从14号开始进行突击战备检查。 当地时间13号、14号，一批美军坦克被运抵罗马尼亚南部的米哈伊尔-科格尔尼恰努空军基地进行部署。除此之外，还将有500名美军士兵驻扎在这一基地。这是北约为应对2014年爆发的乌克兰危机实施的“大西洋决心行动”的一部分，意在加强北约在波罗的海以及中东欧地区的军事存在。 面对北约在欧洲，尤其是邻近俄边境地区不断增加兵力部署，俄罗斯西部军区下属各部队14号也开始进行突击战备检查，西部军区各军事管理机构、步兵、炮兵、导弹部队、空军力量、后勤保障部门及列宁格勒海军基地都进入最高战备状态。此前，俄国防部也对俄空天军进行了突击战备检查。 俄罗斯方面强调，美国及北约的相关做法严重损害了欧洲现有安全架构，将给欧洲和大西洋地区带来长期破坏性后果。 另据报道，北约秘书长斯托尔滕贝格14号在布鲁塞尔表示，北约在处理对俄关系时，应采取双轨制，在保持强有力防御的同时与俄罗斯对话。斯托尔滕贝格称，希望通过近期与俄罗斯外长拉夫罗夫的会谈，缓解北约与俄罗斯的紧张气氛。
20170215,美总统国安顾问辞职事件发酵,针对美国总统国家安全事务助理弗林因私下与俄大使讨论美对俄制裁问题辞职一事，白宫方面14号澄清说，弗林与俄大使的通话并非总统特朗普授意。 美国白宫发言人斯派塞14号说，美国司法部1月26号向特朗普汇报了弗林私下与俄官员通话一事，经过调查与评估，特朗普作出了要求弗林辞职的决定。斯派塞否认弗林是受到了特朗普的授意。 14号，多名美国民主党议员要求国会介入调查弗林与俄罗斯大使通电话一事，举行相关听证会。而共和党内部对弗林也有不满之声。美国资深参议员、共和党人麦凯恩14号也表示，弗林一事让人质疑特朗普政府的对俄政策，他要求调查特朗普政府与俄罗斯的关系。 此外，美国有线电视新闻网CNN、纽约时报等美国媒体还爆料称，与特朗普关系亲密的多名高级别顾问在竞选期间就与俄罗斯情报人员接触频繁，其中就包括弗林及特朗普的前竞选经理保罗·马纳福特。报道还称，目前还没有证据表明这些人串通俄罗斯干扰了美国大选。 对于弗林辞职等事件，俄罗斯总统新闻秘书佩斯科夫14号说，克里姆林宫不想作任何评论。而俄罗斯媒体则评论说，事件更像是提前计划好的政治栽赃。弗林辞职可能只是打击特朗普政府中亲俄派的开始，不排除有更多类似事件发生。
20170215,印度成功发射“一箭104星”,印度今天成功发射了一颗搭载104颗卫星的极地卫星运载火箭，104颗卫星全部进入预定轨道，打破了俄罗斯在2014年一次性将37颗卫星送入太空的纪录。 这104颗卫星中，除3颗以外，其他均来自印度以外国家。最主要的一颗卫星是来自印度本土的地球观测卫星，重达714公斤。其余103颗卫星总重664公斤，均为纳米卫星。 目前全球有美国、俄罗斯、中国、印度、日本等国以及欧洲航天局掌握“一箭多星”发射技术。“一箭多星”发射技术能充分发挥运载火箭的运载能力，降低卫星发射成本。
20170215,国际联播快讯,土总理：叙反对派已控制巴卜大部 土耳其总理耶尔德勒姆14号宣布，土耳其支持的叙利亚反对派已经从极端组织手中夺回叙利亚重镇巴卜的大部分地区。巴卜位于叙利亚阿勒颇省东北部，距离土耳其边境仅三十公里。 去年8月，土耳其发动代号为“幼发拉底盾牌”的军事行动，越境进入叙利亚北部，与叙反政府武装合作打击极端组织，试图把极端组织势力逐出叙土边境地区，同时防止叙北部库尔德人势力坐大。 巴西向里约增派9000军人维持治安 巴西国防部长容曼14号宣布，将向里约州派遣9000名军人协助维持治安。容曼还强调说，巴西全国的警察系统仍在政府掌控之中，圣埃斯皮里图州出现的骚乱是个案。 近期，由于圣埃斯皮里图州军警家属围堵警察机构要求为军警加薪，大批军警没有上街执勤，该州出现多起暴力事件。相邻的里约州也出现了军警家属示威事件。里约狂欢节将于25号开幕，里约州治安面临压力。里约州政府随即提出要求，希望军队增援。 东芝遭遇巨额亏损 或资不抵债 14号，日本东芝公司发布业绩预期，预计2016财年前三季度将就美国核电业务计提7125亿日元，约合431亿元人民币的亏损。截至去年12月底，公司估计已经出现资不抵债的境地。为填补亏空，东芝公司表示将加紧出售半导体业务。日本东芝公司董事长志贺重范15号引咎辞职。 东芝2015年通过美国核能子公司西屋电气收购一家核电建设公司时，严重高估价格，造成了巨额亏损。 美大坝险情缓解 撤离民众获准返家 14号，在进行紧急修复后，美国加州奥罗维尔大坝因泄洪道出现缺口带来的险情暂时缓解，当地政府将居民强制撤离的禁令降级为疏散警告，大批当地居民陆续返回家中。 此外，据美国媒体报道，早在2005年就有环保组织披露，奥罗维尔大坝泄洪道存在设计漏洞。 更轻外骨骼助截瘫者“重获新生” 对截瘫患者来说，外骨骼设备能帮助他们再一次站立行走，但传统的外骨骼设备重量都相对比较大。而最近，因伤瘫痪10年的杂技演员西尔克·潘就在一个瑞士研发团队的帮助下佩戴上了一套重量较轻的外骨骼设备。这套设备的重量只有14公斤。在它的帮助下，西尔克·潘可以像普通人一样站立、行走、拐弯甚至爬楼梯。研发者说，这套装备上的电动发动机一次充电可以使用三个小时。 法国：“巧手”机器人 工人好帮手 近日，法国一家研究机构推出了一款新型机器人，这款人形机器人不仅力气大可以运送重物，还有着一双“巧手”，可以完成拧螺母等细致工作。机器人全身上下拥有32个独立关节，拥有出色的平衡能力，在展示中，机器人顺利完成了爬楼梯的任务。研究人员说，未来，这款机器人可以配备在工厂，协助工人完成任务。
