date,title,content
20170609,习近平会见俄罗斯总统,当地时间8日，国家主席习近平在阿斯塔纳会见俄罗斯总统普京。 习近平指出，不久前，我同普京总统在“一带一路”国际合作高峰论坛期间举行会晤，达成保持中俄全面战略协作伙伴关系高水平运行、加强两国全方位合作的重要共识。在当前复杂多变的国际形势下，中俄关系发展得好，对中俄各自发展振兴、对世界和平稳定都至关重要。双方要加大在涉及彼此核心利益问题上的相互支持，推动“一带一路”建设同欧亚经济联盟对接取得更多实际成果，深化人文交流和民心相通，密切在国际和地区事务中的协调和配合。 习近平强调，上海合作组织正面临新的发展机遇和挑战。中俄两国应该加强沟通和协调，坚定遵循“上海精神”，巩固成员国团结协作，维护地区安全稳定，加大务实合作力度，不断提升上海合作组织在国际和地区事务中的影响力，更多发挥上海合作组织在阿富汗国内和平与和解进程中的作用。中方将在阿斯塔纳峰会后接任上海合作组织轮值主席国，愿同包括俄方在内的各方保持密切沟通和协调，全面深化上海合作组织各领域合作，共同推动上海合作组织实现新一轮发展。 普京表示，俄中保持密切高层交往十分重要。面对当前复杂的国际形势，俄中要加强沟通协调，维护世界和地区和平、稳定、安全。俄中要同有关各方共同努力，增进上海合作组织成员团结协作，推动本组织在国际事务中发挥更大影响。普京再次祝贺中国成功举办“一带一路”国际合作高峰论坛，表示“一带一路”倡议具有重要的现实意义，也赢得了国际社会广泛支持。 两国元首还就阿富汗、朝鲜半岛形势等共同关心的国际和地区问题交换看法。 王沪宁、栗战书、杨洁篪等参加会见。
20170609,习近平会见塔吉克斯坦总统,当地时间9日，国家主席习近平在阿斯塔纳会见塔吉克斯坦总统拉赫蒙。 习近平指出，中塔是亲密无间的友好邻邦和高度互信的战略伙伴。两国高层交往密切，经贸、农业、基础设施建设、能源、安全等领域合作成果丰硕，在联合国和上海合作组织框架内紧密协作。当前，中塔共建“一带一路”合作取得重要成果，下一步要推动合作向高端、创新、多元方向迈进。双方要加强经济政策协调和发展战略对接，推动互联互通建设取得新进展，加强产能和装备制造合作，深化救灾合作，促进贸易和投资自由化、便利化，加强防务和执法安全合作。中方愿同塔方一道，以两国建交25周年为契机，弘扬睦邻友好精神，加强战略协作，深化互利合作，推动中塔战略伙伴关系向更高水平迈进。 拉赫蒙表示，塔中是好邻居、好朋友、好伙伴。塔方珍视塔中友谊，重视中方在国际事务中的重要作用，致力于深化塔中战略伙伴关系。建交25年来，塔中政治上高度互信，经贸、科技、人文等领域合作富有成果。塔国家发展战略同中方发起的历史性的“一带一路”倡议高度契合。塔方愿将自身发展同“一带一路”建设对接，加强在互联互通、电力、农业、安全等领域合作。
20170609,习近平会见西班牙国王,当地时间9日，国家主席习近平在阿斯塔纳会见西班牙国王费利佩六世。 习近平指出，中方高度重视中西关系，赞赏西班牙王室长期以来始终坚定支持和积极推动发展对华关系。我们愿同西班牙一道，将两国全面战略伙伴关系提升到更高水平，更好造福两国人民。双方要密切高层交往，坚定支持彼此核心利益和重大关切。要加强发展战略对接，深化金融、电信、可再生能源、农业、生物医药、航空航天等领域合作。要加强人文交流，推进地方和民间交往，扩大教育、旅游、体育等领域合作。要就国际和地区热点问题保持磋商和合作，推动经济全球化朝着更加开放、包容、普惠、均衡方向发展。中方欢迎西班牙积极参与“一带一路”建设，共同用好用足中国义乌至马德里中欧班列。中方坚定支持欧洲一体化进程，双方要积极打造和平、增长、改革、文明四大伙伴关系。希望西班牙继续在欧盟内发挥积极作用，为中欧关系长期健康稳定发展作出积极贡献。 费利佩六世表示，西中友谊历史悠久，双方在相互尊重基础上推进经贸、政治、文化交流合作取得积极成果。西方愿同中方共同努力，巩固两国政治互信、密切高层交往、深化各领域务实合作。中方发起的“一带一路”倡议将对促进全球经济产生重要推动作用。西班牙愿积极参与“一带一路”框架下基础设施、能源等领域合作。
20170609,习近平会见印度总理,当地时间9日，国家主席习近平在阿斯塔纳会见印度总理莫迪。 习近平指出，当前，国际形势正在发生深刻复杂变化。中印作为世界上最大的两个发展中国家，应该更多聚焦合作、结伴前行，为各自国家发展提供助力，为维护世界和平稳定、促进共同发展作出贡献。中方高度重视发展中印关系，愿同印方一道努力，增进政治互信，对接发展战略，深化务实合作，就重大国际和地区问题保持协调和配合，推动中印战略合作伙伴关系持续健康稳定发展。双方要密切高层交往和机制性交流，加强战略沟通，促进政策对接。要加强贸易投资合作，推动产能、产业园区、铁路建设等大项目取得更多早期收获。要携手促进区域联通和共同发展，加强发展倡议对接，推动孟中印缅经济走廊建设早日取得实质进展，加强在亚洲基础设施投资银行内合作。要加强地方、智库、文化、媒体、旅游等领域交流。要加强多边领域沟通和协调，妥善管控和处理分歧和敏感问题。 习近平祝贺印度即将成为上海合作组织正式成员，表示中方愿同印方加强在上海合作组织框架内合作，共同为上海合作组织健康持续发展作出积极努力。 莫迪表示，印中都是文明古国，两国友好关系源远流长。在国际形势复杂多变的背景下，良好的印中关系能够发挥稳定作用。双方要深挖合作潜力，加强在国际事务中沟通协调，尊重彼此核心关切并妥善处理分歧。印方感谢中方支持印度加入上海合作组织，愿密切双方在上海合作组织框架内合作。 王沪宁、栗战书、杨洁篪等参加会见。
20170609,全国政协召开双周协商座谈会 俞正声主持,全国政协8日下午在京召开第68次双周协商座谈会，围绕“无障碍环境建设”建言献策。全国政协主席俞正声主持会议并讲话。 委员们认为，加强无障碍环境建设是社会文明进步的重要标志。党中央、国务院高度重视并作出工作部署，“十三五”规划纲要明确提出要全面推进无障碍环境建设。近年来，国家和行业部门相继出台了有关规定，我国无障碍环境建设取得了很大进展。但目前仍存在现有公共设施无障碍改造滞后、无障碍环境建设标准规范不完善、无障碍设施管理维护不到位等问题。 一些委员建议，一要领导重视，增加投入，强化宣传。将无障碍设施建设纳入新建设施预算，加大现有设施无障碍改造财政支持力度。加强宣传工作，提高全社会对无障碍环境建设的认识。二要完善法律和标准规范。特别是信息服务无障碍建设要及早确定目标，先推行推荐性标准规范，逐步增加强制性标准规范。三要强化目标要求和监督。特别是对学校、道路、服务窗口等公共设施，必须严格按照强制性规范执行，新建设施必须达到无障碍环境建设目标要求，现有设施改造要有限期目标；加强电视节目同步字幕功能；要依靠群众监督，发现问题及时举报。四要重视老年人在出行、信息服务等生活便利化方面的无障碍环境建设。五要重视农村贫困残疾人家庭的无障碍设施改造，争取把这项工作纳入精准扶贫的范围。六要重视社会参与，完善参与机制，建设参与平台，鼓励和支持社会力量参与无障碍环境建设。 此外，委员们还就学习借鉴国外经验、强化科技支撑、制订手语及盲文全国通用标准、规范残疾人就业保障金的使用等问题提出了意见建议。俞正声认真听取意见，不时与大家交流。
20170609,5月份居民消费价格温和上涨,国家统计局今天发布数据显示，5月份，全国居民消费价格总水平CPI同比上涨1.5%，涨幅比上月扩大0.3个百分点。其中，非食品价格涨幅较高，医疗保健、教育服务、居住价格和交通类价格分别上涨5.9%、3.3%、2.5%和2.3%。 非食品价格上涨的同时，食品价格在5月份继续下降，同比下降1.6%。其中，鸡蛋、猪肉和鲜菜价格同比下降较多。 工业生产者价格方面，5月份工业生产者出厂价格PPI同比上涨5.5%，涨幅比4月份回落0.9个百分点。煤炭开采和洗选业、黑色金属冶炼和压延加工业等六大行业价格虽然还在上涨，但同比涨幅都出现了回落。
20170609,南水北调工程累计输水100亿立方,国务院南水北调办实时监测显示，截至今天中午12点，南水北调东线中线一期工程累计输水达到100亿立方米，相当于700个西湖的水量。 南水北调东线一期工程于2013年实现通水，从江苏扬州抽取长江水，一直输送到山东胶东和鲁北地区；中线一期工程2014年实现通水，自丹江口水库取水输送到北京、天津，目前受益人口超过一亿人。 通水几年来，受水区的生活、生产以及航运、生态等供水保障能力得到增强，同时，北方地下水开采量压减8亿多立方米，有效遏制了地下水水位下降趋势。
20170609,国内联播快讯,商业车险改革扩大 车主保费有望更低 保监会今天对外披露将进一步扩大保险公司自主定价权，下调商业车险费率浮动系数下限，通过市场化手段降低商业车险费率水平。据测算，驾驶习惯良好的低风险车主负担的保费最高可以下浮20%左右。 中哈第二条客运铁路开通 随着新疆霍尔果斯到哈萨克斯坦阿斯塔纳的国际旅客列车的开行，第二条中哈客运铁路昨天正式开通。目前列车为每日开行，有5节车厢，198个席位，全部是硬卧。 第三届中国-中东欧博览会举行 为期5天的第三届中国-中东欧博览会正在宁波举行。博览会以“释放合作潜力，促进互利共赢”为主题，紧扣“一带一路”建设和经贸合作，将举办投资洽谈、贸易展览、人文交流等14项活动。 中国-东盟大法官论坛通过《南宁声明》 昨天在广西南宁闭幕的第二届中国-东盟大法官论坛，通过了《南宁声明》，强调各国将持续增进司法公开和公信力，努力消除各国商法间的冲突矛盾，最大程度实现各国商法的协调与互补。 上海规划12座垃圾资源化利用设施 上海日前对去年底中央环保督察组督察发现的，6处建筑和生活垃圾混合堆放场所完成整改。为了进一步解决垃圾乱偷倒问题，上海还将在全市规划建设12座垃圾资源化利用设施，预计2019年完成。
20170609,上合组织秘书长：“一带一路”增强上合组织凝聚力,上海合作组织成员国元首理事会第十七次会议在阿斯塔纳召开之际。上海合作组织秘书长阿利莫夫在接受央视记者采访时表示，中国倡议的“一带一路”建设将极大促进上合组织成员国间的经济合作，增强上合组织凝聚力。 阿利莫夫表示，维持地区和平安全稳定一直是上合组织最重要的议题，上合组织将继续严厉打击毒品犯罪、跨国犯罪等势力，继续进行反恐演练和追查恐怖分子的工作。除此以外，近年来上合组织成员国之间的区域经济合作，也呈现出快速发展的势头。中国倡导的“一带一路”建设为上合组织密切合作增添了新的助推剂，将进一步增强上合组织的凝聚力和国际影响力。 中国将在阿斯塔纳峰会后接任上合组织轮值主席国并于2018年主办峰会，阿利莫夫表达了对中方主席国工作的期待，并表示将积极配合中方的工作。
20170609,中哈首部合拍故事片《音乐家》开机,《中哈合作拍摄电影协议》8日在哈萨克斯坦阿斯塔纳签署。作为协议的启动项目，中哈首部合拍故事影片《音乐家》的开机仪式同时举行。 1941年苏联卫国战争爆发，中国音乐家冼星海辗转来到阿拉木图。在举目无亲、贫病交加之际，哈萨克音乐家拜卡达莫夫接纳了他。在那里，冼星海创作了《民族解放》《神圣之战》《满江红》等著名音乐作品，并创作了歌颂哈萨克民族英雄的交响诗《阿曼盖尔德》，激励人们抗击法西斯。电影《音乐家》正是以此为背景展开创作，充分展示了中哈音乐家之间的深厚友谊和两国人民的家国情怀。
20170609,英国大选结果今日出炉：政党获议会过半席位 现“悬浮议会”,英国官方9日公布的选举结果显示，英国保守党在8日举行的议会下院选举中未能获得半数以上席位，失去了单独执政的地位。 在议会下院650个议席中，现任首相特雷莎·梅领导的保守党获得了318个席位，比选前减少了12个席位；最大反对党工党获得261席，比之前增加了29个席位。由于没有一个政党获得过半数所需的326席，不能单独组阁，英国自2010年以来再次出现“悬浮议会”。 据英国媒体9日报道，特雷莎·梅领导的保守党有意与北爱尔兰民主统一党联合组阁，后者在此次选举中赢得10个议席，目前双方还在商议中。 工党领袖科尔宾说，特雷莎·梅领导的保守党丢失议会席位，失去民众信任，特雷莎·梅必须辞职，为工党领导的政府让路。特雷莎·梅则表示，国家需要稳定，而保守党能够提供这种稳定，她本人无意辞职。 选举结果揭晓后，英国媒体用“政治豪赌的失败”来定性此次由保守党主导、结果又伤及自身的选举。选民优先考虑的仍然是经济和民生议题，大选不但没有巩固“脱欧”共识，反而再次暴露了英国社会的深度裂痕。
20170609,国际联播快讯,卡塔尔：支持和平解决危机 卡塔尔外交大臣穆罕默德8日表示，卡塔尔是和平而非恐怖主义的平台，孤立卡塔尔威胁到地区稳定。卡塔尔支持通过外交手段，而不是军事手段来解决目前的危机。但他同时表示，卡塔尔不会放弃其外交政策的独立。 近日，以沙特为首的多个阿拉伯国家纷纷与卡塔尔断交，指责卡塔尔支持恐怖主义活动并破坏地区安全局势。虽然科威特、土耳其等国表示愿意调解，但这场外交风波仍在继续发酵。 美联邦调查局前局长科米出席听证会 美国联邦调查局前局长詹姆斯·科米8日在国会参议院出席听证会，指责美国总统特朗普对他此前领导的“通俄门”调查施压。科米的证词遭到特朗普私人律师卡索威茨的否认。卡索威茨指责科米“未经授权泄露（总统）有权保密的信息”。特朗普本人没有通过任何方式发声。 科米2013年出任联邦调查局长，今年5月9日遭解职，当时他正在主持联邦调查局关于俄罗斯干预美国选举的调查，其中一项内容是特朗普竞选团队是否与俄罗斯方面串通和共谋。 缅失事军机部分遇难者找到 搜救继续 缅甸国防军司令部8日宣布，搜救人员在缅甸南部德林达依省浪弄市西南海域发现7日失事的军用运输机部分残骸，以及31具遇难者的遗体。当天早些时候，缅甸军方还在德林达依省首府土瓦附近发现了约29公里的油污带。目前，搜救工作仍在进行中。 这架运输机7日在缅甸南部失联，机上共载有122人，乘客主要为军人及家属。由于缅甸已进入雨季，暴风雨天气多发，海面风浪较大，救援工作困难重重。
