date,title,content
20170303,【两会新闻特写】凝心聚智谋发展 撸起袖子加油干,今天的中国，以人民为中心的发展思想更加彰显，百姓获得感不断提升。人民有所呼，委员有所应，围绕党和国家中心工作，委员们凝心聚力，共商国是，共谋发展。 委员们表示，中国已经开启全面建成小康社会决胜阶段的伟大进军，一个自信的中国正在砥砺前行。 精准扶贫成果显著，社会保障体系日益完善，来自基层的委员们切实感受到了治国理政新理念给人民群众带来的获得感。 提升人民群众的获得感离不开中国经济稳中向好的发展态势，如何保持我国经济的强劲动力和持久耐力，成为委员们关注的热点。 委员们表示，全面建成小康社会，需要有一锤一锤钉钉子的精神，撸起袖子加油干。
20170303,“部长通道”首次开启 回应社会关切,在今天下午的全国政协十二届五次会议开幕之前，备受关注的“部长通道”首次开启，六位部长在这里接受了媒体采访，回应社会热点问题。 今天下午两点二十分，教育部部长陈宝生第一个走上“部长通道”。 航班延误也是公众关注的焦点，对此民航局局长冯正霖坦言，他自己也不满意。 新任商务部部长钟山今天也走上“部长通道”，这也是他上任后首次与媒体见面。 国家推行的“一带一路”战略备受世界关注，国务院侨办主任裘援平表示，将凝聚“一带一路”沿线华商力量，助力“一带一路”建设。 以更加开放的姿态回应社会热点，今年的“部长通道”首次开通了微信公众号，面向公众征集问题。面对网友关心的传统文化传承的问题，国家中医药管理局局长王国强和国家文物局局长刘玉珠也给出了自己的回答。 短短的半个小时很快过去，今年两会期间，百米长的“部长通道”还将多次开启，更多百姓关注的热点话题，将在这里得到及时回应。
20170303,新华社社评：勠力同心聚合力 稳中求进开新局,华社今天播发题为《勠力同心聚合力 稳中求进开新局——写在十二届全国人大五次会议开幕之际》的社评。社评指出，开好一年一度的全国人大会议，使党的主张通过法定程序成为国家意志，对于动员和鼓舞全国各族人民更加紧密地团结在以习近平同志为核心的党中央周围，勠力同心、开拓进取，不断夺取中国特色社会主义新胜利具有重大意义。把十二届全国人大五次会议开成民主、团结、求实、奋进的大会，动员全党全国做好全年工作，以优异成绩迎接党的十九大，这是全国人民的期盼，也是代表们的神圣职责。 社评强调，凝聚发展共识，汇聚奋斗合力，就没有克服不了的困难、闯不过去的险关。迈向新征程，我们期待人大代表交出履职尽责新答卷，为推动党和国家事业发展、全面建成小康社会作出新的更大贡献。
20170303,点赞中国,现在出门，只要在手机上输入一个地名，导航卫星就能够把您带到目的地。就在今天，我们又成功地发射了一颗科学试验卫星。看星空，看大海，看日新月异的科技进程，一起进入今天的《点赞中国》。 “天鲲一号”新技术试验卫星今天发射成功。鲲是传说中的一种大鱼，有几千里大，能变成大鹏鸟。“天鲲一号”也是胸襟宽广，神通多样，能验证试验遥感、通信和小卫星等多种平台，发射一颗顶好几颗。  “天鲲一号”先行，嫦娥五号跟上。 嫦娥五号月球探测器日前完成绝大部分大型试验，有望年内进入发射场，去月球出趟长差。 嫦娥五号真是人见人爱的高科技女汉子，她要首次在迥异于地球环境的月球表面自动采样；首次从月面起飞；首次在38万公里以外的月球轨道上交会对接；首次带着月球土壤以接近第二宇宙速度返回地球老家。这种不但能飞到，还能够平安降落，还能撸起袖子干活，还能驮着包裹回来的技术，在全世界只有美国、俄罗斯和中国能做到。 如果一切顺利，年内，嫦娥五号就会从遥远的月球给人类带回2公斤月球土壤，这得是多么珍贵的礼物啊！ 宇宙浩渺，为中国高度点赞！ 没有导航，你是不是都找不到今晚聚会的餐馆？最近，中国自主研制的一种芯片正式推出，大名是“米级快速定位北斗芯片”。顾名思义，定位精度精确到一米范围，已经超越了美国的GPS。这么说吧，装上咱们的北斗芯片，网约车不迷路，快递小哥用了它，绝不会送错门。 好东西我们愿意和大家分享，2018年，北斗将服务“一带一路”沿线及周边国家；2020年全球卫星组网完成，全球用户都可以获得连续、稳定、可靠的北斗导航公开服务。中国人，敞亮！ 大国担当，为中国精度点赞！ 两艘新的中国科考船近日正式下水，各怀绝技，不走寻常路。海洋地质八号是勘探能手，海洋地质九号则是调查能手。和大名鼎鼎的蛟龙深潜器善于纵向深入不同，海洋地质八号根本不接触海底，就能够靠气波穿透10000多米深的海水，摸清海床上的情况，听起来就像是内功超强的武侠高手。 眼神犀利，还有鹰爪功，需要地质采样的时候，还能够在2500米水深的海洋中钻探160米地层。 海洋实力，为中国深度点赞！
20170303,国内联播快讯,全国农村信息进村入户工程启动 今天，全国农村信息进村入户工程全面启动。到2020年，全国近60万个村将联通信息高速公路，让农民在家里就能享受到便捷高效的电子商务、农技培训等服务。 京津冀旅游一卡通持卡用户达100万 截至目前，京津冀旅游一卡通已有100多万持卡用户，涵盖京津冀等地区300多家旅游景区，签约商户1500多家，给持卡人出游带来实惠的同时，也为智慧旅游数据采集提供基础。 住建部挂牌督办八起违法建设案 住建部近日公布了甘肃、河南、陕西、山东等地查处的八起典型违法建设案件，这些案件侵占了公共空间，损害了公共利益和生态环境，存在安全隐患。住建部要求立即采取有效措施处理违法行为。 长江及以南重要流域首次同步禁渔 从3月1日至6月30日，我国长江流域及以南包括长江、珠江等重要流域水域，正式同步进入为期4个月的禁渔期。这也是历史上内陆最大范围的同步禁渔行动，涉及21个省区市。
20170303,世界聚焦两会 关注中国经济发展,中国两会一直是海外各界近距离观察中国、了解中国的窗口。中国倡导的“一带一路”、全球经济治理变革等正成为国际舆论关注的重点，如何从中国经济转型升级中寻找动力，与中国互利共赢、共同发展。眼下，世界的目光再度聚焦中国。 塞尔维亚总统尼科利奇高度赞赏中国发展对全球增长的巨大引领作用，期待今年中国两会传递出有关中国下一步发展计划的信息。尼科利奇说，中国两会总结过去、规划未来，值得学习。 澳大利亚前外长鲍勃·卡尔非常关注两会上经济方面的议题。他强调，中国经济拉动了世界经济的发展，而“一带一路”倡议将让中国的繁荣进一步助力世界的发展。 法国前总理多米尼克·德维尔潘一直是中法友好关系的推动者。他多年来持续关注中国的发展，在自己的最新著作中探讨中国的“一带一路”倡议，并将其称之为“典范”。
20170303,“萨德”预部署地附近民众持续抗议,在韩国国防部确定将在乐天集团旗下的星州高尔夫球场部署“萨德”系统之后，当地民众掀起新一轮抗议活动。 在距离星州高尔夫球场只有600米的村庄韶成里，这里的村民每天都要做的一件事就是用各种行动来反对部署“萨德”。 金泉市是离星州高尔夫球场最近的一座城市，每天晚上，市民们都会举行抗议集会。
20170303,国际联播快讯,叙政府军再度收复古城巴尔米拉 叙利亚军方2日宣布，在俄罗斯空军支持下，叙政府军当天成功收复中部古城巴尔米拉及周边地区。极端组织2015年5月攻占巴尔米拉，去年叙政府军曾一度收复这座古城，但又被极端组织再次夺取。 欧洲议会取消勒庞刑事豁免权 欧洲议会全会2日投票决定，取消法国总统候选人、欧洲议会议员玛丽娜·勒庞的刑事豁免权。勒庞2015年在社交网络发布极端组织暴力血腥图片的行为可能将面临法国检察机关起诉。如果相关罪名成立，她可能面临最高3年监禁和7.5万欧元的罚款。
20170303,春天的中国,时在初春，阳和方起。恰逢胜事，芳华争妍。春天自南向北款款而来。就让我们一起跟随镜头，沐浴春风，饱览春色。
