date,title,content
20170204,【撸起袖子加油干】人勤春早真抓实干,"天不言而四时行，我们又走进了新一轮的春夏秋冬。一年之计在于春，雄鸡司晨，昭示时光宝贵。习近平总书记在2017年新年贺词中指出，天上不会掉馅饼，努力奋斗才能梦想成真。春节长假刚过，神州大地已是生机勃勃。这两天，记者在采访中发现，“撸起袖子加油干”，总书记的这句动员令，已经变成了各地热火朝天的实际行动。 当春风还带着丝丝寒意，经济大省浙江已经是一片热火朝天，去年高于全国平均水平的经济增长速度，为浙江今年的发展奠定了一个高起点。目前，全省有624个大项目集中开工建设，总投资7900多亿元。这其中，既有提速发展的产业新项目，也有改善发展环境的交通工程，还有提升城市品质的市政改造。 位于太湖之滨的龙之梦项目，施工现场机器轰鸣，从全国各地赶回来的工人正加紧建设。这里总投资200亿元，建成后将成为长三角新的旅游产业基地。为了保障项目顺利进行，浙江推出省市县三级领导联系服务项目制度，全程跟进。 建成后这里将成为全球超大型的旅游综合体，能创造1.5万个就业岗位，每年产生12亿元税收。今年，浙江将继续聚焦转型升级，振兴实体经济，力争生产总值增长7%以上。 聚焦重点难点，全力攻坚克难。今年，河南省打响环境污染治理攻坚战，坚持“山水林田湖，是一个生命共同体”的理念，改善大气环境，整治水体污染，推动经济、社会、环境全面协调可持续发展。刚刚上班，全省环保系统就召开电视电话会议，部署环保工作。 这两天，河南各市县全面启动环境污染治理工作。在焦作，一万九千多名机关干部、各界群众走出户外，挥锹铲土，整个山坡上一片繁忙景象，栽树三万多棵。 一年之计在于春！今年是脱贫攻坚的关键之年，春节刚过，西部各省纷纷出真招、使真力，在扶贫上扎实推进。陕西省今年的目标是88.5万贫困人口脱贫，13个贫困县摘帽。 今天一大早，陕西汉中市1226名第一书记分别上了新年扶贫第一课。这个教室里，第一书记们上的是“产业课”。 第一书记余亚斌，课后立即来到他所在的东店镇褒姒村。他去年重点关注的贫困户孙保全家，年前500多只土鸡销售一空，净挣了一万六。 今年，对全村的发展，第一书记余亚斌有了更大的想法，根据当地的自然条件，他把产业扶贫作为工作重点，通过养土鸡、养土蜂、种魔芋，这“两养一种”，让村民尽快脱贫致富。 今年，陕西计划建设移民搬迁安置住房21.3万套，在秦巴山区、白于山区等脱贫攻坚主战场,强力推进集中连片特困地区扶贫攻坚，确保2018年前延安率先实现农村贫困人口脱贫，2020年前全省脱贫。"
20170204,国务院印发《全国国土规划纲要（2016-2030年）》,经李克强总理签批，国务院日前印发《全国国土规划纲要(2016-2030年)》。这是我国首个国土空间开发与保护的战略性、综合性、基础性规划，对涉及国土空间开发、保护、整治的各类活动具有指导和管控作用。 《纲要》部署了全面协调和统筹推进国土集聚开发、分类保护、综合整治和区域联动发展的主要任务。一是构建“多中心网络型”开发格局，推进建设国土开发集聚区和培育国土开发轴带。二是构建分类分级全域保护格局，依据环境质量、人居生态、自然生态、水资源和耕地资源五大类资源环境主题实施分类保护。三是构建综合整治格局，修复与提升主要城市化地区、农村地区、重点生态功能区、矿产资源开发集中区及海岸带和海岛地区的国土功能。
20170204,【中国正在经历最大海归潮】梦想在中国,据统计，从1978年到2015年，我国各类出国留学人员累计超过400万人。起初，每7名留学人员中只有1人选择回国。而如今，中国却正在经历着最大规模的海归潮。除了更积极有效的留学人才引进政策外，快速发展的中国经济和广阔的发展天地，让回国成为不少留学人员自然而然的选择。 任意悬停，自动跟拍，用第三人的视角捕捉生活中的场景。 拍摄下这些画面的，是全球首部智能跟拍式无人机。而它的研发者就是王孟秋和张通带领的年轻团队。两人都是美国斯坦福大学计算机博士。三年前，他们做出决定：回国创业。 在这个绝大多数是80后与90后的团队中，四分之一的人都有留学背景。去年从美国华盛顿大学毕业的90后杜小川，就是其中一员。吸引他回国工作的不仅仅是兴趣，还有今天的中国，时刻给他带来的新鲜感。 截至2015年底，我国留学回国人数已超过221万人。毕业后回国，已从少数人的选择变成多数。对这些海归来说，高速发展的中国更能满足他们对未来职业规划和上升空间的诉求。 2012年至今，35岁至44岁的成熟人才回国比例不断上升。这也是近几年这波海归潮最突出的特点。对于今天的海归来说，回国不再是“毅然放弃”，而是一种自然而然的选择。 不想成为中国发展的旁观者，同样是海归的青年科学家颜宁，在回国后带领她的团队不断取得世界级科研成果。 《2016年中国留学发展报告》指出，未来30年“人才红利”将成为中国发展的独特资源优势。
20170204,【新春走基层】守护春运 你平安我放心,每年春节前后，中国铁路都要经历一次“地球上规模最大的人口迁徙”。春运是对铁路安全与秩序的一次大考，是对铁路民警的一场极限挑战。今天的新春走基层，我们就一起来看看今年春运期间发生在广州火车站的午夜故事。 零点刚过，午夜客流的第一次洪峰就奔涌而来。今年春运，广州火车站日均发出客车70趟，人均客流一直都保持在12到13万左右，每趟列车都是满负荷运行。 9号车厢16铺，陈贤龙和老马正要找的这名特殊的乘客是一名网上在逃人员。车开了，人没有上车，陈贤龙向指挥中心通报结果。除了盯住小偷对乘客下手，每年春运前后，抓捕被各地公安机关追缉的犯罪嫌疑人也是铁警们的一项重要任务。在数万名流动的人群中寻找一个素不相识的人，这需要绝对的经验和眼力。就在陈贤龙和老马准备对另外一名刚刚检票进站的犯罪嫌疑人布控抓捕时，一位乘客突然哭着闯进了大家的视线。 面对这位大姐的慌乱无措，赶来增援的亓飞只有先处理群众找上门来的求助。 六号站台，一名涉嫌故意伤害的犯罪嫌疑人在上车之前被发现，为了不发生意外伤及其他旅客，陈贤龙和老马把这名网逃人员带到一边实施了强制措施。 办完了交接手续，陈贤龙又带着同事们马不停蹄地去巡逻。广州站站前广场面积还不足0.1平方公里，为避免高峰时期乘客瞬间交织叠加可能带来的各种安全隐患，广州站派出所全员上岗三班倒，春运值守警力全天24小时蹲守，换人不换岗。 今年是老马守护的第40个春运了，今年10月就要退休的他，为了保证更好地完成自己的最后一次春运任务，专门在去年年底请年假做了双眼的白内障手术，现在还处于术后的恢复期，根据医嘱不能熬夜，可老马的最后一个春运，一次夜班也没落下过。
20170204,【新春走基层】来自战备坑道的报告,在我军的编制序列中，有一支神秘的火箭军工程部队，他们担负着为导弹筑巢的使命。这些隐藏在大山深处的庞大工程是如何完成的呢？央视新春走基层记者带您去一探究竟。 正在南方某地施工的国防坑道外，多了些女人和孩子，她们是来火箭军某工程部队与亲人团聚的，十二连指导员王帆的妻子也带着儿子来了，天色已晚，母子俩站在路边等下白班的王帆回家。 李皓月带一年没见爸爸的儿子来队这几天，不巧丈夫负责的施工段出了一点小状况，他时常加班盯在工地上，跟儿子还没混熟，儿子经常追着戴眼镜穿军装的人叫爸爸，这让李皓月有点哭笑不得。 在妻子眼里非常伟大的丈夫，干的确实是一件事关国家安全的大事，虽然已到工程后期，部队依然歇人不歇马，24小时连轴转。此刻王帆正为一台凿岩台车出现故障，影响爆破开凿进度着急上火。 焦急地等待了30多分钟后，故障终于排除了。驾驶员赶紧发动台车，在坚硬的岩壁上开孔，再往里面填充炸药。 目前正在施工的国防坑道，施工难度最大的要属这个承担导弹起竖测试任务的测试大厅。在王帆的带领下，我们一路手脚并用爬上钢模台车拱顶，上面距离墙壁不足一米，人在上面只能爬行。混凝土硬化的过程中会散发大量热量，施工作业面的温度最高达到50摄氏度，在这样的环境下工作，人人汗流浃背。为了按期完成施工任务，部队分成白班夜班轮换交替工作。 听说自己连队负责的这两处卡脖子段位都被副旅长点了名，王帆有些坐不住了。 何瑞鹏班组正在进行的是编筋工作，说起来工作虽然简单，可混凝土里面的钢筋就相当于人的骨骼，一点马虎不得。扩散室承担着对来袭武器威力的削减重任，作业面非常狭窄，大型机械设备没法进入到这个作业面，战士们只能手抬肩扛。 经过了近8个小时的努力，测试大厅也进行到了拱顶的被复阶段。当我们又一次爬上钢模台车顶部后，看到战士们正穿着雨靴站在混凝土里施工。混凝土回填浇筑绝不能停顿，必须连续完成，按工程量计算，这个春节十二连官兵就是在近50摄氏度的坑道顶部度过的，祝愿他们施工顺利安全，也希望指导员王帆能抽出时间多陪陪远道而来的妻子和儿子。
20170204,宁夏：用好“排头兵”打赢脱贫攻坚战,宁夏银川市金凤区良田镇党委在换届选举工作中，优选基层经验丰富的干部充实到班子中，用好“排头兵”，带领群众脱贫致富。 发言的叫杨晗，去年6月良田镇换届选举，凭借扎实的基层工作经验，她当选为副镇长。上任后杨晗到各村调查走访，发现当地群众普遍缺少致富门路。 村民秦忠义一家原先就零星种着一亩多地，一年下来也就两千多块。了解情况后，杨晗帮他申请了扶贫款，建了五个蔬菜大棚，半年多的功夫，老秦一家就收入了近三万元。 在新一届党委班子选举中，良田镇扩宽选人、用人渠道，重点选用有农村管理经验、工作在脱贫一线的村干部、大学生“村官”。目前，良田镇已有712户依靠发展种、养殖业摆脱了贫困。预计今年剩余的239户也将实现脱贫。
20170204,山西：干部驻村入企 为百姓办实事,山西广大党员干部深入村庄、蹲点企业，切实为老百姓办实事、送政策、解难题。 春节刚过，山西临县农委产业信息股股长张黎，就带着当地土特产到农产品展销会上寻销路了。把这些农产品卖出去，能为全县15万建档立卡贫困户带来实惠。 一边为百姓办实事，一边为企业解难题。去年9月，山西启动“万名干部入企”服务，让干部深入企业，理出企业问题清单，拟定发展帮扶方案。 山西还出台容错机制，让敢想、善干、能闯的干部丢掉包袱、甩开膀子办事情。 去年一年山西共派驻1.16万名包村干部，9395名“第一书记”，帮助58个贫困县，232万贫困人口脱贫；14000多名干部深入全省4580户企业，共收集各类问题8812个，解决将近94%的企业难题。
20170204,春节档电影迎来开门红,2017年中国电影春节档迎来开门红，1月27日至2月2日七天总票房达33.55亿元，比去年春节增长8.66%，观影总人次8852.64万人次，增长4.51%，其中大年初一单日票房更创下8亿元新高。中国电影艺术研究中心综合影片的观赏性、思想性、传播度三大指数进行调查，2017年春节档满意度平均得分为80.9分，观众对春节档电影总体满意，其中家庭伦理类题材较受欢迎。
20170204,国内联播快讯,我国今年将继续调减玉米种植面积 我国春耕生产即将开始。农业部决定在去年调减3000万亩籽粒玉米种植面积的基础上，今年力争再调减1000万亩，改种大豆、杂粮、饲料玉米等作物，继续推进种植业结构调整。 2030年我国癌症5年治愈率提高15% 今天是“世界癌症日”。全球每年新发癌症病例1400多万，我国每年大约有430万人被确诊为癌症。世界卫生组织指出，通过健康生活方式和早诊早治，2/3的癌症可以预防和治愈。到2030年，我国癌症治愈率力争提高15%。 我国攻克战创伤腹腔感染救治难题 解放军南京总医院经过多年探索研究出的腹腔开放救治系统疗法，攻克了战创伤导致的严重腹腔感染、腹壁毁损以及肠瘘治疗等世界医学难题，使我国战创伤救治水平国际领先，这一成果获得2016年度国家科学技术进步二等奖。 春运铁警寻回旅客上千万元遗失财物 春运以来，全国铁警为旅客找回遗失财物8469起，总价值达1561万多元。据统计，有七成以上的遗失物品发生在旅客进站安检和到站下车的时候，铁警提示，发现物品遗失请尽快报警求助。 大陆游客团大巴在台湾发生擦撞事故 今天，一辆载有26名浙江游客的大巴车在台湾高雄发生擦撞事故，造成车上21人受伤，其中3人重伤。伤者均已送医，没有生命危险。事故发生后，国台办、海协会、国家旅游局立即会同有关方面，协助处理善后，对伤员表示慰问。 中东部遭遇大雾天气  今晨，河北、河南多地遭遇大雾天气，局地能见度不足200米。河北中南部、河南多条高速临时封闭，对春运返程造成一定的影响。 新疆今起大范围降雪降温 今天，新疆迎来大范围降雪降温、大风天气，北疆、东疆风口地区将出现风吹雪，三十里、百里风区瞬间最大风力可达11级，将对道路运输带来影响。 鄱阳湖首批越冬候鸟开始北迁 这两天，鄱阳湖自然保护区内的天鹅、大雁等越冬候鸟组成的“先头部队”开始陆续向北迁徙，首批北迁候鸟大约8000多只，比去年提早了一周左右，预计3月将迎来候鸟北迁高峰期。
20170204,外交部敦促美方停止钓鱼岛错误言论,针对有日本媒体报道，美国国防部长马蒂斯访日期间重申《美日安保条约》适用于钓鱼岛一事，外交部发言人陆慷3日在回答记者提问时强调，钓鱼岛及其附属岛屿自古以来就是中国固有领土，这是不容篡改的历史事实。所谓《美日安保条约》是冷战时期的产物，不应损害中国的领土主权和正当权益。中方敦促美方采取负责任的态度，停止在钓鱼岛主权问题上发表错误言论，避免使有关问题进一步复杂化，给地区形势带来不稳定因素。 美国新任国防部长马蒂斯当天开始访问日本，先后与日本首相安倍晋三及日本防卫相稻田朋美会谈。据日本和美国媒体报道，马蒂斯称，美国继续支持日本对钓鱼岛的所谓“管辖”，并重申《美日安保条约》第五条规定的美国对日本的安全承诺。
20170204,美国宣布对伊朗实施新一轮制裁,美国财政部3日宣布对一批个人和实体实施制裁，以回应伊朗近期试射弹道导弹及所谓“支持恐怖主义”的行为。伊朗随即表示反对。 美国财政部在声明中说，美国对伊朗制裁的范围包括一批参与或支持伊朗弹道导弹计划以及为伊朗伊斯兰革命卫队下属的“圣城旅”提供支持的个人和实体。相关个人和实体在美国的资产将被冻结，美国公民将被禁止与受制裁者有交易往来。 对此，伊朗外交部随即发表声明，反对美国以伊导弹试射等为借口实施新制裁措施。声明说，伊朗进行导弹研发出于国家防御目的，试射的导弹只是用来携带常规武器，这是伊朗在联合国宪章框架内所享有的国际权利。伊朗将采取回应措施。 今天，伊朗举行旨在测试导弹和雷达系统的军演，伊朗伊斯兰革命卫队在其网站上称，军演旨在展示伊朗的军事力量，对美国的制裁进行回击。
20170204,联邦法官要求全美暂停执行“禁穆令”,美国联邦法官3日发布命令，要求在全美范围内暂停实施“禁穆令”。白宫随后发表声明说，将申请紧急延缓执行这一命令。 美国华盛顿州西区联邦地方法院法官詹姆斯·罗巴特当天在西雅图市，就华盛顿和明尼苏达两州提出的相关诉讼，要求在全国范围内暂时停止执行“禁穆令”。 由于是联邦法官做出的裁决，美国海关工作人员已经可以暂时无视特朗普的“禁穆令”，让拥有签证的7国居民进入美国。据路透社报道，美国海关和边境管理部门已经通知航空公司，允许此前受“禁穆令”影响的人员登机。 对此，白宫当天晚些时候发表声明说，将尽快应对罗巴特关于暂停“禁穆令”的命令。按照美国的司法程序，如果特朗普政府就此提出上诉，需要由巡回上诉法院来审理特朗普的行政令是否违宪，并据此作出判决。 另据报道，美国国务院3日说，1月27日“禁穆令”推行以来，美国已暂时撤销近6万份签证。 “禁穆令”暂禁全球难民和西亚北非7国公民入境，在美国国内外遭到持续批评和抗议，并在美国国内引发多起诉讼。除了华盛顿州，弗吉尼亚州、纽约州、马萨诸塞州、密歇根州等地也有法庭在处理针对“禁穆令”的诉讼。
20170204,沙巴沉船事故船长被判6个月监禁,马来西亚沙巴沉船事故的涉事船长和船东今天在沙巴州地方法院接受审判，法官认定25岁的船长沙雷扎驾驶超载船只，以过失致人死亡罪判处其6个月监禁。沙巴州地方法官认为，沙雷扎和涉事船东梁伟志在明知游船核定载客量为12人的情况下，安排20多名游客上船出海，属于在不安全的情况下驾驶超载船只。此外，涉事船东梁伟志因不通晓马来语，获准保释候查，法庭决定其2月6日受审。 一艘载有20多名中国游客的游船1月28日在沙巴州附近海域失事。除获救者外，已发现有3名中国游客遇难。马来西亚警方表示，仍有5名中国游客和一名船员失踪。船长沙雷扎和另一名船员是船只失事后的首批获救人员。
20170204,国际联播快讯,欧盟峰会宣言强调遏制非法移民潮 欧盟非正式峰会3日发表《马耳他宣言》，重申欧盟重视保护外部边界，以阻止非法移民流入；同时公布与利比亚等北非国家加强合作的十个优先事项，以遏制经地中海中部进入欧盟的移民潮，并为此提供两亿欧元资金。 去年3月欧盟与土耳其就难民问题达成协议后，通过爱琴海抵达欧洲的中东地区难民数量呈下降趋势。然而，试图通过地中海中部进入欧洲的北非难民人数出现上升势头。 韩特检组或让代总统配合搜查青瓦台 调查总统亲信干政事件的韩国特别检察组3日表示，依据韩国法律，搜查涉及机密的军事及其他场所须事先得到相关负责人许可，因此特检组方面考虑将向代总统黄教安发出正式申请，寻求与对方合作，允许特检组进入总统府青瓦台搜查。特检组特别指出，青瓦台方面不允许特检组入府搜查是不妥的。特检组当天曾试图搜查青瓦台，但遭到拒绝。 男子卢浮宫行凶 法方称具恐袭特征 3日，一名男子在法国巴黎卢浮宫持刀行凶，造成一名值勤军人受伤。随后，值勤军人开枪将其击伤。巴黎检方当天说，这名男子今年29岁，是埃及人，平时居住在阿联酋。他的行凶动机仍在调查中。 法国总理卡泽纳夫说，这是一起“显而易见”的具有恐怖袭击特征的事件。 福岛核电站2号机组核辐射“爆表” 日本东京电力公司日前对福岛第一核电站2号机组内部的视频图像进行分析估测，2号机组安全壳内部最大辐射值可能达到每小时530希沃特，远超此前测定的每小时73希沃特的最高值。人若暴露在这种辐射中几十秒即可致死。东京电力公司认为，这一估值可能会有30%左右的误差，该公司计划本月投入小型机器人进入安全壳内部进行实地检查。 鲸“主动”搁浅 体内现大量塑料袋 近日，挪威西南部城市卑尔根附近的一个小岛上，一头重20吨的鲸出现了试图主动搁浅的异常行为。这让它遍体鳞伤，动物学家最终只能对其实施安乐死。经过解剖，人们在它的体内发现了大约30个大小不一的塑料袋，专家认为这可能就是让这头鲸如此痛苦的原因。 据联合国机构的统计，每年大约有800万吨塑料垃圾被倒入海洋，对海洋生态环境造成严重影响。
