date,title,content
20170203,真诚服务 情满旅途,习近平总书记指出，要坚持发展为了人民、发展依靠人民、发展成果由人民共享，从解决人民最关心、最直接、最现实的利益问题入手，增加公共服务供给。眼下正值春运，近30亿人次的人口大迁徙如何考验交通部门的服务？春运路上，旅客又体验到了怎样的改变呢？ 今年春运，全国总工会和交通运输部联合启动了“情满旅途”活动，以亲情服务为主题，送旅客温暖回家。 交通运输部依托大数据平台，对春运客流规模、时空分布、热点线路进行分析研判，先后发布四期分析报告，为春运组织决策和旅客出行提供参考。路网中心还加大数据研发，实时发布高速公路出行预测，在春节期间有针对性的发布拥堵路段、绕行线路等大数据。 广铁集团在原有“春运日历”的基础上，通过“路线导航”提前为出发旅客规划好由出发地点到车站的最优出行方案。济南铁路局每天对客票车次、方向、到站进行分析，及时掌握客流的流向、流量以及客流密度时段，实时优化列车运行图。在兰州铁路局的春运列车上，旅客可以通过手机扫描二维码下订单，采购的年货通过快递直接寄到家里。 乘坐飞机的乘客，可以通过手机客户端查询正晚点信息、预约担架、轮椅、无人陪护等10项服务。在网上预约顺风车，也成为很多人的新选择，预计今年有840万人次拼车回家过春节，相当于增开了8000列高铁。 节后上班第一天，交通运输部发布的最新数据显示：春节假日7天，全国共有4.08亿人次出行，比去年同期增长了2.2%。其中，坐飞机出行的旅客达到982万人次，同比增长14.9%，乘火车出行的旅客有5250万人次，同比增长10%，高铁出行的旅客占比接近7成。 春运回家路，旅客花得时间少了，享受到的服务多了。北京、广州等重点车站推出了刷脸进站、智能机器人等服务措施，让旅客在回家路上少了排队之苦，全国24个省份完成了道路客运联网售票系统建设，旅客购票更加方便。
20170203,李克强主持召开国务院常务会议,国务院总理李克强今天主持召开国务院常务会议，听取办理人大代表建议和政协委员提案情况汇报，更好接受监督推进科学决策；部署建立解决农民工工资拖欠的长效机制，维护农民工合法权益；通过“十三五”国家食品和药品安全规划，保障人民健康福祉。 会议指出，办理建议提案，是政府汇聚众智、回应民生关切、推进依法行政的重要体现。去年各部门牵头办理的建议、提案分别占总数的91.5%和90.9%，在出台相关政策时吸纳了3000余条意见建议，有力推动了政府工作。今年要进一步提高办理质量和实效。一是把建议提案办理作为常态化重点任务，强化督办考核。对涉及情况复杂的要深入研究，抓紧办理。二是加强与代表委员沟通，答复中凡有承诺的要确保落实。三是今年起对涉及公共利益、社会关注的建议提案，承办单位原则上要公开答复全文。 会议认为，农民工为国家发展作出巨大贡献。落实以人民为中心的发展思想，解决好欠薪问题，是实施更加积极就业政策、增加农民工打工收入、增进社会公平正义的重要举措。近年来各地各部门按照党中央、国务院部署，治欠力度不断加大。要标本兼治，对欠薪问题反复抓、抓到底。一是开展专项整治督查，打击恶意欠薪违法犯罪，坚决解决涉及政府项目拖欠工程款导致欠薪问题。二是落实欠薪发生地省级政府负总责、市（地）县级具体负责的属地责任和人社部门监管责任，建立协调解决欠薪的地方政府横向网络。三是人社部门要畅通欠薪投诉举报渠道并广而告之，让农民工投诉“有门”。四是建立拖欠工资“黑名单”，对列入名单的企业给予惩戒，情节严重的降低资质等级。五是以工程建设领域为重点，督促企业依法按月足额支付工资，推行工资专户管理和银行代发等制度，构建农民工拿到“辛苦钱”的长效机制。 会议通过“十三五”国家食品和药品安全两个规划。确定：一是落实地方尤其是县级政府食品安全责任，加大日常监管，治理农药兽药残留、违法添加等，严防系统性风险。建设药品生产经营可核查可追溯机制，严打制假售假，严防药品安全事件发生。二是对所有类别和品种的食品、血液制品和疫苗、基本药物实行全覆盖抽检。构建权威信息发布机制。三是加快食品安全国家标准制修订，提高药品、医疗器械和化妆品标准。对具有临床价值的创新药和急需药品优先审批。运用“互联网+”等实施智慧监管。让群众饮食用药无安全之忧。
20170203,十二届全国人大五次会议和全国政协十二届五次会议将分别于2017年3月5日和3月3日在北京开幕,本台消息，第十二届全国人民代表大会第五次会议和政协第十二届全国委员会第五次会议，将分别于2017年3月5日和3月3日在北京开幕。全国人大常委会办公厅和全国政协办公厅今天宣布，欢迎中外记者届时前来采访。 十二届全国人大五次会议、全国政协十二届五次会议将在北京市复兴路乙11号梅地亚中心设立新闻中心，负责接待和安排中外记者对两个会议的采访。新闻中心将于2月27日正式开展工作。 凡要求采访两个会议的记者需提出申请。中央新闻单位记者向新闻中心提出申请，地方随团记者由各代表团向新闻中心提出申请，香港特别行政区记者向中央人民政府驻香港特别行政区联络办公室提出申请，澳门特别行政区记者向中央人民政府驻澳门特别行政区联络办公室提出申请，台湾地区记者向国务院台湾事务办公室提出申请，外国驻华记者向新闻中心提出申请，外国临时来华记者向中国驻所在国使领馆或我外交部授权的签证机构提出申请。 记者报名截止日期为2月25日。为方便记者采访，两个会议新闻中心网页将及时发布采访信息及与采访相关的资讯。
20170203,春节出游人数及旅游收入双双走高,春节黄金周期间，我国假日旅游消费需求增势明显，各地旅游活动丰富多彩，出游人数以及旅游收入双双走高。 根据国家旅游局提供的数据显示，2017年春节期间，全国共接待游客3.44亿人次，同比增长13.8%，实现旅游总收入4233亿元，同比增长15.9%，北上冰雪游、南下避寒游仍是大家首选。除夕当天，全国即迎来出游高峰，旅游接待总人数5050万人次，同比增长10.4%，各地景区一改往年春节假期首日冷清的景象，实现了开门红。春节期间，我国公民出境旅游总量约615万人，同比增幅近7%，其中，赴香港的内地游客人数为69.7万人，赴澳门的内地游客为53.3万人次，同比均有小幅上涨。澳大利亚、英国和比利时等国家和地区也成为出境长线游的主要方向。另外，与往年相比，“12301”旅游服务热线咨询电话所占比例上升，但投诉电话比例明显下降。
20170203,春运返程高峰持续 多地将现大雾,今天是春节假期结束后的第一个工作日，但春运返程客流高峰仍然在持续，全国铁路今天预计发送旅客1100万人次。 在春运返程重点地区，长沙、怀化、衡阳等湖南地区往广州方向的客流量攀升，高铁客流较普铁客流增加得更为明显。京广、沪昆、南广、贵广、厦深高铁等十多条高铁客流均有所上扬。南昌铁路局今天预计达到客流最高峰，为疏导客流，铁路部门将重点在闽赣两省去往广深、沪杭温、成都等方向，以及闽赣两省间加开旅客列车，并在节后首开夜间高铁列车。 公路方面，今天零时起，小客车免费通行结束。部分省份重要路段出现短时车流量大，但未发生长时间长距离拥堵的情况。受降雪影响，京哈高速、辽中环高速、新鲁高速、阜营高速、济广高速等局部路段一度封闭。 民航方面，客流较昨日回落，今天首都机场计划保障航班1675架次，进出港旅客26.74万人次。 中央气象台发布大雾黄色预警，预计今天夜间到明天上午，京津冀一带以及河南、湖北、湖南、四川盆地西部等地有大雾，局地能见度将不足200米。未来三天，新疆、西藏部分地区多降雪，南方多阴雨，提醒人们注意防范雨雪、道路湿滑及低能见度等对交通的不利影响。
20170203,春节期间全国社会治安秩序良好,记者从公安部获悉，春节期间，全国公安机关按照公安部部署要求，落实各项节日安保措施，有力维护了全国社会治安稳定。1月27日至2月2日，全国社会治安秩序良好，道路交通安全平稳有序，各重点旅游城市和景区秩序井然，全国接报刑事类警情同比下降21.6%，火灾起数同比下降11.8%，未发生重特大火灾、交通、踩踏等安全事故。铁路公安机关全力保障春运安全有序，查缴各类易燃易爆危险品27万起，抓获网上逃犯269名。节日期间共有4名公安民警因公牺牲。
20170203,【新春走基层】寒夜救助 伴爱回家,接下来继续我们的新春走基层系列报道。在寒冷的冬夜，有这样一群人，夜里十二点之后，天越冷他们越要往外跑，因为马路上可能随时有需要他们帮助的人。春节前夕，央视记者来到上海的救助站连续蹲点，记录下了寒冬午夜里温暖的救助故事。 1月19日，上海发布寒潮蓝色预警，48小时内将降温8度以上，最低气温将降到零下4到5度。救助站加大了人手，对流浪人员常据点进行重点巡查。 三十岁的王旭龙，在上海靠捡瓶子为生，社工们多次巡查劝说他都不愿意进站。过年的前两天，他终于听了劝，主动来救助站里过个年。 站长李福强告诉我们，随着社会发展，每年的救助总数越来越少，可救助难度却越来越大。在救助站就收留了一个遭遇头号难题的小姑娘，汪懿樑的父亲早已过世，母亲失踪多年，父亲生前虽是上海户籍，但是因为非婚生育等种种叠加的复杂原因，始终没能解决户口。在寄养家庭住了8年后，2015年底被送到了救助站。 不参加中考，中断学业，小姑娘可能永远都走不出这救助站。去年，国家出台了《关于解决无户口人员登记户口问题的意见》，小姑娘的户口难题出现了转机。就在春节前几天，小姑娘终于拿到了户口。 15年了，终于拿到自己的户口，小姑娘还有点不敢相信。 这个新年，对汪懿樑来说是个崭新的开始。在我们蹲点的近10天时间里，暖心的故事每天都在这里发生。 41岁的唐氏综合征患者跨区走失，在上海市杨浦区救助站被家人找回。 浙江嘉兴69岁老人侯国祥，春节前来上海，钱包被偷、寻亲不着，没法回家，不得已来到救助站。 洗个热水澡，睡一觉，第二天侯大爷拿到救助站买的车票，顺利回了家。
20170203,【新春走基层】广东韶关：大山深处守隧人,春运安全取决于严密保障。新春走基层，我们带您走近忙碌在高铁线上的人。 大瑶山隧道位于京广线的咽喉部位，为了排水清淤、保障通行，胡国建和工友们一走就是5公里。 从1990年工区设立到现在，第一批员工已经在这里工作了26年，春节不能回家，是对家人最大的亏欠。 短短2个小时内，共有18辆列车经过隧道，每辆车在经过时都会鸣笛。 工友们说，看到火车安全地从钢轨上经过，是最幸福的时刻。
20170203,海南：扶贫搬迁 让百姓挪出“穷窝”,海南通过一整套扶贫措施，让贫困村民挪出大山，走上致富路。 春节刚结束，海南白沙县银坡新村的村民就已经开始忙碌了。村民符桂春今年元旦不仅搬进了新房，还分到了10亩橡胶林和1亩耕地。 符桂春原先住在距离县城100多公里的大山深处，因为交通不便，村民没有产业，当地人不仅生活贫困，就连看病也成了难题。 2015年，白沙县启动了生态扶贫移民工程，搬到山下，每户居民享受一套住房，人均安排10亩橡胶林，每户提供一个护林员的工作岗位。 现在，140多名黎族同胞已经全部完成搬迁，预计村民人均年收入将从原来的两千多元增加到一万五千多元。目前，海南省正在推进涉及11个自然村541户、2255人的扶贫移民工程，力争用三年时间完成搬迁。
20170203,吉林：软环境+大项目 助力振兴发展,提高政府服务效率，助推重大项目落地，抓环境、抓项目、抓落实成为吉林振兴发展的硬支撑。  长春市民王泽源下载了一个网上办事大厅移动客户端，有了这个软件，他想咨询、申报生二孩，只要动动手指就能完成。 吉林省政务服务“一张网”上线两个月来还增加了自助、网络、移动手机办结等多种业务办理途径，为企业减负260多亿元。 抓软环境，今年吉林以清单制度推动简政放权，进一步梳理和精简行政审批事项。抓项目，今年，吉林将围绕脱贫攻坚、改善民生等七个方面，全年谋划1700个亿元以上投资项目。抓落实，吉林建立领导干部包保责任制，省市县逐级逐个进行包保，成立推进小组，不建成投产不脱钩。
20170203,国内联播快讯,1月份中国物流业景气指数为52.5% 中国物流与采购联合会今天公布，1月份中国物流业景气指数为52.5%，较上月回落3.5个百分点，仍保持在50%以上的景气区间，反映出受春节影响，物流业务活动规模增速有所减弱，但与节日消费相关的市场较为活跃，总体上物流活动仍保持扩张态势。 春节假期银联卡交易再创新高 中国银联今天发布，春节7天假期银联网络交易量再创新高，金额达4620亿元，同比增长48%。其中餐饮、购物、旅游、出行等居民个人消费占比最高，占总交易笔数的六成以上；银联卡境外交易继续保持增长，同比增加四成。 贵州今天21万名干部义务植树 今天，贵州组织全省21万名干部开展义务植树活动。为构筑“两江”上游生态安全屏障，贵州全面绿化宜林荒山荒地，将符合政策条件的25度以上坡耕地全部实施退耕还林还草，目前造林绿化已经完成818万亩。 今日立春 “打春”民俗各不同 今天是农历二十四节气中的第一个节气“立春”，预示着从今天开始，天气回暖，最严寒的冬天过去了。立春这一天，我国很多地方都会举行“打春”、“咬春”等民俗活动，鞭打春牛、舞春龙、烙春饼、吃春卷等等，为新的一年祈福。
20170203,韩民众抗议在韩部署“萨德”系统,美韩两国国防部长3日决定年内在韩部署“萨德”反导系统，韩国民众集会抗议，要求美韩立即撤回在韩部署“萨德”的决定。 当天，到访韩国的美国国防部长马蒂斯与韩国国防部长官韩民求举行会谈，双方决定按计划于年内部署并启动“萨德”反导系统。 就在会谈进行的同时，多个韩国市民团体的代表聚集在国防部门前，抗议马蒂斯访问韩国以及美韩执意推动在韩部署“萨德”反导系统。 抗议民众指出，“萨德”反导系统的部署只会加剧地区紧张局势，让韩国充当美国和日本的马前卒，将朝鲜半岛再次推向战争边缘。抗议民众还表示，美韩同盟是不平等的同盟关系，应该早日解除。 2016年7月，美韩宣布将在韩部署“萨德”反导系统，韩国政界及民间反对声浪不断。 针对美韩防长称年内完成“萨德”部署一事，中国外交部发言人陆慷3日表示，中方坚决反对美韩在韩国部署“萨德”反导系统，敦促有关方面停止部署进程，不要在错误道路上越走越远。
20170203,美国政府放宽部分对俄制裁,美国财政部2日宣布修改奥巴马政府此前对俄罗斯联邦安全局的制裁，允许美国公司就信息技术产品与该机构进行“部分交易往来”。 根据美国财政部公布的修改措施，美国政府今后将允许美国公司每年向俄罗斯联邦安全局支付总额不超过5000美元的审查费用，从而使得制裁范围以外的信息技术产品出口到俄罗斯。 在俄罗斯，使用加密技术的普通消费类电子产品需要经过俄联邦安全局审查才能进口，而根据美国前总统奥巴马签署的制裁令，美国公司不能向俄联邦安全局支付审查费用，导致部分手机、平板电脑等制裁范围以外的产品无法对俄出口。美国国务院官员表示，这是制裁实施之初没有考虑到的情况，因此做出技术性修改。白宫发言人斯派塞当天也表示，这只是一项“常规举措”，并不意味着美国正在改变对俄制裁的政策。 去年12月底，时任美国总统奥巴马宣布，因俄罗斯涉嫌通过网络袭击干预美国总统选举而对俄进行制裁，制裁范围包括俄罗斯情报总局和俄罗斯联邦安全局在内的5个俄罗斯实体机构和4名俄情报总局高层官员。 美国总统特朗普上个月在接受采访时曾表示，如果俄罗斯在打击恐怖主义等方面对美国“有帮助”，他可能将撤销奥巴马政府的对俄制裁。
20170203,乌东部交火继续 联合国呼吁停火,2日，乌克兰政府军和乌东部民间武装的交火仍在继续，并造成部分平民伤亡。联合国再次呼吁冲突各方停火。 乌克兰政府军和东部民间武装2日继续在阿夫杰耶夫卡交火，政府军称城内多处地点遭到炮击，造成至少2人死亡，东部民间武装则表示来自政府军的炮击造成至少10名平民受伤。 同一天，联合国负责政治事务的副秘书长费尔特曼表示，乌克兰东部冲突严重升级，根据欧安组织特别监察团的报告，过去24小时内顿涅茨克地区发生的炮击次数达到空前的一万多次。他呼吁冲突各方立即停火，保证附近民众的安全，并确保他们获得人道主义援助。 美国常驻联合国代表妮基·黑莉2日称，是俄罗斯的行为导致了乌克兰东部紧张局势升级。而俄罗斯总统普京当天则指责乌克兰政府在乌东部挑起战火，其目的在于扮演冲突受害者，从而获得国际援助，寻求发展同特朗普政府的关系。 中国常驻联合国代表刘结一2日呼吁冲突双方遵守停火机制，坚持政治解决的大方向。要从根本和长远上解决乌克兰问题，既要充分照顾乌克兰国内各地区、各民族的正当权益和诉求，也要重视解决有关各方的合理关切，实现各方的利益平衡。
20170203,英国政府发布“脱欧”白皮书,英国政府2日公布了“脱欧”计划白皮书，以法律文件的形式明确政府的“脱欧”目标，强调实现平稳有序“脱欧”。这意味着英国向正式开始“脱欧”迈出新的一步。 白皮书说，英国政府将在今年3月启动《里斯本条约》第50条，正式开始“脱欧”。这份白皮书还列出英国政府“脱欧”计划的12项基本原则，包括英国将脱离欧洲共同市场和欧盟关税同盟，但寻求与欧盟建立新的战略伙伴关系；英国将引入新的体系管控欧盟移民，保障已在英国的欧盟公民权利，同时保障英国公民在欧盟国家的权利；英国将脱离欧洲法院司法管辖，但会寻求建立新的解决机制解决贸易争端等问题，并将在打击犯罪和反恐领域与欧盟继续合作。未来一周，英国议会将就这份白皮书进行持续讨论。 英国媒体指出，英国政府用仅有77页的白皮书解释“脱欧”这样的复杂事宜，内容空泛、缺乏细节。部分在野党还指责英国政府试图隐瞒具体“脱欧”计划。
20170203,国际联播快讯,美澳同盟因难民安置协议经受考验 美国白宫发言人斯派塞2日表示，美国总统特朗普对奥巴马政府与澳大利亚签署的一项难民安置协议表示“不可思议地失望”。据报道，特朗普在1月28日与澳大利亚总理特恩布尔的通话中称该协议为“史上最糟糕的协议”，并提前挂断了电话。这一协议规定，美国同意收容澳大利亚两处境外难民滞留中心的部分难民。不过，特恩布尔否认被特朗普挂断电话，并称两国关系牢固。 韩国特检组搜查青瓦台受阻 韩国特别检察组调查人员3日携搜查令抵达总统府青瓦台，试图以总统朴槿惠涉嫌受贿等罪名为由进入搜查，但青瓦台方面以总统府是涉及国家机密的安保重地为由予以拒绝。这是有关方面首次试图以现任总统涉嫌犯罪为由搜查青瓦台。 据报道，特检组2日晚收到首尔中央地方法院颁发的搜查令，朴槿惠被列为犯罪嫌疑人，涉嫌受贿以及滥用职权等。韩国从未有过相关方面成功进入青瓦台搜查的先例。特检组计划在下周晚些时候对朴槿惠进行当面调查。 阿莫纳定居点撤离行动结束 2日，约旦河西岸所谓的“最大非法犹太人定居点”阿莫纳的最后一批约250名定居者被以色列军警强行带走，该定居点的撤离行动结束。 以色列在1967年占领了约旦河西岸后，在那里建立了约120个由政府批准的犹太人定居点，而所有未经以政府批准的定居点被以政府视为非法。但是，不论以色列政府认为“合法”还是“非法”的定居点，都被巴勒斯坦方面和国际社会视为非法，并构成以巴和谈的最大障碍之一。
