date,title,content
20170528,习近平就斯里兰卡洪水和山体滑坡灾害向斯里兰卡总统致慰问电,国家主席习近平28日就斯里兰卡洪水和山体滑坡灾害向斯里兰卡总统西里塞纳致慰问电，对遇难者表示深切的哀悼，向受灾民众和遇难者家属表示诚挚的慰问。 习近平在慰问电中指出，中斯是传统友好邻邦，中国人民对斯里兰卡人民遭受灾害感同身受。中国政府愿全力支持斯里兰卡政府开展救灾工作，向斯方提供支持和帮助。相信斯里兰卡政府和人民一定能够战胜灾害，重建家园。 同日，国务院总理李克强也向斯里兰卡总理维克拉马辛哈致慰问电。
20170528,斯里兰卡洪水和山体滑坡造成严重伤亡,连日暴雨带来的洪水和山体滑坡在斯里兰卡造成严重伤亡，斯里兰卡灾难管理中心今天发布声明说，截至今天中午，已经有146人死亡、100人失踪，超过100万人受灾。 受灾情影响，斯里兰卡南部高速公路和铁路已经停运。斯里兰卡军队、警察和专业救援组织组成的救援队仍在受灾地区展开搜救，并对包括中南部三大河流沿岸居民在内的数万人进行疏散。全国范围内已设立304个临时安置点用于接收灾民。 斯里兰卡气象部门预计，未来几天，受灾区域还将有更多降雨。目前，斯里兰卡政府已经向联合国等国际组织及邻国寻求援助。
20170528,牢记使命 做党和人民的忠诚卫士,5月19日，习近平总书记亲切会见全国公安系统英雄模范立功集体并发表重要讲话。连日来，总书记重要讲话引起热烈反响，广大公安民警表示，要深入学习贯彻落实总书记重要讲话精神，以更加坚定的信念、更加高昂的斗志、更加扎实的作风，更好担负起党和人民赋予的使命。 5月27日，公安部召开全国公安机关视频会议，进一步就学习贯彻总书记重要讲话精神作出部署要求，指出全国公安机关要以总书记重要讲话精神武装头脑、指导实践、推动工作，以维护安全稳定的新业绩、党和人民满意的新形象迎接党的十九大胜利召开。 “对党忠诚、服务人民、执法公正、纪律严明”是总书记对全国公安机关提出的总要求，各级公安民警牢记在心。 王小安是兰州市公安局的一名刑警，从警24年来，侦破多起大案要案，命案破案率连续七年达到100%。 刚在北京参加完公安英模立功集体表彰大会的曾勇，回到荆州后，立即和同事们一起，投入到案情分析当中，继续奋战。 格斗拳、交警指挥手势、武警刺杀操、消防灭火救援……这是在江苏南通举行的一场公安实战汇演。 “全国公安系统英雄模范立功集体”的先进事迹正在全国各地以巡回报告的形式感动着更多人。朴实无华的语言、真挚平凡的感情，展现了人民公安“忠诚担当”的时代情怀，激励大家砥砺前行。
20170528,【为了我的国】撸起袖子加油干,端午节就要到了，粽子清香飘南北，龙舟已经赛起来。《新闻联播》今天推出系列报道《为了我的国》，向只争朝夕、百舸争流、砥砺前行的时代精神致敬。 在绵长的京新高速内蒙古阿拉善盟段，今天一早工人们就动手清扫沙尘暴留下的沙子。近1000名建设者，正在为930公里路面做“听力”和“视力”体检，保证通信和视频监控系统没有问题。沙漠修路难，沙漠护路更难，总长世界第一的沙漠公路畅通无阻，考验中国极限工程的建设和保障能力。 在中原麦浪滚滚的田野上，隆隆推进的联合收割机，今天在河南邓州开割第一镰。218万亩小麦将在4天内颗粒归仓，300个收割点开始测产，粮食连年增产，今年又是丰收在望。 在中国黄海上，一座海上移动城市惊艳亮相，我国自主设计建造的最大半潜式生活平台，正在做为期18天的试航测试。200多名技术人员，要确认这座可以自己航行的城市动力怎样，出故障怎么办，一口气能跑多远，服务水平怎么样。年内它将远航到墨西哥湾，让超过600人的深海作业人员拥有舒适的生活环境，如同在家一样。 在滔滔黄河，一位聪明的大力神今天开始以全球第一的臂力，顶推国家“十三五”重点工程——三门峡黄河公铁两用大桥要害部件。一个工程师加一台电脑，同步指挥140多个千斤顶，就能把4万多吨重的钢铁巨无霸，每天向前推进三米，稳稳当当推一年，最终完成一公里多长的跨度，这种力度和精度将刷新世界纪录。 在巍巍中条山，一座造福2000万人的民生工程正在冲刺。近百名建设者，24小时夜以继日，为小浪底引黄工程板涧河水库浇筑混凝土。3天后，这个大型工程将穿上坚固的混凝土盔甲，保证水库铜墙铁壁，为年底引水蓄水完成关键一步。
20170528,【我拿什么奉献给你】默默奉献 共筑繁荣,端午节是纪念爱国诗人屈原的日子。屈原志在强国富民，上下而求索，九死而不悔，两千多年来，他的爱国精神一直在传承。又到端午，中央电视台推出海采系列节目《我拿什么奉献给你》，一起来听一听普通老百姓怎么说奉献，怎么看报国。
20170528,龙舟竞渡 奋楫者先,百舸争流，奋勇争先，赛龙舟是端午节最火爆的重头戏。船桨翻飞齐心协力，鼓声如雷勇往直前，浓浓的端午味儿，就在这古老而常新的角逐中，飘满大江南北。 作为中国龙舟公开赛重要一站——海南澄迈站比赛今天激烈进行。眼前这场两百米竞速赛，被称为龙舟比赛里的速度大战。发力、冲刺，200米的赛程，男女选手们从一开始就要全力以赴，飞浆的频次更是达到了每秒两到三次。 凭借着精准的发令、默契的配合，廖忠琼所在的女子龙舟队，克服力量上的欠缺，在与男队的一场比拼中脱颖而出。 赛场上，奋勇争先的竞技精神，激励着每一位参赛队员。 由南到北，赛龙舟是端午节期间的重头戏，龙舟队员齐心协力，岸边群众齐声呐喊，浓浓的端午味儿就在这劈波斩浪中扑面而来。 “自古龙舟日竞渡，独有三溪夜赛航”，夜赛龙舟在福建长乐的三溪村已经有600年历史，在这里比拼，面对的是赛道窄、转弯急、能见度低，因此每年端午前，很多在外打工的村民都会早早回来训练，为的就是比赛有个好状态。 端午节到来之际，港澳台及海外的龙舟赛事接二连三地举行。参赛的豪情、拼搏的精神，感染着世界各地参与其中的人们。
20170528,【砥砺奋进的五年】吉林通榆：精准施策啃硬骨头,吉林省白城市，去年已经有10.2万人脱贫，但仍然有10万人还没有脱贫。这些人多数都是因病致贫、年老体弱的贫困人口，他们部分或者全部丧失劳动能力，瞅着脱贫好项目干瞪眼使不上劲，这些人能否如期脱贫，成为当地脱贫攻坚的硬骨头。 今年65岁的李健文6年前做了心脏手术，长期干不了重活，只能望着致富好项目干着急。如今依托扶贫专项资金，李健文在自家近两亩地的庭院里架起了大棚，种植当地著名的吉塔辣椒。粗略一算，光这一项一年的收入就能有3000元。 通榆县根据当地家家有庭院，且面积大又闲置的特点，推行了庭院经济产业扶贫，让行动不便的贫困户不出院门也能发展产业经济。而有些村民，情况比李健文还差。张玉芳的丈夫患有脑血栓十几年。因为丈夫生病，家里一下子少了个壮劳力；因为要照顾丈夫，张玉芳又搭上一个劳力。 而像张玉芳家这样类似情况不在少数，在白城市，60%已上的贫困人口都是完全失去劳动能力的。这部分人更是脱贫的硬骨头。因此育林村想到了因地制宜壮大集体经济，通过分红入股等方式，让这些完全没有劳动力的贫困户能够享受分红。在村里养牛养羊产业的基础上，村里又在谋划一个可持续发展的新项目。受200公里外的青山镇启发，村里看上了粉厂项目，那里每个粉厂，每年土豆加工量就能达到600万斤，利润超过60万元。 2017年，吉林省围绕年度脱贫项目责任清单，全年计划投入各类资金1000亿元以上，加快补齐制约贫困地区发展的突出短板，大力发展庭院经济、特色经济、光伏发电、乡村旅游、电商等扶贫新业态；织好大病保险、医疗救助等四道医疗保障网，实现县域内新农合政策报销比例达到85%以上。
20170528,“光盘行动” 拒绝舌尖上的浪费,端午节临近，大家难免走亲访友、外出聚餐，记者采访时发现，浪费现象还是普遍，这里提醒大家，勤俭节约，吃到光盘才算文明。 这里是江苏南京江宁区的一条美食街，26号晚上8点左右，记者走进了一家中等规模的饭店。 服务员告诉记者，客人用完餐后，他们会建议打包带走，但客人不要也就算了。 27号中午，记者来到浙江绍兴的一家餐馆，在一个包厢里记者看到，这桌十几个菜，有的素菜几乎未动，螃蟹、鸡、鱼等荤菜也剩了不少。 自助餐随量自取菜品，用餐浪费现象会不会好些呢？这里是天津市一家自助餐厅，为杜绝浪费，商家要求每个客人餐前交10元押金，就餐结束后如果剩菜超过50克，押金就被扣除。记者发现，大部分客人都坚持吃到光盘，但也有个别浪费现象。 记者在采访中发现，院校食堂浪费现象也不少。这是天津一家高校的食堂，今天放假，来吃饭的人不多，但仍能看到有的人将几乎没怎么吃的饭菜直接倒掉。
20170528,国内联播快讯,证监会:十项举措规范股东减持行为 证监会发布实施新修订的《上市公司股东、董监高减持股份的若干规定》，出台十条举措，对包括上市公司持股5%以上等三类股东的减持行为进行明确限制。上海、深圳两证券交易所也分别出台了完善减持制度的专门规则。 4500米载人潜水器完成水池试验 今天，我国自主研制的4500米载人潜水器成功进行全流程水池试验，各项指标符合设计预期。该载人潜水器总体国产化率超过90%，包括潜水器载人球舱、浮力材料等众多核心部件。潜水器将在7月进行海上试验。 十景区摘牌 两景区严重警告 国家旅游局对全国景区“厕所革命”整治情况进行了通报，对天津、河北、甘肃、福建、江西、山东、广东、四川、贵州等10家4A级景区予以摘牌处理。对整改严重滞后的河南省西峡伏牛山老界岭·恐龙遗址园旅游区、青海省青海湖景区两家5A级旅游景区给予严重警告，限期6个月整改。 “庆祝香港回归20周年”开放日活动举行 今天，外交部驻港特派员公署举行“庆祝香港回归20周年”开放日活动，来自香港各界3000多民众通过参观图片等，感知国家发展和外交成就，进一步了解“一国两制”在香港的成功实践。 铁路迎来端午假期客流高峰 全国铁路今天迎来端午假期客流高峰，预计发送旅客1230万人次，武汉、沈阳、西安、呼和浩特等地通过加开临客、动车重联等办法提升运力。 江西上饶三清山机场今天通航 江西上饶三清山机场今天通航。机场占地面积2243亩，拥有6个机位，可起降波音737、空客320同类及以下机型。 中孟海军举行海上联合演习 中国海军远航访问编队与孟加拉国海军，在孟加拉湾海域举行了编队运动、联合补给、联合搜救等课目的海上联合演习，提高双方舰艇联合指挥与协同能力。 北方多地开启“高温模式” 从昨天开始，北方多地再度开启“高温模式”。内蒙古中部、华北南部、黄淮大部以及江汉北部等地出现了35℃以上的高温天气。预计30号起，高温天气将明显缓解。 中菲海关联合查获走私冰毒604公斤 厦门海关联合菲律宾马尼拉海关破获一宗冰毒走私案，查获冰毒604公斤，分别在马尼拉、福建等地抓获犯罪嫌疑人13名。 苏迪曼杯落幕 中国队获亚军 2017年苏迪曼杯世界羽毛球混合团体锦标赛今天下午结束冠军争夺战，中国队尽管在男单、男双项目上轻松赢球，但因为在女单、女双和混双项目上输球，最终以总比分2：3不敌韩国队，遗憾止步七连冠，获得亚军。
20170528,埃及军队接连空袭恐怖分子营地,极端组织27号宣称制造了埃及明亚省的车队遭袭事件。作为对车队遭袭事件的回击，埃及政府接连两天向利比亚境内的恐怖分子训练营发动了空袭。 据埃及媒体报道，在明亚省袭击车队的恐怖分子曾在利比亚境内的训练营地受训。26号晚些时候，埃及军方发布消息说，埃及空军当天对利比亚东部德尔纳附近的恐怖分子训练营地发动6轮空袭，成功摧毁了多个目标。27号，埃及军方再次对德尔纳地区发动了3轮空袭。 埃及总统塞西26号发表电视讲话说，埃及空袭的这些利比亚境内目标，与科普特人车队遭袭事件有关。对于袭击埃及人的恐怖分子，埃及绝不会手软，无论他们是在埃及境内还是境外。 载有科普特基督徒的车辆26号在明亚省遭到武装分子袭击，造成至少29人死亡，另有20多人受伤，遇难者中包括儿童。科普特人口占埃及全国人口的15%至20%。
20170528,国际联播快讯,七国峰会未就气候变化问题达成共识 七国集团峰会27号在意大利小镇陶尔米纳闭幕。根据会后发表的公报，七国在反恐安全和自由贸易方面取得一致，但在应对气候变化问题上未达成共识。除美国之外，其他六国在公报中重申将迅速执行《巴黎协定》，以遏制气候变化。意大利总理真蒂洛尼在公报发表后的新闻发布会上呼吁美国“尽快作出好的选择”。美国总统特朗普当天在社交媒体上说将于下周决定美国是否退出《巴黎协定》。 菲政府军加大对反政府武装清剿力度 菲律宾政府军27号继续在南部城市马拉维对反政府武装展开清剿行动，动用了直升机和榴弹炮对“穆特组织”和阿布沙耶夫武装躲藏的地点进行袭击，目前已经有61名武装分子被打死。马拉维20万居民中近90%已经离开市区。菲律宾武装部队西棉兰岛司令部司令27号说，政府军还将加大打击力度，争取在3天之内完成战斗。 阿富汗东部汽车炸弹袭击 18人死亡 阿富汗东部霍斯特省首府霍斯特27号发生一起自杀式汽车炸弹袭击，袭击造成至少18人死亡，另有多人受伤。袭击者的目标是一群安保人员，但死伤者大多数是平民。阿富汗塔利班随后宣称制造了这起袭击。 4月28号塔利班宣布发动新一轮“春季攻势”以来，阿富汗各地袭击事件时有发生，近期，阿富汗安全部队在全国加紧对武装分子的清剿行动。 英航航班因系统故障大面积延误 因电脑系统出现故障，27号，英国航空公司取消了该公司在伦敦两大机场：希思罗和盖特威克机场的所有航班，导致大批旅客在机场滞留。罗马、布拉格、米兰等地也有航班延误情况出现。英航称，这次故障是由电力供应问题引发的，目前没有证据显示有受到网络攻击的迹象。 据英国媒体报道，这已是英航电脑系统自去年以来第六次出现故障，有航空专家指出，英航应该及时启用备用系统，避免给乘客造成影响。 “朱诺”探测器近距离拍摄木星 美国宇航局近日公布了木星探测器“朱诺”从遥远太空传回的一组木星彩色照片。其中，“朱诺”在经过木星南北极时拍下的一个巨大的气旋系统令科学家们惊叹。这个气旋系统直径长达1400公里，大小相当于一个普通行星。“朱诺”还探测到了氨元素的存在。科学家发现，氨的浓度随着纬度的变化而变化，这使得木星的大气结构非常复杂。 科学家们说，此前从未预料到木星的大气层会有如此复杂的风貌。 《粉墨春秋》在比利时国家剧院上演 26号，由山西华晋舞剧团主演的大型原创舞剧《粉墨春秋》登上比利时布鲁塞尔国家剧院的舞台。为欧洲观众展现了中国文化艺术的独特魅力。舞剧《粉墨春秋》讲述的是20世纪初北国梨园，三个武生起起落落、至真至切的戏曲人生故事，传递出中华文化中坚韧拼搏的精髓。
