date,title,content
20170607,习近平离京对哈萨克斯坦共和国进行国事访问并出席上海合作组织成员国元首理事会第十七次会议和阿斯塔纳专项世博会开幕式,6月7日下午，国家主席习近平乘专机离开北京，应哈萨克斯坦共和国总统纳扎尔巴耶夫邀请，对哈萨克斯坦共和国进行国事访问并出席上海合作组织成员国元首理事会第十七次会议和阿斯塔纳专项世博会开幕式。 陪同习近平主席出访的有：中共中央政治局委员、中央政策研究室主任王沪宁，中共中央政治局委员、中央书记处书记、中央办公厅主任栗战书，国务委员杨洁篪等。
20170607,习近平在哈萨克斯坦媒体发表署名文章,6月7日，在对哈萨克斯坦共和国进行国事访问前夕，国家主席习近平在《哈萨克斯坦真理报》发表题为《为中哈关系插上梦想的翅膀》的署名文章。 习近平指出，我即将第三次访问哈萨克斯坦，并出席上海合作组织峰会和阿斯塔纳专项世博会开幕式。今年适逢中哈建交25周年。在这四分之一世纪里，中哈政治互信日益牢固，务实合作不断加深，人文交流更加紧密。中哈关系经受住时间和国际风云变幻考验，从建立睦邻友好关系到发展全面战略伙伴关系，再到打造利益共同体和命运共同体，实现了跨越式发展，达到历史最高水平。 习近平强调，2013年，我首次访问哈萨克斯坦期间提出建设丝绸之路经济带倡议，“一带一路”合作由此发端。上个月，“一带一路”国际合作高峰论坛在北京成功举行。“一带一路”建设为我们创造了前所未有的历史机遇。我们要推进共建“一带一路”合作，加快发展战略对接；要将产能合作打造成中哈合作新增长极，加快实施双方已确定的早期收获项目；要大力发展高技术和创新合作，推动中哈合作向更高质量迈进；要打造中哈民心相通工程，更积极推动人员交往和文化交流；要深入开展安全合作，践行共同、综合、合作、可持续的安全观；要密切国际和多边领域合作，及时就国际和地区热点问题交换意见。希望中哈共同发展繁荣之路越走越宽，越走越顺。2017阿斯塔纳专项世博会是中亚国家首次举办世博会，“未来能源”主题同中方打造“绿色丝绸之路”倡议高度契合。中方支持哈萨克斯坦将这次世博会办出特色、办出水平。 习近平指出，今年是《上海合作组织宪章》签署15周年和《上海合作组织成员国长期睦邻友好合作条约》签署10周年。长期以来，上海合作组织成员国弘扬互信、互利、平等、协商、尊重多样文明、谋求共同发展的“上海精神”，不断巩固互信，扎实推进各领域合作，为促进地区稳定和繁荣作出了重要贡献。即将举行的阿斯塔纳峰会将为本组织下一步发展奠定坚实基础。中方将在本次峰会后接任轮值主席国，愿同哈方及其他成员国一道努力，以阿斯塔纳峰会为新起点，推动上海合作组织实现新发展，更好造福地区各国人民。 习近平强调，哈萨克斯坦人民正朝着实现民族振兴、国家富强的“哈萨克斯坦梦”阔步前进。中国人民也在为实现“两个一百年”奋斗目标和中华民族伟大复兴的中国梦而不懈努力。共同的期盼、共同的梦想将中哈两国人民紧密连接在一起，两国人民正同心筑梦，并肩追梦，携手圆梦。相信只要我们矢志笃行，中哈关系必将插上梦想的翅膀，飞向更加美好的未来。
20170607,习近平向第八届清洁能源部长级会议和第二届创新使命部长级会议致贺信,第八届清洁能源部长级会议和第二届创新使命部长级会议6月7日在北京开幕。国家主席习近平致贺信，对会议召开表示祝贺。 习近平指出，发展清洁能源是改善能源结构、保障能源安全、推进生态文明建设的重要任务。这次召开的两场重要会议，体现了国际社会对清洁能源技术开发和利用的高度关注，体现了全球对建设清洁高效能源体系的积极向往。 习近平强调，中国高度重视清洁能源发展，为此采取了一系列重大政策措施，取得了积极成效。中国将坚持节约资源和保护环境的基本国策，贯彻创新、协调、绿色、开放、共享的发展理念，积极发展清洁能源，提高能源效率，推动形成绿色发展和生活方式，努力建设天蓝、地绿、水清的美丽中国，实现人与自然和谐共处。希望会议分享发展和推广清洁能源的认识和经验，共同推动全球走绿色、低碳、循环、可持续发展之路。
20170607,李克强主持召开国务院常务会议,国务院总理李克强6月7日主持召开国务院常务会议，决定推出新的降费措施，要求兑现全年为企业减负万亿元的承诺；部署新建一批大众创业万众创新示范基地，推动体制机制创新和经济转型升级；通过《志愿服务条例（草案）》。 会议指出，持续减税降费，让企业轻装上阵，是推进供给侧结构性改革、培育竞争新优势的重要举措。会议确定，在今年已出台4批政策减税降费7180亿元的基础上，从7月1日起，一是将建筑领域工程质量保证金预留比例上限由5%降至3%。二是取消电价附加中的工业企业结构调整专项资金，将重大水利工程建设基金和大中型水库移民后期扶持基金征收标准降低25%。三是降低电信网码号资源占用费等6项行政事业性收费标准。四是暂免征银行业和保险业监管费。预计上述新措施每年可再减轻企业负担2830亿元，合计全年为企业减负超过1万亿元，其中降费占60%以上。会议要求加强督查，把减税降费落到实处。各级政府要建立涉企收费目录清单制度。国务院主管部门要在7月1日前公布中央和地方政府性基金及行政事业性收费目录清单，实现全国“一张网”动态化管理，从源头上防范乱收费。 会议指出，为贯彻创新驱动发展战略，去年国家批准建设首批“双创”示范基地，有力促进了就业扩大和新动能成长。按照《政府工作报告》部署，会议确定，今年再新建一批“双创”示范基地，形成覆盖各省级行政区、一二三产业及新兴和传统产业、各类所有制，包括农民工返乡创业、海外人才来华创业在内的创业创新格局。为此，各地各部门要深化改革，为“双创”营造更好政策环境。一要更大力度推进“放管服”改革，鼓励在示范基地实行审批职责、事项、环节“三个全集中”。推行商标网上申请和电子营业执照。二要以“双创”为抓手，促进国有大企业生产组织、创新模式、分配方式等变革，推动大中小企业融通发展。三要加快发展“互联网+”创业网络体系，建设一批低成本、便利化、开放式众创空间。四要落实和完善税收减免、股权激励等优惠政策，制定鼓励“柔性引才”政策。五要强化知识产权保护，促进科技成果转化应用。 会议通过《志愿服务条例（草案）》，确定了志愿者权利义务、鼓励发展专业志愿服务等，并规定了扶持措施，促进志愿服务蔚然成风，成为推动文明进步、增进民生福祉的重要力量。 会议还研究了其他事项。
20170607,刘云山会见金砖国家媒体高端论坛媒体代表,中共中央政治局常委、中央书记处书记刘云山7日在京会见金砖国家媒体高端论坛的媒体代表。 刘云山说，金砖国家合作已走过十年历程，成为促进世界经济增长、完善全球治理、推动国际关系民主化的重要力量。今年9月，中国将主办金砖国家领导人第九次会晤，期待同各成员国一道，进一步凝聚共识，推动金砖国家合作迈上新台阶。媒体合作是金砖国家合作的重要领域，希望五国媒体弘扬金砖精神，深化互利合作，共同讲好金砖故事，为金砖国家伙伴关系发展注入更多正能量。 与会媒体代表表示，将以此次高端论坛为契机，加强交流互鉴和务实合作，为金砖国家深化合作贡献力量。 此次高端论坛由新华社倡议并联合巴西、俄罗斯、印度、南非主流媒体共同发起，以“深化金砖国家媒体合作，促进国际舆论公平公正”为主题。
20170607,【砥砺奋进的五年·重大工程】中国桥梁 世界点赞,这五年来，全球超过一半的大跨度桥梁都出现在中国，“最长、最高、最大、最快”这样的纪录，不断被写进世界桥梁史，它们不仅让“天堑变成通途”，更让“中国桥”成为展示中国形象的新品牌。 作为目前世界上在建的最长跨海大桥，全长55公里的港珠澳大桥拥有世界上最长的海底隧道，组成隧道的33根沉管，每一节都堪比一艘航空母舰的体量。 建造这样一座大桥的背后，是中国人要解决超长的跨海距离、超深的海水深度、超级台风、洋流冲击和海浪冲刷等一系列世界性的难题。 不仅是港珠澳大桥，去年才通车的北盘江大桥，桥面距谷底达到了565米，相当于200层楼高，是世界第一高桥；四川干海子特大桥，世界第一座全钢管混凝土桁架梁桥，最高钢管格构桥墩达117米；鹦鹉洲长江大桥，世界跨度最大的三塔四跨悬索桥；湘西矮寨特大悬索桥，创四项世界第一。 这五年来，世界排名前10位的跨海长桥中，中国已经占据6座；这五年来，世界排名前10位的斜拉桥，中国已经占据7座；这五年来，世界排名前10位的悬索桥，中国已经占据6座。 而放眼未来，世界跨度最大的公路铁路两用大桥——沪通长江大桥预计2019年通车；主桥设置双层双向10车道、世界上通行能力最大的杨泗港长江大桥2019年也将建成。也就是说，未来，我们还有一大批世界级的桥梁正在路上。
20170607,我国5月外汇储备连续第四个月回升,中国人民银行今天发布了5月末外汇储备余额，中国外汇储备实现了四连升。 中国人民银行今日发布数据显示，中国5月末外汇储备30535.7亿美元，比4月末外汇储备余额30295.3亿美元上涨200多亿美元，为连续第四个月回升。 国家外汇管理局表示，5月末外汇储备规模环比小幅上升，是由多重因素综合作用。5月，我国跨境资金流动延续回稳向好势头，外汇供求继续处于基本平衡状态；国际金融市场出现波动，非美元货币相对美元总体升值，外汇储备所投资的资产价格有所上升。因此，推动了外汇储备规模的回升。 国家外汇管理局还强调，随着金融市场扩大开放的效果继续显现，将进一步巩固跨境资金流动平稳、均衡发展的基础，推动外汇储备规模趋于稳定。
20170607,多地抗旱 确保农业生产好势头,眼下，我国东北西部和山东东部等地旱情持续发展，给农业生产带来困难。各地积极抗旱，确保粮食生产好势头。 在内蒙古赤峰，受旱情影响，部分农作物出苗困难。目前，全市还有近240万亩耕地没有播种，其中旱地缺墒面积就有60万亩。 辽西地区今年遭受了十年来未遇的旱情，当地调减了坡岗地的120多万亩玉米改种耐旱作物。 在山东招远，农业部门发动村民改变传统的喷灌漫灌的灌溉方式，用最为节水的滴灌方式对农作物进行灌溉，能够减少6成的用水。 截至目前，辽宁、内蒙古、吉林、黑龙江、河北和山东6省（区）农作物受旱面积达到1056万亩。针对各地旱情实际情况，农业部先后派出7个工作组，赴旱区开展工作督导。
20170607,2017年全国统一高考今起举行,2017年全国统一高考从今天开始举行，全国共有940万考生参加考试，考生人数与去年持平。 今天是高考的第一天，各地的考试科目都是语文和数学。一些走出考场的考生说，感觉今年的题目更加具有开放性，和现实联系更加密切。例如作文题目就涉及到了“‘一带一路’、共享单车、恢复高考40年、重读长辈这部书、共和国，我为你拍照”等丰富的题材。 今年高考的一大看点是作为高考综合改革的两个试点地区，上海、浙江迎来了第一次“3+3”模式新高考，即语数外三门统考科目加考生三门自选科目，上海是六选三，浙江是七选三。而三门选考科目在今天的统一高考前都已结束。  即使是统考科目中的外语，浙沪两地也首次实行了一年两考，如果考生对第一次的成绩满意，今天考完数学和语文后，就可以提前结束今年的高考。新高考在录取方式上也实行了改革，以往考生报志愿是以学校为单元录取，现在浙江改为直接报考到哪一所大学的哪一个专业，上海则把过去的文理两大类分为更加细化的若干种专业组合，给考生提供了更丰富的选择性。
20170607,国内联播快讯,小微企业年应纳税所得额上限调至50万 财政部、税务总局发布消息，自2017年1月1日至2019年12月31日，将小微企业的年应纳税所得额上限由30万元提高至50万元，对年应纳税所得额低于、等于50万元的小微企业，其所得减按50%计入应纳税所得额，按20%的税率缴纳企业所得税。 太湖流域片五省市将建立“联合河长制” 太湖流域片的江苏、浙江、上海、福建和安徽五省市今后将建立“联合河长制”，对跨省河湖实施联合监管，实现河长制全覆盖，为每条河道、每个湖泊制定综合治理方案，实施“一河一策”。 健康扶贫工程已救治260多万贫困患者 我国健康扶贫工程截至今年5月底已分类救治贫困患者260多万人，到2020年，贫困地区将人人享有基本医疗卫生服务，农村贫困人口大病将得到及时有效救治保障，县域内就诊率提高到90%左右，基本实现大病不出县。 2017年中国国际技能大赛开赛 2017年中国国际技能大赛今天开赛，来自35个国家和地区的400多名选手将在上海进行一场为期两天的技能较量，这是我国目前举办的最大规模的国际性技能赛事，也是我国申办2021年世界技能大赛的重要“备战”。 空军今年将招收第11批女飞行学员 今年空军将在全国31个省、自治区、直辖市的高中毕业生中招收第11批女飞行学员，共35名。6月中下旬，空军各招飞选拔中心开始组织初选。具体招收办法可通过空军招飞网、招飞微信公众号了解。 上海查获全国首起毒品行李箱走私案 上海浦东机场海关查获全国首起“毒品行李箱”走私案，缴获可卡因10.19千克。犯罪嫌疑人将可卡因与塑料颗粒混合在一起，利用注塑手法，把含有毒品的原料做成旅行箱，是一种新式的毒品藏匿手法。 大中型中华鲟长江口放流 2017年长江口珍稀水生生物增殖放流活动，昨天在上海举行，30尾国家一级保护动物中华鲟和3万多尾国家二级保护动物胭脂鱼被放流。 峨眉山现十年一遇最美杜鹃花海 近日，峨眉山十多万亩杜鹃花，从山下到海拔3000多米的山顶次第绽放，花海、云海交相辉映，这是峨眉山杜鹃近十年来开得最盛、最艳丽的一年。预计此等美景将持续到七月。
20170607,哈各界期盼习主席此访深化两国关系,哈萨克斯坦各界对习近平主席到访给予高度关注，期盼此访能取得圆满成功，为哈中双边关系发展注入新动力。 哈萨克斯坦信息和通讯部副部长阿吉巴耶夫表示，习近平主席此访对于推动双方关系和各领域合作具有重要意义。 这是习主席第三次访问哈萨克斯坦，也是“一带一路”国际合作高峰论坛后习主席的首次出访。哈萨克斯坦学者说，三年多前习主席在当地提出“一带一路”倡议影响深远，相信此访将为“一带一路”合作注入强劲动力。 因为参加中国电视节目，哈萨克斯坦歌手迪玛希成为哈中两国的名人。这几天他专程回到哈萨克斯坦参加相关活动。
20170607,中国电影展在哈萨克斯坦举行,7日，“哈萨克斯坦2017中国电影展”在阿斯塔纳哈萨克斯坦国家媒体中心拉开帷幕。本次电影展由中国国家新闻出版广电总局、驻哈萨克斯坦大使馆和哈方有关机构共同主办，是“一带一路”框架下在人文领域举办的一次重要电影文化交流活动。 本次电影展为期12天，将展映《狼图腾》、《真爱》、《鲜花》、《伊犁河》等6部优秀中国影片。这些影片题材多样、品质精良，展现了中国作为一个多民族国家的风采，将有助于哈萨克斯坦观众了解中国不同地域的风土人情、当下中国社会的发展以及中国人民的精神世界。
20170607,伊朗议会和霍梅尼陵同日遭袭,当地时间今天上午，位于德黑兰的伊朗议会和霍梅尼陵几乎同时发生袭击事件。袭击者在这两处地点都制造枪击并发动了自杀式爆炸。伊朗媒体报道说，袭击至少造成12人死亡，42人受伤。 伊朗法尔斯通讯社报道，4名袭击议会的武装分子和3名袭击霍梅尼陵的武装分子已经全部死亡。 据媒体援引伊朗政府官员的话说，袭击议会的武装分子是身穿女装进入议会的。他们持有手枪和AK-47突击步枪，在议会的枪战持续了两个多小时。 极端组织随后宣称制造了这两起袭击事件。 伊朗情报部门说，当天还挫败了另一起恐怖袭击图谋，但没有进行详细说明。
20170607,多国与卡塔尔断交风波持续,在沙特、埃及、巴林等阿拉伯国家宣布与卡塔尔断交后，6日，位于非洲的阿盟成员国毛里塔尼亚也宣布与卡塔尔断交。与此同时，科威特等国正积极进行斡旋。卡塔尔表示愿意接受调停。 在断绝外交关系的同时，沙特等国也对卡塔尔关闭了海陆空口岸。6日，央视记者驱车前往卡塔尔与沙特边境的阿布·萨迈拉口岸，这里已经完全看不到往日货车排队等待通关的景象。 6日，科威特埃米尔萨巴赫紧急访问沙特，与沙特国王萨勒曼进行磋商。土耳其总统府6日也宣布，总统埃尔多安正在进行外交斡旋，敦促各方保持克制，化解危机。萨巴赫前往沙特前与埃尔多安和卡塔尔埃米尔塔米姆通了电话。 卡塔尔外交大臣穆罕默德5日对半岛电视台表示，卡塔尔尊重科威特埃米尔萨巴赫的调停行动，卡塔尔埃米尔为此推迟了原本计划发表的全国讲话。穆罕默德说，为缓解紧张的地区外交局势，卡塔尔准备接受调停。 不过，正在欧洲访问的沙特外交大臣朱拜尔6日表示，要缓解危机，卡塔尔必须停止支持激进组织，并与伊朗拉开距离。 由于美国在中东有大规模军事存在，中东一些国家希望美国发挥调解作用。6日，美国总统特朗普在社交媒体发文，对沙特表示支持。他还与沙特国王通了电话。对于媒体有关美国到底持何立场的疑问，白宫发言人斯派塞表示，美方正与中东各国保持联系，希望能够帮助解决这次外交风波，让各方重回合作轨道。
20170607,缅甸一架载有116人的军机失联,据缅甸军方透露，缅甸一架载有116人的军用飞机失联。飞机原计划从南部丹老群岛附近飞往仰光，但在途中失联。
20170607,国际联播快讯,法国巴黎圣母院前一男子袭警 法国巴黎圣母院前的广场6日发生一名男子持锤子袭击警察事件，造成一名警察受伤，男子被警察开枪制服。法国内政部长科隆说，袭击者是一名出生于阿尔及利亚的大学博士生。据法国媒体报道，这名40岁的男子是法国洛林大学的在读博士，在警方审讯中承认自己是极端组织成员。洛林大学校长说，嫌疑人之前从未有过过激行为，并未显示出“激进化”的一面。 “喀布尔进程”和平与安全会议举行 6日，旨在结束冲突、推进民族和解的“喀布尔进程”和平与安全会议在阿富汗首都喀布尔举行，这是由阿富汗政府主导的最高级别的和平进程。包括中国、美国、俄罗斯在内的20多个国家以及联合国、欧盟等国际组织的代表出席。阿富汗政府希望借助这一平台，在国际社会的支持下，一同为实现阿富汗和平而努力。阿富汗总统加尼在开幕讲话中还向塔利班喊话，希望他们加入和谈。 巴西最高选举法院重启对总统的审判 巴西最高选举法院6日开庭，审理2014年总统选举获胜者罗塞夫及其竞选搭档特梅尔是否存在舞弊和收受贿赂行为。罗塞夫和特梅尔共面临23项指控。根据法律规定，如果两人最后被判存在违法行为，现任总统特梅尔将被罢免。新一任总统将由议会选举产生。 2014年巴西总统大选中，罗塞夫和竞选搭档特梅尔获胜，连任巴西总统和副总统。败选的巴西社会民主党随后起诉执政党收受了企业的非法政治捐款。
