date,title,content
20170327,习近平举行仪式欢迎密克罗尼西亚联邦总统访华,国家主席习近平27日上午在人民大会堂东门外广场举行仪式，欢迎密克罗尼西亚联邦总统彼得·克里斯琴对我国进行访问。 习近平主席夫人彭丽媛、全国人大常委会副委员长陈昌智、国务委员杨洁篪、全国政协副主席王家瑞等出席欢迎仪式。 陪同克里斯琴访华的有总统夫人、外交部长等。 军乐团奏密中两国国歌。鸣礼炮21响。 克里斯琴在习近平陪同下检阅中国人民解放军三军仪仗队。 两国元首回到检阅台观看仪仗队分列式。 随后，军乐团进行行进吹奏表演。 克里斯琴是应习近平的邀请对我国进行访问的。
20170327,习近平同密克罗尼西亚联邦总统举行会谈,欢迎仪式后，习近平主席同克里斯琴总统举行会谈。 习近平指出，自2014年中密建立相互尊重、共同发展的战略伙伴关系以来，双方深化政治互信，加强互利合作，两国关系取得新的重要发展。中国一贯主张，国家不分大小、贫富、强弱，都是国际社会平等成员，都应该相互尊重、和平相处、互利合作、共同发展。中方视密克罗尼西亚联邦为太平洋岛国地区的好朋友、好伙伴，愿同密方保持高层及各级别交往，尊重彼此核心利益和重大关切，夯实两国关系的政治基础。双方要深挖潜力，扎实推进旅游、农业、渔业、基础设施等领域合作。我们欢迎密方参与“一带一路”建设，实现共赢共享发展。中方愿同密方拓展文化、教育、青年等领域和地方交流与合作，增进两国人民的相互了解和友谊。 习近平强调，当前国际形势复杂多变，发展中国家面临的挑战增多。中密两国在很多国际和地区问题上有相同或相似的看法。中方愿继续就联合国2030年可持续发展议程、气候变化等重大问题同密方加强协调，维护好发展中国家共同利益。中方支持密方继续在地区事务中发挥积极作用，愿就太平洋岛国事务同密方加强对话与沟通。 克里斯琴表示，密中建交28年来，双边关系取得强劲发展，这得益于双方始终尊重彼此独立和主权完整。密克罗尼西亚政府坚定奉行一个中国政策，支持中方在气候变化、全球化等重大问题上的立场，愿与中方在应对全球性挑战方面密切沟通协调。密方感谢中国多年来对密克罗尼西亚经济社会发展给予的支持和帮助，高度赞赏中方“一带一路”倡议，愿积极参与这一框架下的务实合作。 会谈后，两国元首共同见证了两国经济技术合作协定的签署。 杨洁篪出席。
20170327,习近平举行仪式欢迎马达加斯加总统访华,国家主席习近平27日下午在人民大会堂东门外广场举行仪式，欢迎马达加斯加共和国总统埃里·拉乔纳里曼皮亚尼纳对我国进行访问。 习近平主席夫人彭丽媛、全国人大常委会副委员长严隽琪、国务委员杨洁篪、全国政协副主席李海峰等出席欢迎仪式。 陪同埃里访华的有总统夫人、总统府总统项目、领土整治和装备部长、总统府农业和畜牧业部长、国防部长等。 军乐团奏马中两国国歌。鸣礼炮21响。 埃里在习近平陪同下检阅中国人民解放军三军仪仗队。 两国元首回到检阅台观看仪仗队分列式。 随后，军乐团进行行进吹奏表演。 埃里是应习近平的邀请对我国进行访问的。
20170327,习近平同马达加斯加总统举行会谈,欢迎仪式后，习近平主席同埃里总统举行会谈。 习近平指出，中马建交45年来，始终平等相待、相互尊重，在涉及彼此核心利益和重大关切问题上相互理解、相互支持，两国各领域友好合作成果丰硕。双方要保持高层交往势头，扩大政府、立法机构、政党、地方等各领域人员交往，加强治国理政经验交流，巩固两国友好的政治基础。中马互利合作潜力巨大。中方欢迎马方积极参与“一带一路”建设，愿支持马达加斯加发挥“一带一路”连接非洲的桥梁和纽带作用，同马达加斯加建立全面合作伙伴关系，并在中非“十大合作计划”和“一带一路”倡议框架内，同马方加强对接。我们愿结合马方实际需求和中方比较优势，着力支持马方构筑基础设施建设、人力资源开发、投资贸易便利化三大支撑，重点围绕农业、渔业等产业开展互利合作。双方要密切各界交流，进一步便利双方人员往来。我们愿加强同马方安全、警务、司法、执法合作。中方支持马方在国际和地区事务中发挥更大作用，愿同马方就气候变化、2030年可持续发展议程、非洲和平和安全等重大国际和地区问题加强沟通协调，共同维护两国和发展中国家共同利益。    习近平强调，中方坚定致力于同非洲发展全面战略合作伙伴关系，将继续秉持真实亲诚对非政策理念和正确义利观，全面落实中非合作论坛约翰内斯堡峰会成果，把实现自身发展同助力非洲自主可持续发展紧密结合起来，实现合作共赢、共同发展。    埃里表示，马中友谊源远流长，很高兴在马中建交45周年之际对中国进行访问。中国是马达加斯加和非洲的重要合作伙伴。马达加斯加对伟大中国的发展成就深感钦佩，愿发挥连接非洲和中国的桥梁作用，通过深化马中合作助力马达加斯加经济社会发展，促进包括马达加斯加在内非洲的工业化。马方高度赞赏习近平主席在年初达沃斯世界经济论坛年会上的演讲，支持“一带一路”倡议，希望加强两国在能源、航空、交通运输、港口和机场建设等领域合作。马方愿密切同中方在国际事务中沟通协调。    会谈后，两国元首见证了《中华人民共和国政府与马达加斯加共和国政府关于共同推进丝绸之路经济带和21世纪海上丝绸之路建设的谅解备忘录》，以及经贸、基础设施建设等领域双边合作文件的签署。    杨洁篪等出席上述活动。
20170327,习近平会见尼泊尔总理,国家主席习近平27日在人民大会堂会见尼泊尔总理普拉昌达。 习近平指出，中尼友好合作符合两国和两国人民的根本利益。当前，中尼关系深入发展。两国保持了政府、政党等各层级密切往来，稳步推进互联互通、灾后重建、基础设施、人文交流等领域合作。我对此感到高兴。双方要继续一道努力，维护中尼关系发展积极势头，开创中尼友好合作新局面。 习近平强调，中尼要不断增进政治互信，继续加强各层级往来，在涉及彼此核心利益的重大问题上相互支持。要坚定推进互利合作，以共建“一带一路”为契机，扎实推进互联互通、自由贸易安排、农业、产能、能源、灾后重建等各领域合作，扩大双向投资和贸易，促进双边贸易平衡可持续发展。双方要丰富人文交流内涵，深化旅游、文化、青年、媒体等领域合作，将地方合作走深走实。要深化执法安全合作。中方愿同尼方加强在联合国等多边机构内的合作，就气候变化、可持续发展等问题协调立场，维护共同利益。 普拉昌达表示，中国是尼泊尔的友好邻邦，尼方衷心感谢中方长期以来给予的支持、特别是为尼灾后重建提供的宝贵帮助。近年来，尼中双边关系取得新的进展。尼泊尔坚定奉行一个中国政策，决不允许任何势力在尼领土上从事反华活动。尼方支持“一带一路”倡议，愿积极拓展同中方在贸易投资、交通运输、基础设施、旅游、航空等领域合作，密切人文交流，以更好造福两国人民。尼方赞赏中国在国际事务中发挥的重要和积极作用，愿同中方在国际和地区事务中密切协调合作。 杨洁篪等参加会见。
20170327,李克强寄语澳大利亚华侨华人：做中澳合作的纽带 沟通的桥梁 友好的使者,当地时间25日晚上，正在澳大利亚悉尼访问的国务院总理李克强和夫人程虹出席澳大利亚华侨华人举行的欢迎晚宴并致辞。 在来自全澳的600多名华侨华人代表的掌声中，李克强代表中国政府和人民向百万旅澳华侨、华人和留学生们致以诚挚问候和衷心祝福。李克强说，访澳几天来，我深切感受到广大华侨华人对祖国和祖籍国的眷恋和热爱。大家为澳大利亚的发展作出了重要贡献，也为中澳两国友谊与合作的巩固和深化发挥了纽带作用。 李克强简要介绍了中国经济社会发展情况。他表示，尽管面对国际不稳定不确定因素增加等困难和挑战，但中国发展回旋余地大，特别是我们有13亿多人口，受过高等教育和拥有专业技能的人才众多，这是巨大的人力资源优势。我们以供给侧结构性改革为主线，实施创新驱动发展战略，推进“放管服”等改革，以大众创业、万众创新集众智、聚众力，促使社会创造活力、市场潜力不断迸发。中国经济转型升级的局面正在形成，完全有能力保持中高速增长、跃上中高端水平。 李克强希望在澳同胞积极到国内投资兴业，留学生学成后以多种形式报效祖国，大家充分发挥各自特长和优势，积极参与中澳合作和中国发展，成为中澳、中国同外部世界沟通的桥梁和友好的使者。 当地时间26日上午，李克强圆满结束对澳大利亚的正式访问并出席第五轮中澳总理年度会晤后乘专机离开悉尼，澳大利亚外交部长毕晓普专门去机场送行，高度评价李克强访澳圆满成功。中国驻澳大利亚大使成竞业等也到机场送行。
20170327,李克强抵达惠灵顿对新西兰进行正式访问,这里是新西兰惠灵顿国际机场，应新西兰总理比尔·英格利希的邀请，国务院总理李克强于当地时间26日傍晚抵达这里，开始对新西兰进行正式访问。这是自2006年以来中国国务院总理首次访问新西兰。去年，也就是2016年的11月，中国和新西兰宣布启动双边自贸协定升级谈判，李克强总理的此次到访，将为中新全面战略伙伴关系的进一步发展注入新的强劲动力。 李克强总理夫人程虹同机抵达。 新西兰总理英格利希和夫人玛丽·英格利希到机场迎接。两国总理夫妇在舷梯旁互致问候，亲切交谈。中国驻新西兰大使王鲁彤也到机场迎接。 李克强表示，我很高兴在中新建交45周年之际访问新西兰。中新关系取得长足发展，长期走在中国同发达国家关系的前列。我期待通过此访，同新方就两国关系和共同关心的问题深入交换意见，提升各领域合作水平，增进民间友好，推动中新关系不断攀上新高峰。 李克强指出，目前世界经济复苏依然低迷，逆全球化和保护主义倾向抬头。中新都是自由贸易的倡导者和践行者。多年前，两国率先签署双边自贸协定，当前形势下更应共同发出反对保护主义、促进贸易投资自由化便利化的积极信号。这不仅符合双方共同利益，也有助于本地区和世界的稳定发展与繁荣。 访新期间，李克强将同英格利希举行多场会晤、见证双边合作文件签署并共见记者。两国总理将在奥克兰共同参观中新合作项目、会见新中关系促进委员会成员、出席人文交流等活动。李克强还将会见新西兰总督雷迪、工党领袖利特尔等政要。
20170327,李克强对全国国土绿化和森林防火工作电视电话会议作出重要批示,全国国土绿化和森林防火工作电视电话会议今天在京召开。中共中央政治局常委、国务院总理李克强作出重要批示。批示指出：国土绿化是生态文明建设的重要内容，是实现可持续发展的重要基石。党的十八大以来，各地区、各相关部门认真落实党中央、国务院决策部署，开拓进取，真抓实干，国土绿化和森林防火工作取得明显成效。要贯彻落实新发展理念，坚持以推进供给侧结构性改革为主线，创新体制机制，着力推进国土绿化扩面提质，深入开展全民义务植树活动，大力实施林业重点生态工程，加快补齐生态环境短板，进一步提升生态产品供给能力。要严格落实责任，加强应急能力建设，切实做好森林防火工作，筑牢国家绿色屏障，积累更多生态财富，为建设美丽中国、促进经济社会持续健康发展作出新贡献。 国务院副总理、全国绿化委员会主任汪洋出席会议并讲话。
20170327,我国工业企业1-2月利润同比增速创近6年新高,国家统计局今天发布数据显示，受产品价格上涨和成本费用下降等因素影响，今年前两个月，我国规模以上工业企业实现利润总额10156.8亿元，同比增长31.5%。比去年12月份加快了29.2个百分点，增速创下了2011年4月以来的新高。 在41个工业大类行业中，农副食品加工业、纺织制造业、石油加工等36个行业利润总额同比增加，电力、热力生产和供应业等5个行业利润出现下降。总体来看，目前我国工业企业利润仍然属于恢复性增长阶段。
20170327,【时代先锋】徐立平：勇者无惧 匠心报国,有这样一个岗位，要为火箭发动机里危险的火药做整形。在这个危险岗位上，坚持三十年不失误不出次品，需要怎样的力量和勇气。今天的时代先锋，我们来认识这样一位天天和火药打交道的人：徐立平。 这是我国最大的固体火箭发动机，是未来中国运载火箭的心脏。而要保证飞行精度，一道特殊的工艺必不可少。 固体发动机里装满了橡胶一样的燃料，徐立平的工作就是用刀具为燃料整形。 经徐立平之手雕刻出的火药药面误差不超过0.2毫米。但更大的挑战来自于燃料的危险性。几克的燃料就能剧烈燃烧，而徐立平却要近距离地为几百公斤的燃料整形。 1989年，一台重点型号发动机出现内部缺陷。为彻查原因，厂里决定成立突击队，把燃料全部挖出来。这需要徐立平进入发动机内部工作。 就这样，徐立平和同事们挖出了几百公斤的燃料，研制工作如期完成。这样的惊险时刻，徐立平经历过不止一次。三十年来，他参加制造的载人火箭逃逸塔一次次守护着航天员的生命安全，而阅兵式中许多导弹武器，也装备着徐立平亲手修整过的发动机。
20170327,国内联播快讯,云南重拳整治旅游市场 云南今天出台22条措施，整治旅游市场。其中包括取消旅游定点购物；严禁变相安排和诱导购物；严惩欺诈销售等。同时将严查不合理低价团，建立“黑名单”等制度。该措施将于4月15号起实施。 乌鲁木齐至和田首开特快列车 经过23个小时，1960公里的运行，由乌鲁木齐开出的首趟“民族团结一家亲号”特快旅客列车昨天(26号)到达和田，这是铁路进疆近60年来，首次开行从乌鲁木齐直达和田的特快旅客列车。 张家港四次获“全国文明城市”称号 第四届“全国文明城市”日前揭晓，江苏张家港连续四次获得“全国文明城市”称号，这是我国唯一获此殊荣的县级市。目前张家港市有志愿团队900多支，注册志愿者5万多名。 各地开展中小学生安全教育活动 今天是第22个全国中小学生安全教育日，黑龙江、浙江、北京等地围绕“加强疏散演练 确保学生平安”主题，开展了疏散逃生、用火用电、交通安全等教育活动，提升中小学生安全意识和自救能力。
20170327,伊军恢复摩苏尔西部城区军事行动,由于近期出现大量平民伤亡，伊拉克政府军25日一度暂停向摩苏尔西部城区的推进。26日，政府军恢复军事行动，在摩苏尔西部城区与极端组织展开激战。 26日，伊拉克政府军地面部队在摩苏尔大清真寺附近与极端组织展开激烈交火，政府军派出直升机对极端组织据点实施空中打击。在摩苏尔西南部城区，政府军还与极端组织展开了巷战。 伊拉克政府去年10月发起收复摩苏尔的军事行动。截至目前，已收复了摩苏尔东部城区，以及西部城区超过三分之一的地区，并对西部城区实施了全面封锁。伊拉克政府军参谋长奥斯曼表示，极端组织曾经一度占据伊拉克45%的领土，但随着战事不断推进，目前伊拉克只剩下3.5%的领土还在极端组织的控制之下。一旦摩苏尔西部城区被收复，这个数字会下降到2.8%。
20170327,叙库武夺取拉卡附近一座空军基地,叙利亚库尔德武装主导的“叙利亚民主军”26日说，该武装当晚从极端组织手中夺取了拉卡附近的塔布卡空军基地。 “叙利亚民主军”26日表示，经过与极端组织激战，已夺取塔布卡空军基地，它将被用来向当地运送人道主义物资，但目前机场需要修缮。 本月21日，在美国主导的“国际联盟”的支持下，“叙利亚民主军”越过幼发拉底河，对极端组织控制的拉卡以西约40公里的城市塔布卡发起突袭，并不断向拉卡逼近。 “叙利亚民主军”26日表示，他们预计夺取极端组织大本营拉卡的战役将在4月初打响。对此，叙利亚政治分析人士认为，目前从政治上讲，攻击拉卡的时机并不成熟。
20170327,国际联播快讯,韩国检方申请批捕前总统朴槿惠 韩国检方27日向法院申请批准逮捕前总统朴槿惠。法院将于近日做出是否批捕的决定。 目前检方对朴槿惠的指控包括受贿罪、滥用职权罪、泄露机密罪等。朴槿惠对其中的大部分指控予以否认。 朴槿惠成为继前总统卢泰愚、全斗焕后，第三名被检方提请批捕的韩国前总统。据悉，法院最早或将于30日做出是否批捕的决定。 日本滑雪场雪崩致8人心肺功能停止 27日，日本栃木县那须地区的一个滑雪场发生雪崩，当时滑雪场内有数十名高中生以及教师正在进行登山训练。截至目前，雪崩已造成至少8人心肺功能停止。当地警方和消防部门正在加紧救援。 当地气象台说，27日凌晨那须地区开始降雪，因为气温比较高，导致发生雪崩的可能性加大。 德首场地方选举举行 基民盟胜出 德国萨尔州26日举行地方选举。初步统计结果显示，现任总理默克尔领导的基民盟赢得了40.7%的选票，下届德国总理热门人选舒尔茨领导的社民党获得了29.6%的选票。德国联邦议会选举定于9月24日举行。萨尔州的选举是大选前进行的三个地方选举中的第一场。 近期一项民调显示，谋求第四个总理任期的默克尔的获支持率稍领先舒尔茨。德国舆论普遍认为，舒尔茨已成为默克尔的强劲对手。
