date,title,content
20170331,中共中央政治局召开会议 听取2016年省级党委和政府脱贫攻坚工作成效考核情况汇报 中共中央总书记习近平主持会议,中共中央政治局3月31日召开会议，听取2016年省级党委和政府脱贫攻坚工作成效考核情况汇报，对推进脱贫攻坚工作提出要求。中共中央总书记习近平主持会议。 会议指出，脱贫攻坚工作在党和国家工作全局中具有重要地位。党的十八大确定了到2020年全面建成小康社会的目标，其中最难实现的就是农村贫困人口脱贫、贫困县摘帽、消除区域性整体贫困。实现这个目标是我们党对人民的庄严承诺。必须把从严要求贯穿脱贫攻坚工作全过程、各方面，严格落实脱贫攻坚工作报告制度、责任制度、考核制度、督查巡查制度，确保实现脱贫攻坚工作目标任务。 会议认为，中央扶贫开发工作会议以来，脱贫攻坚顶层设计基本完成，五级书记抓扶贫、全党动员促攻坚的格局基本形成，各项决策部署得到较好贯彻落实，精准扶贫、精准脱贫深入人心，基层干部群众积极性进一步调动，年度减贫目标任务得到较好完成。事实证明，党中央关于脱贫攻坚工作的决策部署是正确的，按照现有政策力度和工作力度，只要实事求是、真抓实干，到2020年是可以完成任务的。同时，必须看到，工作中还存在着脱贫质量不高、帮扶工作不实、扶贫措施不够精准、资金监管有待加强等突出问题。 会议强调，推进脱贫攻坚工作，要坚持把人民利益放在首位，各级领导干部要从巩固党执政的阶级基础和群众基础、保持党同人民群众的血肉联系的高度出发，增强推进脱贫攻坚工作的使命感和责任感。要充分发挥政治优势，形成推进脱贫攻坚工作的强大合力。脱贫攻坚工作，是我们党的历史使命，是各级党委、政府和各部门一把手的职责。实施党政一把手脱贫攻坚工作责任制、脱贫攻坚期内保持贫困县党政正职稳定、开展东西部扶贫协作和机关定点扶贫、向贫困村派驻第一书记和驻村工作队这样一些行之有效的措施，必须继续坚持，不断提高水平。 会议指出，要继续坚持精准扶贫、精准脱贫方略，用绣花的功夫实施精准扶贫。精准扶贫首先要打牢基础，做实做细建档立卡，实现动态管理。要坚持分类施策的基本原则，针对致贫原因采取有效措施。要激发贫困地区广大干部群众内生动力，靠辛勤劳动改变贫困面貌、过上幸福的生活。对贫中之贫、困中之困、难中之难、坚中之坚的地方，要采取超常措施加以扶持。 会议强调，要全面落实从严治党要求，较真碰硬落实脱贫攻坚工作责任。要发挥考核指挥棒作用，把求真务实的导向立起来，把真抓实干的规矩严起来，让真干假干不一样、干多干少不一样、干好干坏不一样，确保脱贫攻坚工作成效经得起实践和历史检验。 会议还研究了其他事项。
20170331,习近平主席即将对芬兰进行国事访问并赴美国举行中美元首会晤,习近平主席即将对芬兰进行国事访问，并赴美国举行中美元首会晤。外交部负责人今天在京向中外媒体通报了有关情况。 据介绍，习近平主席将于4月4日至6日对芬兰进行国事访问。这是习近平主席作为中国国家元首首次访问北欧。访问期间，习近平主席将出席欢迎仪式、会谈会见、签字仪式、共见记者和欢迎晚宴等活动，同芬方领导人就中芬关系、中欧关系、各自发展道路以及共同关心的国际和地区问题交换看法，凝聚更多共识，共谋合作愿景，为中芬关系未来发展绘制蓝图。中芬两国传统友好，双方发展战略契合度很高，蕴含着巨大合作潜力。相信这次访问将提升中芬关系水平，推动中国－北欧合作深入发展，推进中欧和平、增长、改革、文明四大伙伴关系建设。 据介绍，习近平主席将于4月6日至7日赴美国佛罗里达州海湖庄园，同特朗普总统举行中美元首会晤。这是美国新政府就职以来中美两国元首首次会晤，对推动新时期中美关系健康稳定向前发展、促进亚太地区和世界和平稳定繁荣都具有重要意义。会晤期间，两国元首将举行会见会谈，就中美关系和共同关心的重大国际地区问题深入交换意见，为两国关系发展指明方向、作出规划。习近平主席同特朗普总统两次通电话、多次通信，就新时期中美关系发展达成重要共识。双方都期待着早日举行两国元首会晤。双方应该按照两国元首达成的共识，秉持不冲突不对抗、相互尊重、合作共赢原则，推动中美关系在新的起点上取得更大发展。中方愿同美方相向而行、密切合作，精心做好各项工作，确保中美元首会晤圆满成功。
20170331,应习近平邀请 缅甸总统将访华,应国家主席习近平邀请，缅甸联邦共和国总统廷觉将于4月6日至11日对中国进行国事访问。
20170331,李克强会见塞尔维亚总统,国务院总理李克强今天在人民大会堂会见塞尔维亚总统尼科利奇。 李克强表示，中塞政治互信牢固，务实合作不断深化。昨天习近平主席同你举行富有成果的会谈，达成诸多共识。中方愿同塞方坚持相互尊重、平等合作，推动中塞关系深入发展。 李克强指出，中塞贸易与投资快速增长，产能、基础设施建设等合作不断取得新突破。希望双方进一步挖掘合作潜力，发挥“16+1合作”等机制作用，按照市场原则和商业框架推进重点合作，实现互惠双赢和可持续发展。建设好匈塞铁路等大项目，加强人文交流，密切在“16+1合作”框架内沟通协作。 尼科利奇表示，塞方愿继续扩大对华合作，欢迎中国企业赴塞投资。希进一步加强两国基础设施、产能等领域重大项目合作，扩大农产品贸易，共同开拓第三方市场合作机遇。
20170331,张德江会见塞尔维亚总统,全国人大常委会委员长张德江今天在人民大会堂会见了塞尔维亚总统尼科利奇。 张德江说，中国和塞尔维亚是风雨同舟、患难与共的好朋友，合作成果丰硕。昨天，习近平主席同总统先生举行了重要会谈，达成了新的重要共识，从战略和全局的高度指明了未来两国关系发展的方向。中国全国人大重视发展同塞国民议会的友好关系，愿加强各层次密切交往，开展治国理政、立法监督等方面的经验交流，提供务实合作和人员往来的法律保障和政策支持，筑牢两国友好的民意和社会基础，为推动中塞全面战略伙伴关系发展做出积极贡献。 尼科利奇说，塞中信任和友谊永恒不变，我对双边关系的未来充满乐观和期待，支持两国立法机关加强交流合作。 王晨参加会见。 当天，尼科利奇还前往北京天安门广场，向人民英雄纪念碑敬献花圈。
20170331,全国政协召开双周协商座谈会 围绕“优化电子商务监管”建言献策 俞正声主持,全国政协30日下午在京召开第63次双周协商座谈会，围绕“优化电子商务监管”建言献策。全国政协主席俞正声主持会议并讲话。 全国政协委员石军、程红、杨志明等以及专家学者徐显明、刘强东、马云等在座谈会上发言。 委员们认为，近年来，电子商务迅猛发展，极大地促进了经济发展、就业和民生改善。但由于电子商务的跨地域性和开放性等特点，以及有关法律法规和人们诚信意识的缺失，电子商务还存在着售卖假冒伪劣商品、侵犯知识产权、虚假宣传和个人信息安全等问题。要促进电子商务健康发展，必须坚持促进发展、优化监管。发展不能忽视监管，监管也不能妨碍发展，最重要的还是发展。 一些委员建议，一是要健全法律，“依法管网”。加快推动电子商务领域相关法律法规和标准规范的制订，为电子商务的健康发展和监管工作的有效开展提供必要的法律支撑。二是要转变思维，“以网管网”。要突破地区局限和传统管理方法，继续探索税收监管、质量监管、打假监管与电商平台相结合的方式方法，强化技术手段与监管业务的融合，提升一体化监管技术水平。三是要鼓励探索，慎重建制。要加强对电子商务发展中前瞻性、苗头性、倾向性问题的研究，逐步规范，为电子商务创新发展提供良好环境。四是政府部门和电商平台要合理定责，信息共享。政府部门要支持和帮助电商平台发展，切实承担起监管责任；电商平台要承担起落实用户实名登记、保护消费者个人信息等责任。要充分调动政府、企业、社会各方面力量，构建共治格局，实现共同管网。 俞正声认真听取意见，不时与大家交流。
20170331,纪念刘复之同志诞辰100周年座谈会举行 刘云山出席,纪念刘复之同志诞辰100周年座谈会今天在北京举行。中共中央政治局常委、中央书记处书记刘云山出席座谈会，并在会前会见了刘复之同志亲属。 刘复之同志是我国政法战线的杰出领导人，曾任中国共产党第十二届中央委员会委员，原中共中央顾问委员会委员，最高人民检察院检察长。 中共中央政治局委员、中央政法委书记孟建柱在座谈会上回顾了刘复之同志生平业绩和历史贡献，并强调要学习他笃定理想、坚定信念，永远保持对党忠诚的政治品格；坚持原则、敢于担当，永远践行党的实事求是的思想路线；锐意改革、开拓创新，永远保持与时俱进的精神状态；热爱人民、服务群众，永远坚持以人民为中心的发展思想；克己奉公、修身养德，永远坚守共产党人的精神家园。 最高人民检察院检察长曹建明主持座谈会。
20170331,挪威首相将访华,应国务院总理李克强邀请，挪威王国首相埃尔娜·索尔贝格将于4月7日至11日对中国进行正式访问。
20170331,国务院印发《中国（辽宁、浙江、河南、湖北、重庆、四川、陕西）自由贸易试验区总体方案》,日前，国务院分别印发《中国（辽宁、浙江、河南、湖北、重庆、四川、陕西）自由贸易试验区总体方案》。 《总体方案》提出，自贸试验区要当好改革开放排头兵、创新发展先行者，以制度创新为核心，以可复制可推广为基本要求，在构建开放型经济新体制、内陆开放型经济发展新模式和建设法治化、国际化、便利化营商环境等方面，率先挖掘改革潜力，破解改革难题。要着力深化行政管理体制改革，提高行政管理效能，提升事中事后监管能力和水平，进一步推进简政放权、放管结合、优化服务改革。要推动西部开发、东北振兴、中部崛起和长江经济带发展、“一带一路”建设等国家战略的贯彻实施。
20170331,国务院印发《全面深化中国（上海）自由贸易试验区改革开放方案》,日前，国务院印发《全面深化中国（上海）自由贸易试验区改革开放方案》。 《方案》明确，上海自贸试验区要加强改革系统集成，建设开放和创新融为一体的综合改革试验区；要加强同国际通行规则相衔接，建立开放型经济体系的风险压力测试区；要进一步转变政府职能，打造提升政府治理能力的先行区；要创新合作发展模式，成为服务国家“一带一路”建设、推动市场主体走出去的桥头堡；要服务全国改革开放大局，形成更多可复制推广的制度创新成果。
20170331,中办 国办印发《关于深化国有企业和国有资本审计监督的若干意见》,近日，中共中央办公厅、国务院办公厅印发了《关于深化国有企业和国有资本审计监督的若干意见》，标志着国有企业和国有资本审计监督体系和制度进一步完善。 意见强调，深化国有企业和国有资本审计监督，要坚持依法审计、客观求实、推动发展、统筹安排的原则，认真贯彻落实宪法及审计法等法律法规，依法独立履行审计监督职责，审慎区分无意过失与明知故犯、工作失误与失职渎职、探索实践与以权谋私，客观作出结论和处理，着力发现国有企业和国有资本管理运营中存在的普遍性、倾向性、典型性问题，关注体制性障碍和制度性缺陷，反映发展运营中的突出矛盾和风险隐患，积极提出解决重大问题和推动改革发展的建议，促进国有企业深化改革，不断增强国有经济活力、控制力、影响力和抗风险能力，防范国有资产流失。 意见明确，深化国有企业和国有资本审计监督，要做到应审尽审、有审必严。要完善国有企业和国有资本审计监督体制机制，做到国有企业、国有资本走到哪里，审计就跟进到哪里，不留死角。国有企业主要领导人员要切实履行整改第一责任。国有资产监管等部门对审计发现移送的重大问题，要依纪依法依规处理，严肃追责问责，将审计结果及整改情况作为考核、任免、奖惩的重要依据。
20170331,河南许昌：建生态水系 打造北国水乡,这两天，贯穿许昌市区的清潩河畔樱花盛开，当地举办了首届樱花节，大批市民趁着好天气来踏青赏花。 可就在三年前，黄宝玉一家可没有这样的好心情，因为与河道只一路之隔，一年四季这条臭水河让全家很闹心。 黄宝玉一家的苦恼，也是当地政府最头疼的事儿。因为工业污染、生活污染日趋严重，原本就缺水的许昌，每年枯水期，市民们吃水都成问题。 转机出现在2014年，南水北调中线工程通水，许昌市每年能分得2.26亿立方水，完全满足了许昌市民吃水问题。于是许昌市把北汝河水和城市中水作为生态水源，连通了环城河道，挖出5个城市湖泊，开辟了4片沿河林带，一套完整的城市生态水系建立起来。同时关闭了河道内所有排污口，污水输入处理厂集中净化。 通过建生态水系，许昌地下水平均回升了2.6米，河水都达到了四类水以上，绿化覆盖率达到了目前的40.62%，人均公园绿地面积12.34平方米。
20170331,国内联播快讯,采购经理指数连续上升 经济稳中有进 今天公布的3月份中国制造业采购经理指数为51.8%，较上月上升0.2个百分点，连续两个月上升。另外，企业整体向好，反映订单不足的企业数量明显减少。 去年上市公司现金分红共计8301亿元 证监会消息，2016年沪深两市有2031家公司现金分红，共计8301亿元，今后证监会将对有能力但是不进行现金分红的公司进行监管约谈。此外，证监会还对鲜言操纵“多伦股份”及信披违规案罚没34.7亿元，对鲜言采取终身证券市场禁入措施。 《海岸线保护与利用管理办法》出台 《海岸线保护与利用管理办法》今天出台，明确规定将海岸线分为严格保护、限制开发和优化利用三类。将严格保护岸线纳入生态保护红线管理。严格限制建设项目占用自然岸线。不能满足自然岸线保有率管控目标和要求的围填海项目用海不予批准。 外国人来华工作许可制度明起实施 4月1日起，外国人来华工作许可制度将在全国启动实施，原《外国专家证》和《外国人就业证》统一为《外国人工作许可证》，并成为外国人在中国工作的唯一合法证件，申办时间大大缩短。 最高法试点跨域立案诉讼服务 最高人民法院决定，在北京、上海、福建、江苏、浙江、山东、四川七省市试点跨域立案诉讼服务机制。当事人可在试点法院范围内就近选择任一法院提交诉讼服务申请，办理涵盖立案、庭审、执行等多项诉讼事务。 去年全国接收食品药品投诉举报约103万件 记者今天从国家食品药品监管总局了解到，2016年，全国共接收投诉举报信息约103万件，同比增长34%。普通食品的投诉举报量最大，占比为80%。投诉举报反映的问题主要集中在流通环节，如无证经营、虚假宣传等。 2017年移动互联网岳麓峰会开幕 2017年移动互联网岳麓峰会今天在长沙开幕，3000多位移动互联网企业代表、青年创客，围绕“共享经济下的移动生活”进行了交流探讨。 海南：6年造林174万多亩 今天，海南三沙市在永兴岛、赵述岛等岛礁开展植树活动。2017年，三沙市预计将在辖区岛礁新增植树100万棵。六年来，海南通过持续开展造林绿化行动，累计造林绿化174.1万亩。 “字说中国·节传文脉”活动启动 “字说中国·节传文脉”大型文化创意活动，今天在陕西延安黄陵启动。在未来一年中，活动将在陕西具有传统文化特色的区县陆续展开，通过评选年度汉字等多种形式，弘扬传统文化。 广西桂林现“烟雨漓江”景象 云雾缭绕、如梦如幻，广西桂林昨天出现了“烟雨漓江”的景象。其成因是偏南暖湿气流遇到山石、江面等而凝结成平流雾，加上群山环绕，江面雾气难以消散。
20170331,全国人大西藏代表团访问英国 瑞士,全国人大西藏代表团近日访问了英国和瑞士，与当地议会、政府、学界、媒体等各界人士进行交流，全面介绍了西藏经济社会发展情况。当地各界人士表示，代表团的到来让他们有机会了解西藏的真实情况，希望双方能进一步加强交流，更好地促进双边关系发展。 代表团还与当地的藏胞进行了交流，介绍西藏自治区经济社会发展和民生改善情况，特别是当前精准扶贫工作进展。藏胞们敞开心扉，踊跃发言，表达对祖国的热爱、对家乡的思念和对相关工作的支持。
20170331,韩国法院批准逮捕前总统朴槿惠,当地时间今天凌晨，韩国首尔中央地方法院签发针对前总统朴槿惠的逮捕令。 首尔中央地方法院在声明中说，考虑到检方提出的朴槿惠涉嫌罪名以及朴槿惠“销毁证据的可能性”，批准逮捕朴槿惠。 逮捕令签发后不久，朴槿惠乘车离开检方指定地点，被押往位于首尔近郊的看守所。虽然当时是凌晨时分，仍有一些人在沿途部分路段高喊口号，表达对朴槿惠的支持。从出庭到被移送至看守所，朴槿惠对媒体未发一言。而亲信干政丑闻核心人物崔顺实也被关押在同一家看守所，但因两人被控共谋，因此被禁止见面或进行书信交流。 据报道，法院签发逮捕令后，检方有最多20天时间继续调查，之后将正式起诉朴槿惠。 韩国检方指控朴槿惠犯有滥用职权、受贿298亿韩元（约合1.83亿元人民币）以及泄露机密等13项罪名。韩国媒体报道称，如果罪名成立，朴槿惠可能被判10年或以上监禁。 朴槿惠是继卢泰愚、全斗焕之后，第三名被批捕的韩国前总统，也是韩国首名被弹劾罢免的总统。
20170331,普京北极论坛上回应俄美关系问题,30日，俄罗斯总统普京出席了在俄西北部城市阿尔汉格尔斯克举行的第四届“北极——对话区域”国际北极论坛，对近期舆论关注的多个有关俄美关系的热点问题进行了回应。 在被主持人问到俄罗斯黑客是否干涉了去年的美国大选时，普京予以坚决否认。 关于当前俄美关系，普京评价为“几乎处于零点”。他说，完全破坏俄美关系是巨大的错误，抱有这种想法的人是不负责任的。普京还表示，俄罗斯和美国目前在叙利亚问题上的合作出现了积极的进展，这是一个好的信号。他已经准备好与美国总统特朗普举行会谈，就经济、安全以及地区冲突等诸多议题进行深入讨论，双方实现会面最有可能是在今年5月芬兰举办北极国家领导人峰会上，但这需要美国方面同样表现出良好的意愿并进行若干建设性的工作。
20170331,国际联播快讯,"日民众抗议要求彻查""森友学园""丑闻 日本右翼教育机构“森友学园”地价门等丑闻，及其推行的极右教育引发日本民众不满。30号，日本民间组织召集民众，在东京国会议事堂外举行抗议活动，要求查明“森友学园”相关丑闻的内幕真相，包括首相安倍晋三及其夫人安倍昭惠与丑闻的关系。 另据日本共同社报道，安倍昭惠近期减少了公开活动，取消了包括原定于4月1号举行的演讲会等活动。 朝马就朝鲜公民死亡事件达成协议 据朝中社30日报道，朝鲜和马来西亚当天发表共同声明，宣布就一名朝鲜公民2月在吉隆坡机场死亡事件达成协议。马方同意将死亡男子遗体送还朝鲜，两国解除针对对方公民的出境禁令，并保证本国领土内对方公民的安全。 同一天，马来西亚总理纳吉布发表声明证实，先前遭朝鲜禁止离境的9名马来西亚公民已经获准离境。今天清晨，这9人抵达吉隆坡。作为回应，马来西亚允许在马朝鲜公民离境并交还一名在马来西亚死亡朝鲜公民的遗体。 热带气旋“黛比”在澳引发严重洪灾 尽管热带气旋“黛比”目前已经从澳大利亚过境，但余威不减，给澳大利亚东北部昆士兰、新南威尔士等多州带来持续强降雨，导致当地主要河流水位暴涨，引发洪灾，已造成1人死亡。大水漫入城区，淹没多条道路、住宅区。一些居民被困，等待救援。 由于灾情严重，澳大利亚最大城市悉尼所在的新南威尔士州北部5个城镇已进入自然灾难状态。 “二手”火箭首次成功发射及回收 美国太空探索技术公司30日在佛罗里达州肯尼迪航天中心利用翻新的二手猎鹰9火箭把一颗商业通信卫星发射上天，这是人类太空史上的第一次。火箭第一级在完成任务后，又在大西洋中的一艘无人船上成功软着陆。有望再度被回收使用。美国太空探索技术公司方面宣布，该公司下一个目标将是火箭的快速可重复使用，目标是“在24小时内再次发射”。 2026世界杯名额分配建议方案出炉 国际足联主席因凡蒂诺与各大洲足球联合会主席30日在瑞士苏黎世举行会议，就扩军后的2026年世界杯决赛阶段各大洲名额分配建议方案达成一致。根据这一方案，世界杯决赛阶段参赛球队规模将由目前的32支扩大至48支，亚洲球队的参赛名额由目前的4.5个增加到8个。欧洲获得16个席位，依然占据各大洲榜首。东道主自动获得一个参赛席位，该席位占据其所在大洲的名额。 该方案将于今年5月交由国际足联理事会审议。"
