date,title,content
20170420,贵州选举产生出席党的十九大代表 习近平全票当选,刚刚结束的中国共产党贵州省第十二次代表大会，选举产生了贵州省出席党的十九大代表。在贵州参选的中央提名的代表候选人习近平同志，以全票当选党的十九大代表。 贵州省党代会代表们纷纷表示，习近平总书记全票当选十九大代表，是730多名省党代会代表的共同意愿，代表了全省170多万名党员的共同心声，充分体现了4000多万贵州各族干部群众对习近平总书记的衷心爱戴，体现了对以习近平同志为核心的党中央的衷心拥护。
20170420,全军和武警部队官兵：牢记训令 聚精会神锻造精兵劲旅,中共中央总书记、国家主席、中央军委主席习近平18日接见新调整组建军级单位主官并发布训令，在全军和武警部队引起强烈反响，广大官兵纷纷表示，习主席的训令是前行的方向，是发展的指引，是奋进的号角。 从领率机关到基层部队，广大官兵第一时间认真学习习主席训令，把学习训令与学习贯彻习主席系列重要讲话精神结合起来，作为推进改革和各项工作的指导思想和根本遵循。 兵不在多而在精。精兵作战、精确制胜，关键在一个“精”字。全军新调整组建84个军级单位，是我军在实施改革强军战略、走中国特色强军之路上又迈出的重要一步。 新调整组建的军级单位是新体制的重要组成部分，既主战、又主建，在维护国家主权、安全、发展利益中使命光荣、责任重大。 战场打不赢，一切等于零。习主席多次强调，军队是要打仗的。能打仗、打胜仗是强军之要，必须按照打仗的标准搞建设抓准备。我军在不同历史时期虽然担负的具体任务不同，但作为战斗队的根本职能始终没有改变。 锻造召之即来、来之能战、战之必胜的精兵劲旅，是部队一切工作的根本出发点和落脚点，官兵表示，贯彻习主席训令，就要强化战斗队意识，坚持战斗力标准，做好军事行动各项准备，时刻听从党和人民召唤。 军旗猎猎，战鼓催征，责任如山。各部队以苦练精兵的实际行动展示决心，牢记习主席训令，自觉维护核心、看齐追随，坚决维护党中央、中央军委和习主席权威，坚决听党指挥，坚决完成党和人民赋予的各项任务。
20170420,国务院印发《矿产资源权益金制度改革方案》,近日，国务院印发《矿产资源权益金制度改革方案》，决定建立符合我国特点的新型矿产资源权益金制度，维护和实现国家矿产资源权益，营造公平的矿业市场竞争环境。 《方案》提出以下改革措施：一是将现行探矿权采矿权价款调整为适用于所有国家出让矿业权、体现国家所有者权益的矿业权出让收益，中央与地方分享比例确定为4:6。二是将探矿权采矿权使用费整合为根据矿产品价格变动情况和经济发展需要实行动态调整的矿业权占用费，中央与地方分享比例确定为2:8。三是在矿产开采环节，做好资源税改革组织实施工作。四是将现行矿山环境治理恢复保证金调整为管理规范、责权统一、使用便利的矿山环境治理恢复基金。 《方案》还提出了相关改革配套政策。
20170420,黄大发：一生只为一清渠,在贵州遵义大山深处，共产党员黄大发用36年的时间，带领乡亲们在高山绝壁上凿出了一条清渠，养活了全村上千口人，为了这条渠，他从年轻小伙儿干到花甲老人，一生只为一清渠，今天带您认识这位老支书黄大发。 这条全长近10公里长的水渠，绕过三重高山、穿越三处险崖，将山头清澈的山泉水源源不断地引到山脚下的草王坝村。人在渠上走，肩膀擦着崖壁，脚旁10公分就是刀削般的绝壁深渊，当地人把这条渠叫作“大发渠”。 草王坝村，地处贵州遵义平正仡佬族乡，这里属于喀斯特地貌，一直干旱少雨。眼下正值春耕，方圆几里地的村民只需搬开田间路旁的水渠拦石，清水就能哗哗地流进自家水田，甚至还能养上些稻田鱼。可过去这里根本不敢想象有一天能这样奢侈地用水。 草王坝村没有水源，全村1500亩耕地，大多数都是广种薄收的旱地，年人均粮食才100多斤，缺水使得这里成为远近闻名的“穷窝窝”。上世纪50年代，草王坝村遭遇大干旱，刚刚当选村支书的黄大发忍不下去了。 附近山里就有稳定的水源，但草王坝村却隔着数座高山，为了吃饱饭，黄大发有了一个惊人的想法，在山上凿渠，把水引过来。说干就干，黄大发带领数百位村民，背上炸药、钢钎和铁锤就上山了。 修渠最艰险的就是测量，村里想花钱请施工队来，可谁都不敢接，黄大发就自己干。首先要在如刀削般的悬崖峭壁上标出凿渠的高低位置，黄大发让人将绳索拴在他的腰上，从山顶上放下去，凌空悬在垂直的崖壁上做标记。山顶到谷底1000多米，就靠这条绳索维系着，掉下去就是粉身碎骨。 在黄大发的带领下，草王坝村村民一干就是13年，硬是在绝壁上开凿出一条10多公里的水渠，并打通了110多米的隧洞。1978年，就在水渠即将完工时，一场洪水将所有的心血毁于一旦。 13年的努力失败了，村民们气馁了，黄大发却心有不甘，已经50多岁的他跑到水利站去学技术。 1992年，干旱再次来袭，黄大发决定重新修渠。这一次，县里划拨了6万元和38万斤玉米支持草王坝村，57岁的黄大发带领村民们再次上山了。 这一次，黄大发请来了工程师，但是修渠的过程依然充满危险。 三年后，这条全长10公里的水渠终于修成了，清澈的山泉水没日没夜地流进了草王坝村的田间地头。 1995年，草王坝村第一次有了真正旱涝保收的稻田，年产量连年翻番，从10万斤猛增到80多万斤。
20170420,本台短评：立下愚公移山志 劈山引水为人民,立下愚公移山志，劈山引水为人民。老支书黄大发几十年如一日，以血肉之躯劈山修渠，以实干苦干带领乡亲力拔穷根。黄大发这种咬定青山不放松、为民谋利终不悔的精神品质，深刻诠释了一名共产党员的底色。在打响脱贫攻坚战的今天，需要更多黄大发这样不忘初心、不改本色的好党员、好支书、好干部。
20170420,天舟一号货运飞船进入临发射状态,中国载人航天工程办公室消息，经空间实验室飞行任务总指挥部研究决定，我国自主研制的首艘货运飞船“天舟一号” 将瞄准今晚19时41分发射。 此刻，承担发射任务的长征七号运载火箭整装待发，那么现场的最新情况，我们马上连线央视记者丛威娜。
20170420,今晚央视将直播发射全程,今晚，在《新闻联播》结束之后，我台新闻频道、中文国际频道、中国国际电视台英语、西班牙语、法语、阿拉伯语、俄语五个外语频道及央视网、央视新闻移动网将进行现场直播，一同见证我国首艘货运飞船“天舟一号”的问天之旅。
20170420,【一带一路·合作共赢】柬埔寨光明行: 消翳障 通民心,“一带一路”倡议提出并实施以来，“五通”的理念惠及多个国家和地区。政策沟通、设施联通、贸易畅通、资金融通、民心相通不断推进。而各国人民间的友好交往，无私帮助就是民心相通的表现之一。近年来，海南省政府牵头在柬埔寨开展“光明行”活动，为患有眼疾的民众免费实施复明手术，给他们的生活带来巨大的改变。 距离暹粒市一个多小时车程，有一个叫做丹美的小村庄，这里位置偏远交通不便。73岁的珠榭是当地一名普通退休教师，她曾被双眼白内障困扰多年。珠榭每个月拿到的退休金约为400元人民币，然而在柬埔寨，一例白内障手术需要支付约3000元人民币，高昂的手术费让珠榭望而却步。 2017年1月，由海南省政府牵头，海航集团组织的“海南柬埔寨光明行”来到暹粒，中国医生免费为珠榭实施了复明手术。恢复视力后，珠榭的生活也从此改变。今年的宋干节期间，她不仅可以帮着孩子们一起布置家装，还能自己骑车出门拜访亲朋好友。 柬埔寨地处热带，日照时间长、紫外线强烈，白内障发病率较高，一些患者病情复杂。 从2016年9月到2018年12月，“海南柬埔寨光明行”将分五次，为柬埔寨的1000名患者实施手术。今年1月，“海南柬埔寨光明行”在暹粒执行第三次行动期间，团队代表还受到柬埔寨国王西哈莫尼亲切接见。 除了免费手术，中方团队还为当地的医院提供了设备、药物、医疗知识培训等诸多方面的援助与支持。中柬双方的医务工作者之间、中国医生与柬埔寨患者之间，结下了深厚的友谊。 十几年来“光明行”公益项目已经在中国国内、津巴布韦、马拉维、莫桑比克、柬埔寨等多个国家，累计为6500名白内障患者实施复明手术。今年开始，“光明行”项目还将继续在非洲开展为期5年的项目，为更多白内障患者带来光明。
20170420,【全面从严治党】安监总局：落实整改 摘帽“红顶中介”,"2016年10月，中央第十巡视组在向国家安全监管总局反馈专项巡视情况时指出，国家安全监管总局下属部分协会学会充当“红顶中介”，存在“二政府”“靠机关吃企业”等现象，近一时期，国家安全监管总局以巡视反馈个案线索为突破口，对系统内协会学会“红顶中介”实行摘帽。 位于广西煤矿安监局大院办公楼内的广西煤矿安全技术协会，2016年被中央巡视组发现，这家协会打着广西煤矿安监局的旗号开展安全生产条件现场核查,并违规收取核查费。 没有签订服务协议，本该由双方协商提供的服务就变成了协会单方面的“强制服务”。国家安全监管总局在收到中央巡视组反馈意见后，立即对广西煤矿安全技术协会进行了专项治理，责令该协会立即停止违规行为并全部退回向煤矿收取的费用。 截至2016年11月，违规收取的124.18万元已由广西煤矿安全技术协会向煤矿业主进行了退还。对于广西煤矿安监局监管不力的问题，国家安全监管总局党组已责成广西煤矿安监局党组作出深刻检查。 在查办具体问题的同时，国家安全监管总局从协会学会共性问题着手，开展对总局系统各协会学会评比、达标、表彰活动进行地毯式地清理和全面纠正，对没有政策依据的一律取消、一律叫停。 其中，中国职业安全健康协会上缴违规收取评审费用104.53万元，并废止涉及安全社区评定方面文件19个；中国索道协会停止安全生产标准化评审，并将违规收费161.01万元上缴国库。 为了从根本上褪去协会学会的行政色彩，国家安全监管总局不仅将总局正门前协会的牌子全部摘去。同时，国家安全监管总局直管的3个协会按照国务院统一部署纳入脱钩方案。一旦完成脱钩，就将取消国家安全监管总局同协会的主管关系，真正从行政上给总局系统的“红顶中介”摘帽，夯实巡视整改成果。"
20170420,网惠百姓民生 共享发展成果,信事业要发展，就必须“以人民为中心”。一年来，从城市到农村，越来越多的人正在共享互联网的发展成果。 近日，怀孕八个多月的南京市民邓女士在逛街时忽然感到头晕胸闷，她的同伴黄女士赶紧用手机上的“我的南京”APP呼叫120急救中心。 “我的南京”一键救急，除此之外，平台还能够及时向市民提供交通、医疗、环保、政务、房产等100多项在线服务，日均访问量接近1000万次。打造智慧城市，目的是信息惠民；截至去年底，我国在线政务服务用户规模已达2.39亿。 互联网不仅让城市市民有了更多获得感，也为农村地区的老百姓带去了丰厚的红利。今年56岁的王爱华，是国家级贫困县河北省武邑县王贤兰村的贫困户，老王说种一亩蔬菜一年的收入只有五百多块钱。去年，当地政府与电商合作开发了一个名为“扶贫跑步鸡”的养鸡项目，王爱华也申请领养了100只。 只要能够卖得出去，一只鸡就可以有30多块钱的收益，电商平台的统一销售，彻底解决了卖不出去的后顾之忧。王爱华最近刚刚拿到了3000元分红，这是他以前卖五六千斤蔬菜也挣不到的数字，互联网+养鸡，全县已有621个贫困户从中受益。 目前全国已有428个贫困县开展了电商扶贫试点，农产品网络零售交易总额达到2200亿元，电商助力脱贫，成为了农业增效、农民增收、农村繁荣的新动力。目前我国已建成世界上规模最大的宽带网络，覆盖到全国所有城镇和95%的行政村，互联网普及率超过全球平均水平3.1个百分点。
20170420,国内联播快讯,京津冀交通大动脉建设将提速 今年交通运输部将加快打造“轨道上的京津冀”，推进京张、京沈、张大、呼张等高铁建设，力争建成石济高铁。同时推进客运班线公交化的改造，特别是省际毗邻地区主要通道客运班线的公交化改造。 2017公祭大禹陵典礼在绍兴举行 2017公祭大禹陵典礼今天在浙江绍兴举行。典礼参照古礼进行，现场击鼓撞钟，表达华夏儿女对先祖的追思和敬意。
20170420,IMF称全球金融稳定状况有所改善,国际货币基金组织近日发布多个报告，认为全球金融稳定状况持续改善，并上调了今年全球经济增长预期。 国际货币基金组织在19日发布的《全球金融稳定报告》中说，自去年10月以来，全球金融稳定状况持续改善。不过，全球政治和政策不确定性增加，对金融稳定构成新的威胁。国际货币基金组织呼吁各国调整政策组合以促进长期、更强劲的包容性增长，同时避免采取“向内看”的保护主义政策。 而在此前一天发布的《世界经济展望报告》中，国际货币基金组织则上调了今年全球经济增长预期，其中中国经济表现亮眼是上调全球增速的主要原因之一。中国今明两年经济增长预期也分别上调0.1个百分点和0.2个百分点至6.6％和6.2％。 不过报告同时指出，保护主义升温、美联储加息步伐加快、大幅放松金融监管等因素将威胁全球经济增长势头，加大金融危机爆发的风险。
20170420,土选举机构驳回修宪公投无效请求,土耳其最高选举委员会19日发表声明宣布，驳回部分反对党和选民关于判定修宪公投结果无效的请求。提出这一请求的政党包括最大反对党共和人民党，以及人民民主党和爱国党。 本月16日，土耳其举行修宪公投。初步计票结果显示，执政党正义与发展党主导的支持修宪阵营赢得51.4%的选票，宪法修正案获得通过。土耳其将从2019年总统选举和议会选举后改为正式实施总统制。 修宪公投初步结果公布以来，伊斯坦布尔、安卡拉等至少20个城市接连爆发抗议示威活动。据土耳其媒体报道，警方19号在伊斯坦布尔拘捕了至少38人。
20170420,国际联播快讯,英国议会批准提前举行大选 英国议会下院19日举行投票，以压倒性多数通过了由首相特雷莎·梅提出提前举行大选的动议。英国将在6月8日举行大选。按照规定，在议会下院获得三分之二的支持票后，英国即可提前举行大选，无需再经议会上院批准。根据英国法律，英国现政府任期至2020年。而如果能够赢得6月的选举，特雷莎·梅政府就可以获得5年的执政时间，一直执政到2022年，足以保证英国完成“脱欧计划”。 叙政府全面控制大马士革西郊 叙利亚首都大马士革西北郊最后一批反政府武装人员19日撤离，标志着叙利亚政府全面控制大马士革西郊地区。叙利亚媒体报道称，反政府武装人员撤离前纵火，还引爆了弹药库。根据叙政府军与反政府武装先前达成的协议，2300多名反政府武装人员及其家属14日开始从大马士革西北郊撤离。与此同时，被反政府武装围困的伊德利卜省什叶派小镇卡夫拉亚和福阿的居民也分批撤离。目前反政府武装主要集中在大马士革东郊。 俄总理：俄经济态势趋向好转 19日，俄罗斯总理梅德韦杰夫向俄国家杜马作2016年政府工作报告。这份报告涉及俄罗斯经济、民生、医疗等多个领域，报告指出俄罗斯宏观经济态势正趋向好转。报告称，尽管遭遇西方国家对俄制裁以及国际油价低迷等不利条件，但俄罗斯经济正在摆脱对能源领域的依赖，农业和制造业均呈现增长态势，部分行业增速明显。不论是从本国经济统计数据，还是国际评级机构的分析，都显示俄罗斯经济正在走出低谷。 哥伦比亚中部发生泥石流 17人死亡 哥伦比亚中部城市马尼萨莱斯19日凌晨发生泥石流，目前已造成至少17人死亡，数十栋房屋被毁，两千多户家庭供水、供电及燃气中断，当地救援部门已经展开救援。据了解，当地18日晚降雨量达到143毫米，相当于平时一个月的降雨量。哥伦比亚近期降雨量超出正常水平，月初西南部普图马约省莫科阿市泥石流灾害造成314人死亡。
