date,title,content
20170127,【家和万事兴】,这里是广州市越秀区的西湖花市。广州的迎春花市每年三天，除夕是压轴的一天。花在城中开，人在花中游，人面鲜花相映红。 您现在看到的是内蒙古新巴尔虎右旗境内的1503执勤点，冷的边关热的血，战士持枪站岗，守望节日的祖国。 您现在看到的是山东枣庄的台儿庄古城，它是京杭大运河的中心点，也是抗日的英雄城。 您现在看到的是陕西绥德郭家沟村。绥德是国家级贫困县，但精准扶贫让脱贫摘帽上了快车。文化产业搞得红红火火。 您现在看到的是国家级非物质文化遗产上海豫园灯展。今年灯展的第一主角，就是鸡年雄鸡。2017，是上海自贸区诞生第四年，一年之计在于春，上海春意在改革。
20170127,真情温暖你我 大义守望神州——习近平总书记在2017年春节团拜会上重要讲话引发共鸣,“不能忘了人间真情，不要在遥远的距离中割断了真情，不要在日常的忙碌中遗忘了真情，不要在日夜的拼搏中忽略了真情。”习近平总书记在春节团拜会上说的这几句贴心话，一下子触到了人们内心最柔软的地方，说出了中国人最在乎的东西，一夜间成为网上最热的刷屏亮点。 新春佳节，河北石家庄南陈村的崔珍子老人109岁了，110口人五世同堂。“家和万事兴”在这个大家庭里既是家训也是印证。 昨天的《新闻联播》节目中列车长罗磊和新婚妻子刘颖只能利用两列火车短暂交汇隔窗相望的故事感动了很多人。 真情，需要用社会主义核心价值观来引领，需要用中华民族传统美德来滋养。 两年前，武汉老人屠礼华为在公交车上给自己让座的年轻人拍下63张笑脸照，善意的正能量被媒体广泛报道。 总书记在讲话中，向所有为伟大祖国发展进步作出贡献的老英雄、老模范、老战士、老同志、老前辈致以最崇高的敬意。总书记的祝福和牵挂，给老英雄、老模范带来实实在在的温暖。 “勤劳勇敢的中国人民是中华民族生生不息、发展壮大的脊梁”。在小康路上，每个人都是历史的创造者，也是成果的分享者。 在贵州都匀的移民新村里，又有100多户布依族、水族、苗族群众在新居过年。
20170127,【新春走基层·一路回家】回家路上 喜悦和思念相伴,那到底什么是真情呢？一千个人大概有一千个理解。但如果你去问那些今天急切奔走在回家路上的人们，也许就会得到同样的说法。那就是打拼了一年，怎么着也得回家，说什么也得团聚，千金难买合家欢。我们新春走基层的记者，正在和游子们一起回家。通过他们的镜头，你会看到重情重义的中国人，看到中国文化的温暖亮色。 记者在候车室里碰到一群务工人员，他们都是内蒙古赤峰人，结伴到“西电东送”工程上从事架线工作，辗转了山西、甘肃两省。这一路回家，他们要走近3000公里。 每年春节，回家的路途上，都会有一支特殊的摩托车大军。 这对被英国广播公司拍进纪录片的夫妻，被人们称作粥哥粥嫂，他们为过往的异乡人熬粥、送粥，今年是第四个年头。 受制于经济能力和出行方式产生的摩托车大军，人数其实正在逐年递减。 这个小伙子叫李江，90后，因为老爸想看看沿途的风景，他就骑行两千公里，带老爸回四川。 六年前，因为家里穷，李江把上学的机会留给妹妹，自己放弃了高考，独自外出打拼。现在他靠自学，在深圳跟人合伙开了一家网络公司，目前还在创业阶段。 今年，李江家中刚刚添了小外甥女，让他越发归心似箭。 杨成荣王新芬夫妻俩在浙江义乌打工，这是他们第一次带着孩子回家看爷爷，老人只在这对双胞胎刚出生那会儿见过他们。 大山阻隔了人们与外界的联系，但却挡不住归家人的脚步，家就在前方。 终于到家了，村子里正在杀猪宰羊。这个苗族村寨已经被列入易地扶贫搬迁的范围，这是他们在大山里过的最后一个春节。 两年多没见爷爷，两个孩子有些怕生了。
20170127,【厉害了 我的国】,您看，这就是除夕这一天的中国。国家领导人知道老百姓在想什么，老百姓知道自己需要什么，干部知道自己该干什么，军人知道自己保卫什么。所有人合起来，打拼出一个美丽的中国，日新月异的中国，让世界刮目相看的中国。我们征集了自拍视频和图片，表达出一个共同的心声：厉害了，我的国。
20170127,部队官兵向全国人民拜年,咱老百姓能热腾腾吃饺子，能欢欢乐乐看春晚，是因为有人守国门，有人在戍边，有人在天空和海洋枕戈待旦。除夕夜，人民子弟兵用军人独有的方式，向祖国献礼，给人民拜年。
20170127,【大美中国梦 金鸡报春来】2017年央视春节联欢晚会即将开始,
20170127,多个电视频道及网络平台将同步直播2017央视春晚,从今晚八点开始，《2017央视春节联欢晚会》将在我台综合频道、综艺频道、中文国际频道、军事农业频道、少儿频道，五个频道进行并机直播；新闻频道、中国国际电视台（中国环球电视网）将随时为大家插播精彩节目。另外，31个省、自治区、直辖市电视台也将并机央视综合频道进行直播；我台央视网以及腾讯、爱奇艺、优酷、新浪微博等新媒体机构也将通过网络播出央视春晚。
20170127,国内联播快讯,巡线机器人跨越长白山原始森林 我国自主研发的电力巡线机器人，近日成功跨越长白山原始森林，完成对100多公里的高压线路的巡检，这条线路上有332座跨树铁塔，人工巡线难度特别大，机器人巡检比人工节省一个月的时间。 四川成都：熊猫宝宝来拜年 今天，成都大熊猫繁育研究基地的熊猫宝宝向全国人民拜年。2016年，这里有十对熊猫双胞胎宝宝出生，是历史上最多的一年。 新疆布尔津：雾凇奇景装点新春 节日期间，新疆阿勒泰地区布尔津县出现大面积雾凇奇观，银装素裹、玉树琼枝，为这里的新年增添了梦幻色彩。
20170127,央视精彩节目伴您过大年,在即将到来的鸡年春节，央视各个频道都进行了特别编排，推出一大批精彩节目伴您过大年。 明晚19:30 ，综艺频道将播出《新春嘉年华》特别节目。 明晚19:55，科教频道将推出春节特别节目《我们的节日·金鸡鸣春》，解读“春”的奥秘，弘扬中国春节文化。 明晚19:30，音乐频道将播出新春特别节目《美丽中国唱起来》，十个城市，十种年味儿。 今晚19:43，新闻频道继续播出《一年又一年》特别节目，走下春晚舞台的演员和春晚总导演等将第一时间做客直播间，揭秘央视春晚幕后。明天起到正月初六，新闻频道每晚9点半将推出实时互动话题节目《家和万事兴》，百姓将坐上主播台，主播会走进百姓家，邀约广大观众和网友晒出你的幸福年。
20170127,恭贺中国新春 全球政要拜年,中国农历春节临近，多个国际组织负责人和多国政要送上了鸡年的新春祝福。 巴基斯坦总统、英国首相等多国政要也送上了新春的祝福。
20170127,四海迎新春 全球过大年,连日来，俄罗斯、马来西亚、越南等多国都举行了庆祝活动，共贺中国新春。 25日，由中国文化部、俄罗斯圣彼得堡市政府等联合主办的“欢乐春节”系列文化活动正式拉开帷幕。作为系列活动的重头戏，大型民族管弦乐《画境富春·丝路长安》当晚登陆圣彼得堡的马林斯基剧院，给俄罗斯观众带来一场听觉盛宴。春节期间圣彼得堡还将举办中国电影周、元宵庙会、围棋赛等活动。 由国务院侨务办公室派出的“文化中国·四海同春”艺术团近日在马来西亚的吉隆坡、诗巫等多地举行演出。本次演出的最大亮点是四川省带来的“川北大木偶”表演。“川北大木偶”是中国国家级非物质文化遗产，距今已有300多年的历史。此外，吉隆坡的天后宫还举行了迎新春的亮灯仪式，其中象征鸡年的一个巨型的公鸡灯笼引人注目，还有两万盏红灯笼陆续点亮，吸引大批民众和游客前来观看。 越南人也有过春节的传统，这是他们一年中最重要的节日。和中国人一样，他们也会贴春联、写福字，连日来越南首都河内最大的同春市场张灯结彩，喜气洋洋，很多当地民众都是一家老小来逛集市，各种以鸡年为主题的年画、装饰挂件都在热卖。 在海湾国家阿联酋，为了迎接到海外过年的中国游客，很多大型购物中心都特意安排了中国春节主题的装饰。在迪拜国际机场，传统的中国舞狮表演吸引游客们驻足观看，航站楼内还开设了“中国春节主题区”的展览，这也是迪拜机场连续第七年推出春节主题活动。
20170127,万家灯火庆春节,鸡年到来，金鸡报晓，祝您积极向上，生机勃勃，积德行善，吉庆有余。 万家团圆之际，让我们跟着直播镜头，再去感受中国人的新活法，中国的新气象。 贵州黔东南雷山县西江苗寨 现在您看到的是位于贵州的全国最大苗族村寨西江苗寨。酸汤鱼、猪疱汤、甜米酒，但使主人能醉客，农家乐里好过年。 福建南靖田螺坑土楼群 现在您看到的是位于福建省南靖县的田螺坑土楼群，它是世界文化遗产，被联合国称为“世界上独一无二的神话般的山区建筑模式”。土楼新春夜，家和万事兴。 南京秦淮河 您现在看到的是南京秦淮河上的桨声灯影。今年是第31届秦淮灯会，南京以“一城一河”为轴线，串联出十里秦淮旅游景观带。感受文化魅力，沉醉万家灯火。
