date,title,content
20170502,千年大计 国家大事——以习近平同志为核心的党中央决策河北雄安新区规划建设纪实,党中央、国务院决定设立河北雄安新区，是一项重大的历史性战略选择，也是深入推进京津冀协同发展的一项重大决策部署，是千年大计，国家大事。习近平总书记指出，雄安新区将是我们留给子孙后代的历史遗产，必须坚持“世界眼光、国际标准、中国特色、高点定位”理念，努力打造为贯彻新发展理念的创新发展示范区。央视记者近期采访了这一决策的出台过程，编辑完成特别节目《千年大计 国家大事——以习近平同志为核心的党中央决策河北雄安新区规划建设纪实》。 今年2月23日，中共中央总书记、国家主席、中央军委主席习近平专程来到河北省保定市安新县，实地察看规划新区核心区概貌。在大王镇的田野上，在展开的一张规划图前，总书记仔细察看区位、规划状况，详细了解人口搬迁安置等情况。 把疏解北京非首都功能的承载新区选在哪儿，事关发展全局，是涉及首都的历史性工程，要经得起历史检验。有关部门和专家们经过了长时间科学仔细论证，最后将新区确定在河北省雄县、容城、安新三县及周边部分区域。 雄安新区不是简单的平地建一个新城市，而是要走出一条用新发展理念建设现代化城市的新路径。 雄安新区不同于一般意义上的新区，其定位首先是疏解北京非首都功能集中承载地，这也是京津冀协同发展的重中之重。 设立雄安新区的意义何在？雄安新区怎么建？详细内容请收看今晚播出的焦点访谈特别节目《千年大计 国家大事——以习近平同志为核心的党中央决策河北雄安新区规划建设纪实》。
20170502,李克强签署国务院令 公布《国务院关于修改〈大中型水利水电工程建设征地补偿和移民安置条例〉的决定》,国务院总理李克强日前签署第679号国务院令，公布《国务院关于修改〈大中型水利水电工程建设征地补偿和移民安置条例〉的决定》，自2017年6月1日起施行。
20170502,张高丽会见阿联酋客人,中共中央政治局常委、国务院副总理张高丽2日在人民大会堂会见阿联酋外交与国际合作部长阿卜杜拉。 张高丽表示，中方从战略高度和长远角度看待中阿关系。成立中阿政府间合作委员会，是落实习近平主席与穆罕默德王储关于发展中阿关系共识的重大举措，双方要充分发挥这一机制对双边合作的统筹规划和协调推动作用。中方愿同阿方共同打造面向未来的战略伙伴关系，用共建“一带一路”来统领中阿友好合作的发展，使两国政治互信更加牢靠，战略合作更富活力，人员往来更为便利，贸易往来更加畅通。 阿卜杜拉表示，阿中关系得到两国领导人和人民的支持拥护，对双边各领域合作产生积极推动作用。阿方钦佩中方的巨大发展成就，愿推动两国关系不断向前发展。
20170502,【我和“一带一路”】口岸里的生意 交融中的友谊,“一带一路”倡议目前已有100多个国家和国际组织积极响应和支持，对普通民众来说，它看得见、摸得着，已经带来了实实在在的好处。 新疆霍尔果斯口岸，接壤哈萨克斯坦，现在，这里每天大约有两万人次通关进行贸易。   霍尔果斯国际边境合作中心，由中国和哈萨克斯坦在2012年合作建立。我国提出“一带一路”倡议后，来这里做生意的人越来越多，2016年，仅我国这边的通关人数就突破500万人次，比2015年人数增长36%。 邢桂芝来自浙江杭州，是第一批就进入霍尔果斯跨境合作中心的店主。 邢桂芝也曾在义乌做过生意，但“一带一路”提出之后，她更看中霍尔果斯的位置优势。 园区里，哈萨克斯坦的客车穿梭在各个商贸大楼之间，搭载着来自中亚国家的客商进行选购。 张伟的店铺位置并不理想，但他家的营业额却在家纺区是数一数二的，如今不少国外客商都像热娜这样成了他的朋友，靠的就是相互间的信任。 现在，整个合作中心商贸综合大楼有十多座，入驻的国内外商户有四千多家。
20170502,港珠澳大桥海底隧道最终接头今天安装到位,正在建设的超级工程港珠澳大桥迎来重大节点，海底隧道的最终接头今天安装到位，标志着全长22.9公里的港珠澳大桥主体工程全部完工。  港珠澳大桥最终接头是世界首个钢壳与混凝土浇筑的复合型梯形结构，顶板长12米，底板长9.6米，重达6000吨，安装在海底28米深的E29和E30两节沉管之间，两侧可用的安全距离各仅有5至7厘米。 吊装工作是通过我国自主研制的世界最大的单臂全回转起重船——振华30，将6000吨重的最终接头吊起并平移90度到达安装位置上方20米的位置，在风力、海流、浮力等多种因素时刻变动的条件下，始终以1.5厘米的平面误差，缓慢下沉海面下28米实现对接。 吊装完成后，下一步将对接头处进行焊接，形成防水层，预计在本月底达到合龙条件。
20170502,【大国工匠 传心创世】韩利萍：毫厘不差 助火箭升空,刚刚成功发射“天舟一号”的长征七号火箭，重量达到600吨，而托举火箭腾飞的是一双巨大的手——发射平台。在它身上的4万多个零件当中，最关键的零件加工精度达到了微米级，它是火箭精准入轨的基础。今天的《大国工匠》我们一起来认识一位用双手托起火箭的数据铣工——韩利萍。 韩利萍准备加工的这个零件叫“四通均流阀”，是长征七号火箭发射平台的关键控制件。别看这个零件个头小，但它可是大力士，火箭加注燃料以后一直到起飞前，将近600吨的重量，就靠这个“四通均流阀”驱动液压系统进行控制，承担火箭发射前姿态调整控制的重担。 这个发射平台的关键部件，允许的最大公差是2丝，相当于两根蚕丝粗。超过这个范围，就有可能导致火箭发射无法准确入轨。 在零件加工到第3个孔时，韩利萍发现机床出现了异常震动。如果不是韩利萍提前预判到刀具的磨损，加工下一个孔时，零件就有可能超出精度公差，甚至报废。 而在十多年前，这个机床闺蜜曾经是韩利萍的噩梦。2000年年初，当中国航天的装备开始升级换代，韩利萍是厂里第一批接触数控机床的人。一次，师傅交给她一个零件，由于空间想象能力不够，她怎么也看不懂零件复杂的内部结构图。 回到家里，韩利萍还在通过电话找师兄请教。 在师兄眼里，当年20多岁的韩利萍在加工方面就是个“笨小孩”。但是他没想到，韩利萍还是个“倔女孩”。在切土豆时，她脑子里突然灵光一闪：能不能用家里的土豆切出零件的模型呢？ 圆弧面、打孔，这些在平面图纸上韩利萍怎么也看不懂的难点，通过她手中切割成型的土豆，变得立体了。有半年多的时间，韩利萍家里堆满了她练功切出来的奇形怪状的土豆。 就是凭着这种锲而不舍的精神和千百次的磨练，当年的“笨小孩”如今成为了厂里鼎鼎有名的技能高手。韩利萍将“四通均流阀”的加工合格率，从之前的20%提高到了100%。26年来，由韩利萍加工的关键零件，相继用在了长征系列火箭发射平台上，稳稳地将“神舟”系列飞船、北斗卫星、“天舟货运飞船”送上了太空。
20170502,【时代先锋】乌海输电：风餐露宿守护万家灯火,内蒙古乌海电业局输电管理处连续27年没有出现安全生产责任事故，并且两次实现全年输电线路“零跳闸”，创造了内蒙古输电线路安全运行的最高纪录。 在相当于10层楼高的铁塔上，检修人员正在清洗高压塔。春季风沙大，塔上如果沙尘多，容易跳闸，影响供电安全。检修工这时候就成为“保洁员”，要把辖区的五千多基高压塔挨个清洗一遍。一天下来，又脏又累。 乌海输电处的员工平均年龄在37岁，其中三分之一是党员。他们有的登杆爬塔，有的则常常风餐露宿。辖区里的100多条输电线路，有一多半在山里，那里线路的运行状态是巡线工巡查的重点。 山路崎岖，车辆进不去，只能徒步巡查，陡的地方就得手脚并用。有时候任务重，小伙子们走到哪就住在哪，搭帐篷、架炉灶，自己带的水不够，就四处找水喝。 一年算下来，处里的巡线工平均每人要巡检1800公里，检修工每个人要爬200个输电铁塔。常年在野外摸爬滚打，小伙子们琢磨出很多提高工作效率的好办法。3年来，他们共拿出了56项技术革新、管理创新成果，其中6项成果获国家级专利技术。
20170502,鹦哥溜索改桥合龙 打通山区致富路,云南昭通巧家县鹦哥村，对面是大凉山，山下是金沙江。由于不通公路，2000多村民进出全靠溜索。2015年，云南省启动了包括鹦哥溜索在内的181座溜索改桥项目。近日，从鹦哥村传来好消息，新修大桥钢管拱顺利合龙。 新建的鹦哥溜索改桥与江面的垂直距离200米左右，大桥全长385.5米，宽9米。 由于不通公路，过去村民出行得沿着悬崖走到山下，坐船渡过金沙江，再从江底爬到对岸公路上。1998年，村里几户人家合伙，修起溜索，开始是人推，后来村里通了电，溜索也被改成了电动的。 路不通，经济发展不上去，村民大多外出打工了，如今，村里只剩下不足400人。这幢房屋是两年前开始修的，而直到现在才打好屋顶。 鹦哥溜索改桥项目将于明年上半年建成通车，之后，还将沿着鹦哥村所在的山体修一条公路，山里百姓再也不用溜索出行了。桥还没通，但村里已经在谋划新生活，未来，鹦哥村将被打造为旅游小镇，溜索将作为旅游体验项目保留。 目前，云南省还有10多万山区群众出行靠溜索。当地计划，明年所有溜改桥项目将全部完工，彻底解决这些山区群众的出行难题。
20170502,我国全面启动医疗联合体建设试点,医疗资源过度集中，是导致看病难的主要原因。最近国务院办公厅印发指导意见，全面启动医疗联合体建设试点，推动医疗资源下沉，病人双向转诊，逐步缓解看病难。 医疗联合体通常由一家三级医院与多家二级医院和社区卫生服务中心组成，医联体内，信息互通、资源共享，医生上下流动、病人双向转诊。重庆医科大学附属第一医院通过互联网与156家基层医院建立医疗联合体。最近武胜县一老人急性心肌梗死，需要转到重庆做支架手术。县医院将老人的检查资料上传到网络平台，重庆的专家同意转院，救护车立即启程。 救护车还在路上，重庆医科大学附属第一医院胸痛中心的医护人员已经做好手术准备。两个小时后，救护车到达胸痛中心。 老人立即被送进手术室进行心脏介入手术。 在为疑难危重患者建立绿色转诊通道的同时，重庆医科大学附属第一医院向11家区县医院派驻专家团队，帮助提升医疗水平，把常见病患者留在基层。 按要求，今年所有三级公立医院都将参与医疗联合体建设。各地将探索有利于医疗资源上下贯通的分配激励机制，合理拉开基层与大医院间的报销水平，逐步建立“小病在基层、大病到医院、康复回基层”的分级诊疗制度。
20170502,北方局地遭遇大雪沙尘,受冷空气的影响，从昨天开始，新疆部分地区突降大雪。在哈密，气温骤降25℃左右，平均积雪厚度超过20厘米。持续的降雪导致位于和静县的国道218线巩乃斯路段近百辆车辆、220多人滞留。当地出动多辆清雪车进行不间断作业，目前，降雪仍在继续。 昨天，内蒙古二连浩特遭遇沙尘暴袭击，能见度小于500米，当地气象部门发布沙尘暴橙色预警。为减少恶劣天气的影响，中蒙各口岸加派警力，确保通关畅通有序。 随着冷暖空气交锋碰撞，今天起，我国中东部地区迎来一次大范围降雨过程。在江西樟树、浙江北仑，暴雨导致市区低洼路段出现积水，给交通出行造成影响。     中央气象台预计，明天中东部雨势还会增强，特别是南方多地将迎来暴雨天气。
20170502,国内联播快讯,4月中国物流业景气指数回升至58.2% 4月份中国物流业景气指数为58.2%，较上月回升2.8个百分点，已连续三个月回升。受物流业务活动增加带动，物流从业人员继续增加，设备利用率有所提高。从产品来看，有色、机械制造、食品等物流活动继续保持活跃态势。 三峡船闸累计货运量突破10亿吨 三峡集团最新数据显示，三峡船闸连续14年实现安全、高效运行，累计货运量突破10亿吨。自2003年投入运行以来，三峡船闸过闸货运量不断增加，2011年首次突破1亿吨，提前19年达到设计能力，有力支持了长江经济带战略的实施。 大兴安岭北部火场外线明火基本扑灭 由俄罗斯烧入内蒙古大兴安岭北部的森林大火，昨晚外线明火基本被扑灭。火灾发生在4月30日下午，由于火灾发生在原始林腹地，地形复杂扑救困难。前线指挥部调集1300多人进行扑救。目前，扑火人员正在对火线实施清理，严防复燃。 壶口瀑布迎来最佳观赏期 这几天，黄河壶口瀑布迎来一年中最佳观赏期。大小瀑布连成一片，奔腾的河水翻滚而下，气势磅礴，阵阵水雾形成了春季壶口瀑布特有的景象，吸引了众多游客。
20170502,朝鲜称半岛目前局势为50年来最严重,据朝中社5月1日报道，朝鲜外务省发言人当天发表谈话，称目前的半岛局势是50年来最严重的。发言人说，美韩今年进行了最大规模的“关键决心”和“鹞鹰”联合军演，投入各种核战略武器表露出进行先发制人核打击的企图，甚至让“卡尔·文森”号核动力航母改变航线，将其紧急调入朝鲜半岛水域。发言人表示，朝鲜将继续坚持拥有核武力政策，这样美国才不能无所顾忌地侵略朝鲜。
20170502,特朗普称合适情况下愿与金正恩会面,美国总统特朗普5月1日在接受媒体采访时说，他愿意在“合适情况”下与朝鲜最高领导人金正恩会面。特朗普说，大多数政治人物不会说愿与金正恩会面，但在合适情况下，他将绝对且很荣幸这样做。白宫发言人斯派塞随后就特朗普这一表态对记者说，美朝两国领导人会面的时机尚不成熟，美方需要看到朝方切实减少挑衅性的举动。美国官方此前说，美方将以制裁和外交相结合的方式推动朝鲜半岛无核化。
20170502,叙库尔德武装控制塔布卡市区,近来，叙利亚库尔德武装“叙利亚民主军”对极端组织大本营拉卡附近的塔布卡展开持续进攻。据当地媒体报道，今天叙利亚民主军已完全控制了塔布卡市区。 据报道，在叙利亚民主军从极端组织手中完全夺取塔布卡市区后，仅剩塔布卡大坝仍在极端组织控制中。此前，“叙民主军”1日公布了他们在塔布卡打击极端组织的最新视频。“叙民主军”的声明称，在美国主导的打击极端组织国际联盟的支援下，“叙民主军”连续夺取塔布卡多个街区和工业区。目前，“叙民主军”仍与极端组织激战，下一步就是与极端组织争夺塔布卡大坝的控制权。塔布卡大坝是叙利亚境内最大的大坝，2014年被极端组织占领。叙民主军发言人日前称，全面收复塔布卡指日可待。 塔布卡位于极端组织在叙利亚的大本营拉卡以西约40公里。从今年三月下旬开始，在国际联盟的支持下，“叙民主军”逐步对塔布卡实施包围，夺取了塔布卡空军基地，并试图切断极端组织对拉卡的运输通道。而拉卡是极端组织所宣称的“首都”。对拉卡的总攻一旦打响，将迫使极端组织同时在伊拉克北部的摩苏尔和叙利亚北部的拉卡两线作战，从而加速极端组织的瓦解。
20170502,法国两总统候选人发起最后冲刺,5月1日，法国总统大选的两名候选人玛丽娜·勒庞与马克龙，分别在巴黎举行了第二轮投票前的最后一次大型集会，为即将在5月7日举行的投票发起了最后冲刺。 勒庞在巴黎北郊的竞选集会首先举行，她在演说中将矛头直指竞争对手马克龙，称马克龙只代表特定阶层的利益，如果选择她当总统，法国将延续目前失败的经济状况。勒庞的父亲，也是极右翼政党“国民阵线”的创始人让-马里·勒庞，也为自己的女儿站台拉票。 而在马克龙稍后举行的集会中，他强调改革和重塑法国的经济社会体系是他的目标，但这必须在欧洲一体化的进程中来实现。他同样花了大量的篇幅来攻击对手，并称“国民阵线”是反法国的党派，而极右势力更是法国的“敌人”。 与此同时，当天在巴黎共和广场有约三万人参加了大游行，他们有的支持欧盟团结，有的支持外来移民，他们的共同诉求是反对选勒庞当总统。
20170502,国际联播快讯,哈马斯发布新政策文件接受划界建国 巴勒斯坦伊斯兰抵抗运动“哈马斯”5月1日发布一份新的政策文件，内容包括同意以1967年划定的边界建立耶路撒冷为首都、主权完整独立的巴勒斯坦国。这意味着哈马斯放弃其强硬立场，支持以过渡方式建立巴勒斯坦国。 巴勒斯坦总统阿巴斯与美国总统特朗普将于本月3日就巴以局势举行会谈。以色列官方称，哈马斯此时作出这番表态，只是一种欺骗手段，是在愚弄全世界。 美国得州一大学发生持刀扎人事件 美国得克萨斯大学奥斯汀分校5月1日发生一起校园持刀扎人事件，导致至少1人死亡、3人受伤，嫌疑人目前已经被抓获。警方说，当天下午该校21岁的学生怀特手持一把猎刀，在该校一座体育馆外扎伤多人，警方在现场抓获了怀特。他的作案动机仍在调查中。该大学所在的得州州政府称将配合该案调查工作。 古巴举行盛大游行 庆祝劳动节 古巴首都哈瓦那5月1日举行盛大的游行活动，庆祝五一国际劳动节。约80万古巴民众来到哈瓦那革命广场参加一年一度的劳动节大游行，学生、教育、医疗、科技、文化、农牧业等各行各业的方队依次走过广场，古巴国务委员会主席劳尔·卡斯特罗出席活动并检阅了游行队伍。 此外，当天还有来自86个国家和地区的1千多名外国代表受邀参加了游行活动。 “猎鹰9”火箭发射一颗间谍卫星 1日，美国太空探索技术公司利用“猎鹰9”火箭发射了一颗机密间谍卫星，并将其送入预定轨道。这是该公司首次执行美国国防部的发射任务。同时，火箭第一级返回并成功在陆地平台上着陆。
