date,title,content
20170212,【撸起袖子加油干】瞄准幸福感 做实大民生,习近平总书记指出：“全面建成小康社会，在保持经济增长的同时，更重要的是落实以人民为中心的发展思想，想群众之所想、急群众之所急、解群众之所困。”新春伊始，各地纷纷从群众普遍关心的民生问题入手，上马新工程，推出新政策，提升百姓的幸福感。 今天，江苏省1363个重大项目在13个地市同时开工，总投资1.33万亿，其中民生工程占了很大比例，饮水健康、棚户区改造，都位列其中。 在扬州，文峰小学新校区开工建设。它所处的文峰社区是当地最大的拆迁安置居民区，这里生活着近6万名拆迁安置居民和外来务工人员。以前，附近只有一所小学，入学非常困难。 江苏省要求，全省各级干部要当好店小二，动态跟踪、全流程服务，保障这些项目的顺利实施。 山西省也把民生保障作为工作重点，今年财政支出八成以上用于民生改善。由于这里水资源总量仅占全国的0.35%，人均水资源量远低于全国平均水平，水利项目成为重点。在山西中部引黄工程取水点施工现场，前是黄河水，后靠水电站，不能露天爆破，工人们靠破碎锤，在20多米宽的工作面，一点点凿开坚硬的岩石。 年底，山西中部引黄工程完工后，黄河水将从这儿输送到忻州、吕梁、临汾、晋中四个市，加上小浪底引黄工程，山西全省的供水量将提高到91亿立方米，有3006万人因此受益。 江西省今年筹集1400亿元财政资金实施民生工程，集中办好涉及群众切身利益的50件实事，改善市民出行条件就是其中一项重点。在南昌，从正月初三开始，地铁2号线一期工程的施工方、管理者，就已经在隧道里开足马力。 今年，江西省将升级改造800公里以上公路主干道，新改建农村公路8000公里，同时改造农村危桥800座。 不止交通提速，今年江西还将完成棚户区改造24.55万套，给70岁以上老人办理意外保险，用一系列的民生举措夯实百姓的获得感。
20170212,浓情元宵节 幸福满心间,都说十五的月亮十六圆，但是今年的元宵夜是“十五的月亮十五圆”，而且从今年起连续三年元宵节月亮都是十五圆。昨天，人们伴月赏灯，品味传统，感受越来越美好的生活。 天上那轮明月千年未变，但传承了千年的开封大宋上元灯会，却在悄然变化。更节能环保的光源、更丰富的色彩、造型，都蕴含着传统与现代交融的新特征。 秦淮河上那轮明月同样被诗人吟诵千年，元宵夜的秦淮灯会也得到了“秦淮灯彩甲天下”的美誉。桨声灯影、山水城林的古都，灯月争辉。据统计，昨晚这里赏灯的市民超过60万。 在广东佛山，传统习俗也在注入新内涵。月光灯影下，起源于明末清初的习俗“行通济”再次上演，却加入了慈善的元素。四面八方的人拿着寓意好运年年的风车和谐音“生财”的生菜，走过通济桥，并捐出自己的爱心，让美好的寓意随着新春祝福传递给更多的人。 月夜下，婺源大戏楼里，水里岸上都是故事；济南趵突泉边，分不清哪里是水哪里是岸；广州海心沙，千架无人机上演千“星”伴月。 在北方军营战士的手里，饮料瓶、伪装网，这些废旧材料，还都变成了独具匠心的各式花灯，材料虽简陋，但快乐不减。 各具特色的活动，让浓浓的年味儿得以延续。这两天，山西晋城、浙江宁波的元宵庙会人头攒动，打陀螺、挑棍、糊灯笼让大伙找到童年的回忆。河北邯郸的农民舞狮子踩高跷，青岛几十万市民则在糖球会上找乐，代表红火、甜蜜的糖葫芦成了最具人气的食品。 旅途上也满是欢声笑语，猜灯谜、吃元宵、成语接龙等活动，让人们在开往春天的列车上与快乐相伴。
20170212,央视元宵晚会：各地年俗多 非遗氛围浓,鸡年元宵晚会汇聚东西南北各地年俗，融入赏花灯、糖葫芦、转风车、舞龙、舞狮子等各地元宵节的传统活动元素，泥人张、面人汤、杨柳青年画等非遗艺术形式大放异彩，与打灯谜巧妙结合，以浓郁的年俗味儿、民俗味儿串联起所有节目。
20170212,全国今天再迎返程客流高峰,元宵节刚过，今天全国铁路民航再次迎来节后返程高峰。 随着各大院校假期结束，各地返程务工流、探亲客流和学生流叠加出行，全国铁路今天迎来节后第二个返程客流高峰，今天预计发送旅客980万人次，同比增长6.6%，增开753列旅客列车。客流主要从阜阳、南昌、成都、武汉、西安、郑州等外出务工人员输出集中的地方，去往北京、上海、广州、深圳、东北等方向。超过60%的乘客选择高铁出行，郑州、济南、南昌等地高铁客流增幅创新高，铁路部门采取加开、重联、开行夜间高铁的措施增加运力。而在全国外出务工人员发源地之一的安徽阜阳，虽然尚未开通高铁，但由于及时增加运力和互联网购票的便利，今天阜阳站也创下了7年来返程客流最高。沈阳、合肥等各大车站增开自动售取票机和务工人员、学生售票专窗，减少买票和取票时间。 今天预计有83万旅客抵京。北京各大车站在站台、进出站口等重点处所引导客流，增开出站通道，加快旅客出站通行速度。 从昨晚到今天，全国民航也迎来新一轮客流高峰，客流同比增加近20%。交通部门预计，此轮返程高峰将持续到16日左右。
20170212,我国建成环境空气质量监测网络,中国环境监测总站公布，目前设置的国家、省、市、县四个层级的监测站点已经超过5000个，标志着我国环境空气质量监测网络已经建成。 “十二五”以来，我国大气环境监测单项技术取得重要突破，发展了PM2.5、臭氧和挥发性有机物等在线监测技术。 为保障监测数据真实有效，1436个国控监测站都建立了远程质控系统，具备变化留痕、异常报警等功能。此外环保部利用国产环境一号卫星、高分系列卫星等数据，结合国外的遥感数据，实时获得PM2.5、PM10、二氧化硫、二氧化氮、秸秆焚烧等指标的监测结果。监测结果显示，2016年全国338个地级及以上城市中，有84个城市空气质量达标，占24.9%。优良天数比例同比提高了2.1个百分点。PM2.5的浓度同比下降了6%。
20170212,【新春走基层】程先启：我在战区这一年,军队改革大幕拉启一年后，解放军五大战区已由大军区体制下的单一军种指挥向战区体制下多军种联合训练、联合保障、联合作战转变。春节期间，新春走基层记者走进了中部战区，我们来听一听一位普通的参谋军官说说这一年来的感受。 此人程先启，中部战区联合参谋部某处处长，开过飞机、当过作战参谋，借着这盘西红柿炒鸡蛋，程先启通俗地给记者解释了战区联合作战指挥联合之原理。 通过信息网络，战区陆军、空军、火箭军等军种指挥所异地同步展开指挥作业。多维空间态势不断变化，信息攻防、海空交战同时上演。 被选入战区工作的，可以说都是各军兵种部队的佼佼者，但来到战区，人人面临的是自我清零，从专才到通才，程先启说这个蜕变过程很痛苦。 这样的压力还来自固有军种指挥思维和战区联合作战理念的差距。来到战区之初，一份作战方案几次被打了回来，甚至让程先启对自己的选择产生了怀疑。 种种质疑，程先启从起床的那一刻起就抛到脑后，在不断的自我否定中，每一位战区人都找准了自己定位。程先启说，迎难而上，这是职业军人特有的素质。最终，一套成熟的联合作战方案终于出炉，成为战区未来作战决策的重要依据。一年来，战区通过天天练、周周学、月月考，特别是通过开展联合大讲堂，有效提高了战区的联合作战指挥能力。但是，要实现真正意义上的联合指挥，程先启说他们依然在路上。 战区一年，第一代战区人在用开创者的使命感为深化国防和军队改革交上一份合格答卷。新春佳节，驻守万里边海防的军人为祖国站岗放哨，您也许不知道，作为部队行动的“大脑”，在战区联指中心，还有一群不分昼夜值班的军人，他们片刻不歇地注视着祖国的领土、领海、领空，调动指挥千军万马，守护着国家的安宁。
20170212,春满人间 美丽生态谱新篇,春风吹绿湖边草，又到一年花开时。眼下，我国南方各地已经是鲜花盛开，人们踏青赏花，也在春天里谋划新一年的生态文章。 在湖北罗田，12公里长的燕儿谷，几万株茶花争奇斗艳。人们不负春约，踏青而来。村里敞亮的小路、干净的农家院，也都成了游客眼中的风景。 但过去这儿的人气没这么旺，交通不便，环境脏乱。十八大以来，当地政府把改善环境作为重头戏。拆除猪圈、牛栏，建造旅游厕所，以前财源广进的采石场也关闭了，还封山育林、发展新能源，几年间这里大变样。 保护生态环境，成为如今燕儿谷人的共识。十来名退休的老党员，主动当上了志愿者，每天清理垃圾、维护绿化。这里已经拥有我国最大的茶梅基地，发展起休闲农业、乡村旅游与养老服务三大支柱产业。 广西南宁把海绵城市建设与景观打造结合起来，利用地形坡度、河湖沟谷，形成调蓄池。春天来了，曾经严重缺水的青秀山，已是一片兰花的花海。 巧妙的设计，让青秀山成为城市森林公园、海绵城市建设的典范，园区一年可利用雨水1.1万吨，节约提水电费120万元。 今年春节，乡村游、生态游成为假期出行的热词，不少地方都在打造赏花经济。四川的郁金香，云南的油菜花，江西的梅花，吸引人们走出快节奏的城市生活，进入田园乡间，在鸟语花香中放松身心。海南的亚龙湾，就把玫瑰花变成了致富花。 随着产业链的延伸，鲜花生产、观赏、销售扩展到了食品领域，每亩花田年产值超过3万元。附近的500多名村民告别了上山砍柴、毁林种地的日子，进入玫瑰谷打工，人均增收1.1万元。
20170212,内蒙古：旅游扶贫叩开致富门,内蒙古补齐冬季旅游短板，打造“四季游”、“全域游”，用四季美景助力牧民脱贫致富。 这个冬天，呼伦贝尔草原被自驾游搅得火热。但往年，这里一到冬天就处于“半休眠”状态，游人罕至。是什么带来这样变化呢？牧民道力格尔告诉我们，是四季游的好政策，培育了这里的旅游环境。她就在政府支持下，做起了牧家乐。 内蒙古旅游旺季只有夏天三个月，为了带火冬季旅游，也为了让冬闲的牧民在旅游上赚钱，当地在“转方式、调结构”上做文章，国家级旅游扶贫试验区阿尔山市就借助政策、资金支持，“政府+贫困户+企业”的发展模式，吸引更多牧民参与到旅游当中。 2016年，内蒙古共投入387亿元发展旅游产业，旅游业总收入2700多亿元，同比增长20.28%；冰雪旅游项目带来的收入占到了农牧民全年收入的三分之一，近3.5万贫困人口通过旅游脱贫。
20170212,广西：“容缺后补”让群众少跑腿好办事,广西进一步加大行政审批制度改革力度，让群众少跑腿、好办事。 雷宇是广西南宁一家大型房地产企业的报建经理。上周五，他去政务服务中心办理施工许可证的时候，心里还有点打鼓，因为他的办证手续里还缺3份文件。 “容缺后补”是指允许某些审核材料在规定时间内暂时缺少，实行非主审要件缺项受理和审批。 雷宇要备齐所缺的三份材料至少还需要一个月的时间，有了“容缺后补”， 他们承诺3月30日之前补齐欠缺的材料之后，城乡建委审批窗口当场发放了施工许可证的复印件。 目前，南宁市政务服务中心已将规划、城建、工商等11个部门的83项非主审要件事项共208项材料纳入“容缺后补”缺项受理。 这项政策实施以来，南宁市政务服务中心已经办理缺项受理事项近4383件，群众平均办理时限缩短了10个工作日。
20170212,身边的感动,在紧要关头，路人的出手相助总给我们以温暖的力量。身边的感动，来看两个温暖故事。 2月7日，海南海口发生惊险一幕，一名游客海边游泳时突然溺水，正在附近休息的新疆男子阿卜杜杰力力·艾拜听到呼救后，赶紧冲进海里救人。 然而，当时海上风大浪急，救援并不顺利。男子拖着溺水者一点点往岸边游动，整个过程十分艰难。 溺水者上岸后，救人者已经精疲力尽，现场群众纷纷跑来帮忙，给溺水者做心肺复苏，并拨打120急救。 最终，溺水者成功脱险，在场群众纷纷转发男子的救人事迹，并为他点赞。据了解，救人男子是新疆和田县人，今年30岁，也是一名游客。 同样出手相助的也是路人。2月10日上午11点左右，在湖南张家界1路公交车上，一名女乘客突发疾病晕倒，全身不断抽搐，周围乘客纷纷伸出援手。 跟乘客商议后，公交司机当即决定改道，将乘客送往附近医院。画面显示，车上的乘客把发病女子安放到座位上，并不断给她按摩，帮助其恢复意识。与此同时，其他乘客联系上了女子家属，并对接了医院准备救助。 十分钟后，公交车达到张家界市中医院，公交车司机杨师傅背上这名乘客，一路狂奔至急诊大厅。 最终，女子得到及时救治，而司机师傅和好心乘客则悄悄离开。经了解，发病女子今年46岁，目前病情稳定，正在医院进一步观察治疗。
20170212,国内联播快讯,内蒙古暴风雪致近百辆车被困 内蒙古东乌珠穆沁旗东部地区遭到暴风雪袭击，风吹雪持续近36小时，出现多处雪堵路段，造成近百台车辆被困。当地多部门经过救援，最终将被困车辆救出，疏通道路。 黑龙江东北虎过冬“长胖”属正常 一组东北虎“长胖”的照片近日在网络上走红。黑龙江东北虎林园介绍，东北虎过冬“长胖”属正常，东北虎体重在冬季要比夏季重一些，为帮助它们增加能量抵御严寒，园内在冬季给东北虎投食量也比夏季增加10%左右。
20170212,新西兰搁浅鲸数量超650 少部分获救,近日，新西兰南岛的海滩上接连有大批领航鲸搁浅，目前搁浅鲸的总数已超过650头。 今天，在新西兰南岛的费尔韦尔沙咀海滩，救援人员和志愿者帮助17头搁浅的鲸重回大海。目前，获救返回大海的鲸约为100头。另外，335头鲸死亡，220头仍处于搁浅险境。 据报道，当地时间9日，超过400头领航鲸在新西兰南岛西北部搁浅。11日又有大约240头鲸搁浅，为帮助这些鲸脱离险境。救援人员和志愿者在高潮水位时排成人链，尽力引导搁浅的鲸向正确方向游动。但由于领航鲸体型庞大，增加了救援工作的难度，目前只有少部分搁浅的鲸获救。另据当地环保机构负责人称，对于部分生还无望的搁浅鲸，为了减少它们的痛苦，救援人员和志愿者给它们实施了安乐死。 这次大规模鲸群搁浅的确切原因目前还不清楚。而这也是新西兰自19世纪有记录以来第二大鲸搁浅事件。1918年，大约1000头鲸在新西兰外岛查塔姆群岛区域搁浅。
20170212,美一周内拘捕数百非法移民,美国执法机构11日证实，过去一周相关机构在美国多地采取行动，拘捕了数百名非法移民。 美国入境和海关执法局的发言人说，相关执法部门在亚特兰大、纽约、芝加哥和洛杉矶等地都展开了拘捕行动。其中洛杉矶有161名非法移民被拘捕，亚特兰大大约有200人。但美国入境和海关执法局没有透露被拘捕的非法移民总数。 这名发言人说，近期的拘捕非法移民的行动是“常规”行动，被拘捕者多数有严重犯罪记录，对公共安全或移民机制构成威胁。 美国总统特朗普上任之后采取了一系列限制难民和非法移民的政策。除“禁穆令”外，特朗普还签署了名为《促进边境安全和移民执法》的行政令，加强对非法移民的打击力度。
20170212,国际联播快讯,三枚火箭弹击中巴格达“绿区” 伊拉克内政部消息人士称，11日晚，三枚火箭弹击中了伊拉克政府和外国使领馆所在的巴格达“绿区”。目前还不清楚是谁发射了火箭弹。有军方人士说，火箭弹是从巴格达东部什叶派领袖萨德尔支持者的聚居区发射的。当天早些时候，数千名萨德尔的支持者曾举行抗议活动，要求对选举制度进行改革，示威者与安全部队和警察发生冲突，4名抗议者和1名安全部队士兵死亡，另有300多人受伤。 印度称成功进行导弹拦截试验 据印度媒体报道，印度11日从东部奥迪沙邦的阿卜杜勒·卡拉姆岛发射了一枚高空拦截导弹，成功在大气层外拦截了从大约2000公里外发射的目标弹道导弹。印度总理莫迪说，拦截试验的成功意味着印度已经有能力在高空摧毁敌方导弹。印度军方称，这标志着印度在弹道导弹防御系统方面取得重大进展。 巴西南部军警罢工抗议波及多州 在军警工会与政府达成停止罢工协议后，11日，巴西南部圣埃斯皮里图州的军警仍然没有恢复巡逻。与此同时，里约热内卢州和北部帕拉州也出现抗议示威活动，要求提高军警待遇。巴西总统特梅尔10日对军警罢工表示谴责，呼吁罢工者回到工作岗位。 据报道，与其他职业相比，巴西军警收入偏低。由于不满工资待遇，圣埃斯皮里图州的军警从4日开始罢工，治安真空造成暴力事件频发，已导致至少138人死亡。 土库曼斯坦开始举行总统选举 土库曼斯坦总统选举投票12日举行，包括现任总统别尔德穆哈梅多夫在内的9名候选人将角逐总统宝座。土库曼斯坦法律对总统选举的投票率不设最低门槛，候选人得票数只要超过投票人数50%即可当选。来自中国、印度、美国等国和多个国际组织的观察员监督了本次选举。 根据土库曼斯坦去年9月修改的宪法，新一届总统任期将从此后的5年延长为7年。 热浪袭击澳大利亚 气温创纪录 近几天，澳大利亚东南沿海遭遇高温天气，新南威尔士州首府悉尼西部地区10日最高气温达到44摄氏度，刷新了自1859年以来同一时期最高纪录。气象部门警告说，该州部分地区气温还可能进一步上升48摄氏度。当地相关部门已发布禁令，严禁在森林和草地使用明火，以免引发火灾。受高温天气影响，一些地区的供电压力大增，政府呼吁居民节约用电，并要求一些耗电量大的企业暂时停产。 加州北部暴雨 三处大坝决堤 10日，美国加州北部部分地区降下暴雨，导致萨克拉门托县附近三处堤坝决堤，洪水淹没了周边的城镇和道路。当地政府建议沿河居民尽量撤离，以防发生意外。 法国尼斯在严密安保中迎来狂欢节 第133届尼斯狂欢节11日拉开帷幕，今年狂欢节的主题是“能量之王”，来自世界各地的演员登上花车，展现来自太阳和风等自然的力量和人类的力量。狂欢节预计将吸引39万游客参观。鉴于去年7月尼斯曾发生恐怖袭击，当地政府加强了安保，派出大批士兵巡逻，确保安全。 2016年7月14日，袭击者在尼斯驾驶卡车冲入观赏烟花表演的人群，共造成84人死亡，300多人受伤。极端组织宣称制造了这一事件。 俄罗斯举行全俄群众滑雪大赛 11日，全俄群众滑雪大赛拉开战幕，吸引众多民众参与。这项赛事创办于1982年，在全俄74个联邦主体同时进行，比赛项目包括5公里和10公里滑雪。据统计，当天俄罗斯全国约有150万人参加了比赛，仅在莫斯科一个赛区就有2500人参赛。
