date,title,content
20170409,习近平会见美国阿拉斯加州州长,当地时间7日，国家主席习近平在美国阿拉斯加州安克雷奇会见阿拉斯加州州长沃克。 习近平强调，我这次应特朗普总统邀请前往佛罗里达州海湖庄园举行中美元首会晤，目的是确定新时期中美关系发展方向，拓展两国广泛领域务实合作。我同特朗普总统的会晤十分成功，达成多项共识，取得积极成果。 习近平指出，地方合作是中美关系中最具活力的组成部分之一。阿拉斯加州同中国颇有渊源。阿拉斯加州和安克雷奇市是中美关系发展历程的参与者和见证者。中国同阿拉斯加州产业互补性强，双方交流合作已经取得长足进展，同时大有潜力可挖。双方要拓宽合作领域，深化能矿、油气资源、渔业等合作，加强旅游合作，开展冬季冰雪运动交流，促进人民友好。 沃克表示，热烈欢迎习近平主席到访阿拉斯加州。中国是阿拉斯加的重要贸易伙伴、最大水产品出口市场。阿拉斯加资源丰富，愿密切同中国在农业、渔业、油气、矿产、旅游等领域合作，密切同中国人民的交往。 彭丽媛、杨洁篪等参加会见。 习近平是中美元首会晤后回国途中在安克雷奇作技术经停。 7日下午，习近平离开美国佛罗里达州。离开时，美国政府高级官员到机场为习近平和夫人彭丽媛送行。
20170409,习近平结束对芬兰共和国国事访问并赴美国佛罗里达州举行中美元首会晤后回到北京,4月8日，在结束对芬兰共和国国事访问并赴美国佛罗里达州海湖庄园举行中美元首会晤后，国家主席习近平回到北京。 习近平主席夫人彭丽媛，中共中央政治局委员、中央政策研究室主任王沪宁，中共中央政治局委员、国务院副总理汪洋，中共中央政治局委员、中央书记处书记、中央办公厅主任栗战书，国务委员杨洁篪等陪同人员同机抵达。
20170409,坚持对话合作 坚持互利共赢——习近平主席访问芬兰并赴美国佛罗里达州举行中美元首会晤取得圆满成功和丰硕成果,4月4日至7日，国家主席习近平对芬兰进行国事访问并赴美国佛罗里达州海湖庄园举行中美元首会晤。行程结束之际，外交部长王毅向记者介绍了此访情况。 王毅说，当今世界正经历百年未遇之大变化、大调整。在国际格局演变中，美国新政府内外政策走向引发全球关注，欧洲一体化进程出现新的变局。习近平主席此行聚焦两国，穿越欧美，举世瞩目，意义重大，不仅取得圆满成功和丰硕成果，也为国际形势发展增添了稳定性，注入了正能量。 一、发扬传统友好优势，推动中芬关系再上新台阶 王毅说，芬兰是北欧重要国家和欧盟成员，习近平主席此次访芬，掀开中芬友好合作新的历史篇章，赋予中欧关系发展新的强劲动力。 这是习近平主席首次以中国国家主席身份访芬，芬方对此访期盼已久，予以高规格隆重接待。习近平主席同尼尼斯托总统、洛赫拉议长、西比莱总理会谈会见。两国发表联合声明，宣布正式建立面向未来的新型合作伙伴关系，将中芬关系提升到新的高度，为双边关系发展作出有力指引。 两国领导人同意加强发展规划对接，打造科技创新、清洁能源、节能环保、北极科研等合作新亮点。芬兰愿积极支持参与“一带一路”建设，与中国共同促进亚欧大陆互联互通。双方签署一系列合作文件，两国传统友谊不断转化为累累硕果。 双方同意加强国际和地区事务沟通协调，促进世界和平稳定，建设更加开放世界经济，推动全球治理体系朝着更加公正合理方向发展。 习近平主席此访进一步拉近了双方心灵距离。习近平主席夫人彭丽媛参观芬兰音乐家故居和博物馆，为促进中芬人文交流作出独特贡献。中芬元首夫妇同两国冰雪运动员代表亲切交流。双方同意将2019年定为“中芬冬季运动年”，并以2022年北京举办冬季奥运会为契机，加强在冬季运动和冬奥会筹办方面的合作。中芬还同意深化文化、教育、旅游等领域合作，同意开展大熊猫合作研究。 此访是习近平主席今年首次访问欧盟国家和作为国家元首首次到访北欧，调动起北欧和欧洲国家发展对华关系的更大热情。习近平主席重申中方坚定支持欧洲一体化进程，强调深入构建中欧和平、增长、改革、文明四大伙伴关系。欧洲媒体和各界人士认为，习近平主席此次欧洲之行传递出对欧洲发展前景的信心，预示着中欧交往合作将更趋紧密。 二、加强高层战略沟通，指引中美关系行稳致远 王毅说，保持中美关系持续、健康、稳定发展，不仅符合两国人民根本利益，也是国际社会普遍期待。特朗普总统诚挚邀请习近平主席赴“冬季白宫”海湖庄园举行会晤，一家祖孙三代参与接待习近平主席和夫人彭丽媛，美国国务卿蒂勒森亲赴机场迎接，充分体现对中美关系和此次会晤的高度重视。在1天多时间里，两国元首举行多场会见会谈，就中美关系和共同关心的国际及地区问题广泛深入交换意见，达成一系列重要共识。双方一致认为，这次会晤基调积极、富有成果。 增进了两国元首相互了解和信任。习近平主席同特朗普总统分享治国理念，介绍各自正在推进的内外优先议程，加深了彼此了解，搭建起良好工作关系。特朗普表示，他同习近平主席建立了非凡的友谊，希望继续同习近平主席开展合作。特朗普愉快地接受习近平主席邀请，将于年内对中国进行国事访问。 确认了中美关系发展方向和原则。两国元首积极评价中美关系取得的历史性进展，同意在新起点上推动两国关系取得更大发展，更好惠及两国人民和各国人民。双方一致同意，通过共同努力扩大互利合作领域，在相互尊重的基础上管控分歧。 规划了双边合作优先领域和机制。中美双方同意推动双向贸易和投资健康发展，推进双边投资协定谈判，探讨能源、基础设施等领域务实合作。双方愿加强两军交往，深化执法司法、网络安全等领域合作，扩大人文交流。在回国技术经停期间，习近平主席还会见美国阿拉斯加州州长沃克，鼓励推进中美地方合作。 中美元首宣布两国建立外交安全对话、全面经济对话、执法及网络安全对话、社会和人文对话等4个高级别对话机制，这是此次海湖庄园会晤的重要成果。会晤期间，双方率先启动了外交安全对话、全面经济对话。两国元首对这些重要机制的启动及取得的初步成果感到满意。 加强了国际地区事务沟通和协调。会晤期间，两国元首就朝鲜半岛核问题等共同关心的国际和地区问题深入交换意见，同意拓展在地区和全球层面合作，为维护地区和世界和平、稳定、繁荣多作贡献。 王毅说，此次中美元首会晤十分重要、及时、有效，达到了相互结识、增进了解、建立互信、凝聚共识的预期目的，不仅完成了中美关系的平稳过渡，也实现了新时期中美关系的良好开局。这次会晤的重要价值和历史意义在于，双方在最高层面为中美关系的未来明确了方向，搭好了框架，作出了顶层设计。我们有理由相信，这次会晤将为两国关系克服困难，排除干扰，沿着正确轨道向前发展发挥重要作用。同时，也将对促进亚太乃至世界的和平、稳定与繁荣产生重大影响。
20170409,俞正声对斯里兰卡进行正式友好访问,应斯里兰卡议长卡鲁邀请，全国政协主席俞正声6日至8日对斯里兰卡进行正式友好访问，分别会见总统西里塞纳、总理维克拉马辛哈，并同卡鲁议长举行会谈。 俞正声转达了习近平主席、李克强总理、张德江委员长对斯里兰卡领导人的亲切问候。 在会见西里塞纳时，俞正声说，中斯是传统友好邻邦，两国人民交往历史悠久。2014年习近平主席对斯里兰卡进行国事访问，斯领导人访华，两国领导人为中斯关系发展共同作出战略规划。双方应以中斯建交60周年为契机，进一步落实两国领导人共识，保持高层交往，深化政治互信，对接发展战略，共建“一带一路”，加强人文交流，巩固两国友好民意基础，推动中斯战略合作伙伴关系不断向前发展。 西里塞纳表示，斯中友谊源远流长，中国对斯里兰卡实现和平、振兴经济给予了巨大支持。斯方将继续坚定奉行一个中国政策，期待同中方保持密切高层交往，拓展和深化经贸合作，在国际事务中加强协调配合。 俞正声与西里塞纳共同出席了中国援建的斯里兰卡国家医院门诊楼奠基仪式。 在会见维克拉马辛哈时，俞正声说，近年中斯务实合作日益深入。双方应发挥各自优势，共建21世纪海上丝绸之路，稳步推进科伦坡港口城、汉班托塔港等大项目合作，加快双边自贸谈判，不断拓展海洋、旅游、产能等合作新领域。 维克拉马辛哈表示，当前斯里兰卡正处于工业化、现代化、城镇化进程中，愿同中方加强务实合作，共建“一带一路”，带动斯里兰卡经济加速发展。 在同卡鲁会谈时，俞正声说，中国全国政协愿加强同斯里兰卡议会的交流合作，为深化两国关系、促进双边合作添砖加瓦。 卡鲁表示，斯里兰卡议会期待同中方开展更多友好交往。 俞正声与卡鲁共同出席纪念中斯建交60周年招待会。 俞正声来到上世纪七十年代中国援建的纪念班达拉奈克国际会议大厦，会见了65年前代表斯方同中方签署《米胶协定》的前贸工部长森纳那亚克的后人。 俞正声还考察了中国公司承建的科伦坡港有关项目。他要求中国企业把中央方针政策切实落实到实际工作中去，更加积极“走出去”，发扬艰苦奋斗精神，发挥技术优势，高质量、高水平开展项目建设和经营，讲好中国故事，努力实现我国与有关国家的互利共赢和共同发展。 林文漪、张庆黎参加上述活动。
20170409,【党的十九大代表选举】黑龙江：流动票箱让选举全覆盖,在党的十九大代表选举工作中，黑龙江省坚持无盲点传达精神，全覆盖送达选票，确保在偏远农牧区、野外施工的党员，都能参与推荐投票。 80岁的李江是一位有着44年党龄的老党员，他的家位于中俄边境的漠河洛古河村，距离漠河县城120公里。为了让李江这样地处偏远、年老体弱的普通党员，都能参与到十九大代表人选推荐中，当地基层党组织设立流动票箱，“上门入户”传达精神、送达选票。 而对于那些在偏僻地区工作、不方便到集中投票点投递推荐票的党员，作为集中投票的补充，黑龙江“主动上门”的流动票箱，也让他们在工作一线得以参与推荐。 黑龙江还组织开展“强化党员教育、发挥党员作用”主题活动，让投票选举的过程，成为党员自我教育的生动课堂和参与党内政治生活的重要实践。 目前，黑龙江全省11万个基层党组织统一行动，230多万党员参与推荐工作，推荐人选958名，覆盖了全省各条战线的先进模范党员。
20170409,国务院安委会第三批安全生产巡查组进驻八省区市,日前，国务院安委会8个安全生产巡查组陆续进驻北京、河北、浙江、新疆等8个省级人民政府开展第三批巡查。6月份将对内蒙古、上海、湖北、海南、西藏、甘肃、青海和新疆生产建设兵团开展第四批巡查。今年巡查结束后，将首次实现全国省级政府的安全生产巡查“全覆盖”。 巡查组至少在地方工作1个月以上，以查问题、促整改为主要任务，着重检查省级人民政府贯彻落实党中央、国务院关于安全生产工作的决策部署情况、贯彻落实《中共中央国务院关于推进安全生产领域改革发展的意见》情况、遏制重特大事故工作开展情况、完善健全安全生产责任体系情况、健全安全监管体制机制情况、推进依法治安情况、重点行业领域专项整治情况和加强安全基础能力建设情况等。 据了解，今年的安全生产巡查工作将加大企业现场查处和曝光力度。对现场抽查企业发现的问题和隐患，巡查组直接提出处理意见，并敦促地方认真查处落实。对企业存在重大隐患但地方多次检查未发现或发现不处罚的，倒查地方政府和部门责任。
20170409,中央宣传部 司法部 全国普法办联合印发民法总则学习宣传通知,日前，中央宣传部、司法部、全国普法办联合印发通知，对学习宣传《中华人民共和国民法总则》作出了部署。 通知指出，民法总则将于2017年10月1日起施行，这是我国全面推进依法治国进程中的一件大事。认真学习宣传民法总则对于让社会公众掌握民法知识，用民法精神引导生产生活，推动实现公民权利保障的法治化；对于在全社会传播保护产权、维护契约、统一市场、平等交换、公平竞争等基本导向，保障经济持续健康发展；对于构建民事领域治理规则，推进全面依法治国具有重要意义。
20170409,放水养鱼 减税助民营企业增活力,国家税务总局最新数据显示，一系列减税措施起到了放水养鱼作用，民营企业发展势头良好，在各类企业中税收贡献率已超过50%。 浙江是我国民营企业最集中的地区，记者来到浙江余杭这家工厂时，正赶上他们的月底集中发货时间，他们生产的400多辆全地形越野车将发往奥地利、美国和俄罗斯。 最新数据显示，一季度，这家企业利润增长35%，缴纳的税款增幅将超过20%。这家企业所在的余杭经济开发区90%以上的企业是民营企业，整体税收收入增幅也在20%以上。 国家去年大力推行减税举措，为什么税收还会有这么大的增幅呢？答案其实跟减税本身密切相关。 新办民营企业也是税收增量的重要来源。这家去年六月成立的服装企业，今年1到2月的产值已经稳定在500万元以上，两个月贡献了43万元税款。新企业发展势头这么好，也和减税的放水养鱼效应密切相关。 从全国来看，2017年前两个月，全国税务部门组织的税收收入增长13.5%，其中民营经济税收增长22.2%，高出全国8.7个百分点。
20170409,山西：创新金融扶贫扶“真贫”,山西精准施策，引导贫困户的小额扶贫贷款进入合作社和企业，让扶贫产业成为稳定收入来源。 这两天，吕梁临县的贫困户刘香娥家香菇可以采摘了。靠着土地流转和5万元精准扶贫小额贷款，入股种植专业合作社，今年收入会有两万多。 贷上款怕还不了，没贷款发展不了产业。过去，扶贫贷款直接给到贫困户，但是对于没有自主发展产业能力的贫困户，即使有贷款，靠单打独斗也难以发展起产业。 为此，临县把贫困户和龙头企业、专业合作社、家庭农场以及能人大户捆绑到一起，让贫困户以“贷资入股”的形式加入合作社，成为按效益享受分红的股东；那些劳动能力弱或老年贫困户，则以“贷资入企”的形式获得固定收益。 为了让贫困户放心贷款发展产业，从今年开始，山西完善风险补偿金机制，由保险、政府、银行共同分担贷款风险。今年，山西全省小额信贷将新增50亿，受益贫困户超过十万人。
20170409,国内联播快讯,我国建成世界最大油料作物种质资源库 中国农科院油料作物研究所日前建成世界最大的油料作物种质资源库，共收集保存国内外油菜、花生、大豆等种质30426份，在推进油菜、花生、芝麻高油育种、抗性遗传改良等研究方面跃居国际领先行列。 南方降雨持续 局地出现强对流天气 从昨天开始，我国南方多地迎来暴雨和强对流天气。江西鄱阳县尧垅村昨天下午遭遇雷雨大风袭击，多栋房屋受损。到今天中午，受灾群众已被全部转移安置。强降雨这两天还侵袭重庆多地，导致山洪暴发，交通受阻，部分农作物被冲毁。中央气象台预计，明后两天，南方降水范围将减小，强度也将减弱。 重庆：培育良好网络生态 2017年重庆市争做中国好网民工程日前启动，未来将通过开展微视频创作、系列图片展等11项活动，号召网民从自身做起，建设清朗网络空间，培育良好网络生态。 安徽砀山百万亩梨花盛放 安徽砀山近百万亩梨花近日迎来盛花期，超过两百万人次游客前往观赏。砀山梨树种植历史已有两千多年，目前存活的“梨树王”树龄近300岁，百年以上老梨树有6万多棵。 《等着我》第三季今晚开播 公益寻人栏目《等着我》第三季，今晚八点在本台综合频道开播。本季节目将通过纪录、采访以及在线直播实时发布寻人线索等多种形式，帮助更多人实现团圆梦。
20170409,多国专家学者积极评价中美元首会晤,中美元首会晤广受关注。多国专家学者认为，两国元首通过此次会晤增进了相互了解，为中美关系发展指明了方向。 美国前驻华大使芮效俭表示，此次会晤成果积极，为未来美中关系进一步发展奠定了基础。 俄罗斯高等经济学院东方学教研室主任阿列克谢·马斯洛夫说，本次会晤将为中美关系创造一个积极的新开端。两位领导人都表现出愿意对话的姿态，这是通过交流进而寻求共识的良好基础。 肯尼亚内罗毕大学外交学学者帕特里克·马卢基说，此次会晤有助于加强两国在重大国际和地区问题上的合作，这不仅符合中美两国人民的根本利益，也是国际社会的普遍期待。中美在维护世界和平稳定、促进人类发展进步等方面肩负共同责任，加强对话与合作是两国唯一正确的选择。
20170409,埃及北部城市遭恐袭 已致30人死亡,埃及北部城市坦塔的一个教堂今天发生爆炸，已造成30人死亡，数十人受伤。目前暂无组织宣称制造此次爆炸。 据埃及媒体报道，爆炸由安置在教堂内的炸弹引起。目击者说，爆炸威力巨大，现场起火，烟雾弥漫。爆炸发生时，有很多人在教堂内参加宗教活动，因此造成严重人员伤亡，死亡人数可能会进一步上升。埃及总理伊斯梅尔发表声明说，这是一起恐怖袭击，对此予以谴责，并向遇难者家属表示慰问。 2016年12月，位于开罗市阿巴西耶区的一所教堂遭炸弹袭击，造成29人死亡。极端组织宣称制造了这起袭击。埃及民航部还曾宣布，在去年5月埃航空难部分遇难者遗体上发现了爆炸物痕迹，事件为恐袭所致的可能性进一步上升。分析人士认为，这一系列事件说明，极端组织和恐怖势力在埃及政府持续打击下仍有一定实力，埃及反恐形势不容乐观。
20170409,埃及另一所教堂发生爆炸 数人受伤,本台刚刚收到的消息，埃及媒体报道，位于埃及另一个城市亚历山大的一所教堂外今天也发生爆炸，已造成数人受伤。
20170409,国际联播快讯,瑞典警方：恐袭嫌疑人曾被记录在案 瑞典警方8日公布了卡车撞人事件嫌疑人的部分信息，这名嫌疑人39岁，是乌兹别克斯坦人。警方还称，瑞典安全部门去年就已经掌握这名嫌疑人的一些情报，不过当时没有迹象显示他与极端组织有联系，因此并没有对他进行重点监控。另据瑞典媒体报道，瑞典警方8日在斯德哥尔摩全市范围内突击搜查了多栋建筑，但警方没有公布更多相关信息。 俄美外长通话讨论美军对叙打击 据俄罗斯外交部消息，俄罗斯外长拉夫罗夫8日与美国国务卿蒂勒森就美军打击叙利亚政府空军基地一事通电话。拉夫罗夫在电话中表示，对于叙利亚政府军使用了化学武器的指责是“错误的”而且“不能让人信服”。应该对本月4日发生在叙利亚伊德利卜省的疑似化武袭击事件进行彻底公正的调查。俄罗斯外交部称，两人同意在本月蒂勒森对俄罗斯进行访问期间继续讨论叙利亚问题。 马里总统任命新总理 马里国家电视台8日公布了马里总统凯塔颁布的总统令，任命马伊加为政府总理，接替7日辞职的莫迪博·凯塔。马伊加自2016年9月起担任马里国防部长，同时也是执政党马里联盟党的副主席。 近来马里国内安全局势持续紧张，自3月9日以来医务人员和教师进行无限期罢工。截至目前，马里官方尚未公布莫迪博·凯塔辞职的具体原因，也未说明新政府将于何时组建。 “埃塔”组织向法国警方上缴武器 西班牙分裂组织“埃塔”8日向法国警方提供一份藏匿武器地址清单，清单上包括120把手枪、3吨炸药以及大量子弹。法国方面回应说，这是“埃塔”解除武装的“重要一步”，法国警方已经到相应地址实施收缴行动。 “埃塔”成立于1959年，主张在西班牙北部和法国西南部巴斯克地区建立独立国家。过去几十年间通过各种恐怖手段夺走了800多人的生命，欧美将其列为恐怖组织。2011年10月，“埃塔”宣布将永久放弃武装斗争，但并未解散和彻底解除武装。 “世越”号上岸作业今天展开 韩国海洋水产部表示，“世越”号由水中向陆上转移的工作今天已经开始。由于“世越”号船体重达约1万6千吨，整体转移工作难度很大，全部转移工作预计今天晚些时候完成。 载有476人的“世越”号客轮2014年4月意外进水沉没，船上172人获救，295人遇难。迄今仍有9人下落不明。“世越”号上岸后，相关部门将继续搜寻9名失踪者遗体，并对船体进行进一步调查。 俄两列火车相撞脱轨 50人受伤 一列由俄罗斯莫斯科开往白俄罗斯方向的火车8日在紧急避让行人时，由于司机操作失误，与另一列火车相撞，两列火车同时脱轨，造成约50人受伤。俄罗斯紧急情况部9日表示，伤者中有12人住院治疗，其中6人重伤。俄紧急情况部派出了200多人实施救援。
20170409,一颗小行星将以“很近距离”掠过地球,一颗相对较大、直径约650米的近地小行星，将以近180万公里，也就是约4.6倍的地月距离，于4月中旬“擦”过地球。美国宇航局表示，这颗小行星于2014年5月被发现。
