date,title,content
20170424,习近平同美国总统特朗普通电话,24日，国家主席习近平同美国总统特朗普通电话。 习近平指出，我同总统先生在海湖庄园会晤，近日又进行了很好的通话，达成重要共识，受到两国民众和国际社会积极评价。当前，国际形势迅速变化，中美双方保持密切联系，及时就重要问题交换意见，十分必要。 习近平强调，中美双方要落实好我们达成的共识，巩固两国关系稳定发展势头。双方工作团队要加强协调，做好总统先生年内访华筹备工作，早日开启中美首轮外交安全对话、全面经济对话、执法及网络安全对话、社会和人文对话相关安排，推进经贸、两军、执法、网络、人文、地方等领域交流合作，加强在国际和地区问题上的沟通，推动中美关系不断取得新发展。 特朗普表示，我同习近平主席在海湖庄园进行了很好的会晤。我对两国关系发展感到满意，对中国人民充满敬意。美中双方就重大问题保持沟通和协调十分重要。我期待尽快同习近平主席再次见面，并期待着对中国的国事访问。 两国元首就朝鲜半岛局势交换了意见。习近平强调，中方坚决反对违反联合国安理会决议的行为，同时希望有关各方保持克制，避免做加剧半岛局势紧张的事。只有有关各方都负起该负的责任、相向而行，才能尽快解决朝鲜半岛核问题，实现半岛无核化。我们愿同包括美方在内有关各方一道，为朝鲜半岛和平、东北亚和平、世界和平共同努力。 两国元首同意通过各种方式保持密切联系，及时就共同关心的问题交换意见。
20170424,习近平向中国-南非高级别人文交流机制首次会议致贺信,国家主席习近平24日致信祝贺中国-南非高级别人文交流机制首次会议在比勒陀利亚召开。 习近平强调，中国和南非同为发展中大国和金砖国家成员。近年来，两国全面战略伙伴关系保持强劲发展势头，给两国人民带来了实实在在的利益。中南高级别人文交流机制是中国同非洲国家建立的首个高级别人文交流机制，是落实中非合作论坛约翰内斯堡峰会成果的重要行动。机制的启动将夯实中南关系的民意基础，有力推动两国人文交流。 习近平指出，这次机制活动期间还将召开中非部长级医药卫生合作会议。中非卫生合作是中非友好合作的重要组成部分。希望有关各方携手同行，深入推进中非卫生合作，造福中非人民。 习近平强调，实现中华民族伟大复兴的中国梦和非洲《2063年议程》描绘的非洲梦高度契合。中方愿同包括南非在内的非洲国家一道，携手开创中非合作共赢、共同发展的新时代。 南非总统祖马也向会议致贺信，表示南中高级别人文交流机制的建立是南中良好关系的又一例证。相信机制将推动两国相关领域交流合作取得积极成果，增进两国人民相互理解，将两国关系提升到新的高度，实现南中共同繁荣。
20170424,【一带一路·合作共赢】万里亚欧通道 共享丝路大商机,总长2万多海里的中欧海上航线，运行距离超过2万公里的中欧班列，不仅联通起了“一带一路”沿线上的65个国家和地区，还成为了目前世界上跨度最大的经济走廊。2016年，“一带一路”沿线国家的贸易额占到了全球总量的三分之一。 清晨六点，中远荷兰号驶入了新加坡港，在短短10个小时的靠港时间里，这艘来自中国的万吨货轮，任务繁重，不仅要进行淡水补充，同时还要上下货物2000个标准集装箱。 往返中国与欧洲，这条海上运输线的总距离达到了2万海里，运输的不仅仅是中国的商品，在沿途经过的11个各国的港口中，很多国家都要借助荷兰号和中欧航线，把自己的产品运输到沿线地区进行贸易。 这是荷兰号沿途要搭载的各类商品清单。在中国搭载的是小家电产品、自行车、服装等。在新加坡港，搭载的是东南亚各国生产的橡胶，汽车配件等商品。而到了欧洲之后，这些商品将在不同港口陆续下船，进行物流配送，而空客A320飞机也将搭载荷兰号来到中国天津，进行组装。 23日下午四时，中远荷兰号启程前往下一个目的地——希腊。而此时，4月15日，从成都出发的X8086次中欧班列已经穿越哈萨克斯坦，抵达俄罗斯境内。几天前，中俄等七国铁路部门正式签署的关于简化过境手续的合作协议，让这条西行列车的通关时间大大缩短了。 再过五天，这趟中欧专线列车就将达到终点站——波兰罗兹。 从上海启程，穿越太平洋、印度洋、大西洋、最终抵达比利时，从中国成都出发，横跨欧亚大陆，来到波兰。这一南一北，海上和陆地并存的两条亚欧大通道，不仅联通了“一带一路”沿线65个国家和地区之间的交通，还让原本分散的各个经济区域，在贸易投资交往中更加的畅通。 商务部最新统计数据显示，近三年来，中国与“一带一路”沿线国家贸易额达到3.1万亿美元，占对外贸易总额的26%。2016年全年，中国企业对“一带一路”沿线国家直接投资145.3亿美元，在沿线20多个国家建立了56个经贸合作区，为东道国增加了近11亿美元的税收和18万个就业岗位。一大批“互联互通”项目正在稳步推进。
20170424,【家国栋梁】黄大年：振兴中华 乃我辈之责,我国知识分子历来有浓厚的家国情怀。在当下实现中华民族伟大复兴的筑梦路上，广大知识分子更是主动担当，积极作为。从今天起，本台推出系列报道《家国栋梁》，为您讲述知识分子无愧于时代的奋斗故事。今天我们首先来认识国家“千人计划”特聘专家黄大年。 25年前，他带着科技强国的心愿，出国留学、工作，成为了国际著名的航空地球物理学家。当祖国需要时，他放弃国外的优厚条件，回国带领科研团队寻求技术突破，直到生命的最后一刻。 这场报告会，正在吉林大学的校园里巡讲，师生共同缅怀一位逝去的教授——黄大年。 1977年，黄大年考入长春地质学院应用地球物理系，硕士毕业后留校任教。在当年的毕业纪念册上，黄大年的留言写道：“振兴中华，乃我辈之责！”。心怀报国之志，1992年，黄大年被公派到英国攻读博士，并从事地球物理研究工作，成为这个领域研究高科技敏感技术的少数华人之一。 2009年4月，当得知国家的“海外高层次人才引进计划”时，黄大年第一时间给母校打电话，明确表示要回国。 回国后的第6天，黄大年就与吉林大学签下全职教授合同，成为第一批回到东北发展的国家“千人计划”专家。他带着先进技术，重点攻关国家急需的“地球深部探测仪器”。这种设备就像一只“透视眼”，能“看清”深层地下的矿产、海底的隐伏目标，对国土安全具有重大价值。而这样的高端装备，国外长期对华垄断或封锁。 从零开始的黄大年，带着研究团队日夜奋战。他出差始终赶最晚的那一程，这样就不耽误白天的工作，同事经常凌晨两三点钟接到他的信息，得知新的任务。 黄大年带领400多名科技人员，成功研制我国第一台万米科学钻——“地壳一号”，自主研制综合地球物理数据分析一体化的软件系统，提高国家深部探测关键仪器的制造能力。 2016年12月8日，黄大年因胆管癌住进医院。即便在病床上，打着吊瓶的黄大年还在改方案，给学生答疑解难。 2017年1月8日，黄大年因病逝世。众多师生带着伤痛和怀念，默默垂泪，悼念送别。 斯人已去，未尽的事业却仍在继续。黄大年生前规划的“十三五”国家重点研发计划——航空重力梯度仪研制，已通过阶段论证即将启动。曾经与黄大年并肩奋战的同事，正在让“地球深部探测仪器”从理论走向应用。
20170424,区域经济增势明显 全国税收增长较快,国家税务总局近日发布的一季度税收收入数据显示，区域经济增势明显，全国税收增长较快。 固定资产进项税税额变化直接反映了企业的投资意愿，在长江经济带上游的重庆，一季度电子信息企业投资意愿最强烈，这项指标增长了38%。企业活力得到激发，直接带动地方税收的增长。数据显示，一季度，我国重点区域税收增势较好，长江经济带的11个省市中，贵州、湖北、浙江等7个省市增幅高于全国平均水平。 产业结构升级不只发生在重点区域，从全国来看，一季度，第二产业税收增长15.7%，比2016年全年增幅提高16.4个百分点。从整体上来看，今年一季度，全国税务部门组织税收收入33317亿元，比上年同期增长11.8%。
20170424,中国航天日：航天创造美好生活,今天是第二个“中国航天日”，今年“中国航天日”的主题是“航天创造美好生活”，全国各地举行了200多场形式多样的主题活动，一批航天重大项目也迈出实质性步伐。 今天在陕西西安举行了“中国航天日”主场活动，包括国家航天局设立科普基地、中国航天教育联盟成立、邀请航天员作报告等。 在天津，一批航天展馆、火箭总装车间、实验室向社会公众和大中小学生开放。在北京，太空家园馆今天正式对外开放，公众在这里可以亲身感受火箭总装、发射等航天场景。而来自北京市10多所学校的课题组成员，今天也正式启动“丰台少年二号暨少年梦想二号”科普卫星课题。去年，我国第一颗由中学生参与研制的科普卫星——“丰台少年一号暨少年梦想一号”搭载长征11号运载火箭成功发射升空。 而在航天重大工程领域，中国人的第一个空间站，目前研制进展顺利。 在空间站建成之后，我国将成为世界上第三个拥有空间站的国家，这也进一步为我国开展国际航天合作交流提供平台。 目前，中国航天员中心正在开展第三批航天员的选拔工作和针对未来空间站的航天员训练工作。
20170424,第三批中央环境保护督察工作全面启动,第三批中央环境保护督察工作今天全面启动，将对天津、山西、辽宁、安徽、福建、湖南、贵州等7个省（市）开展环境保护督察工作。 此次督察将坚持问题导向，重点盯住中央高度关注、群众反映强烈、社会影响恶劣的突出环境问题及其处理情况；重点检查环境质量呈现恶化趋势的区域流域及整治情况；重点督办人民群众反映的身边环境问题的立行立改情况；重点督察地方党委和政府及其有关部门环保不作为、乱作为等情况。
20170424,张家港：崇德向善 为善心做“红娘”,江苏张家港城市不大，却有900多个志愿服务团队，他们崇德向善，感染了这个城市的每一个人，也让张家港连续四次获评全国文明城市。 最近，张家港乐余镇举行了一场志愿者合作“伙伴计划”项目对接会，爱心企业代表仔细听取每一个公益项目介绍，最终对感兴趣的的公益项目定向捐赠。这次对接会，有7个公益项目获得了资金支持。 每年张家港都会举行各种“伙伴计划”对接会，为志愿团体和爱心企业“牵线搭桥”，仅去年，张家港登记在册的志愿服务活动就超过一万次，这也带动了很多市民参与公益活动。 2003年以来，张家港还通过“寻访身边好人”活动，寻访到2000多位“身边好人”，并建设“好人主题公园”、“好人一条街”，发挥榜样的力量。
20170424,【身边的感动】山东：幼童游船落水 六人跳水施救,4月17日上午，山东淄博人民公园的人工湖上，一名6岁的小男孩在游船上戏耍的时候突然落水，危急时刻，路过的市民纷纷跳入水中，进行救援。 从公园的监控视频上我们可以看到，当时小男孩在游船的一侧，俯下身子戏水，可是一不留神翻身落入水中。男孩的家长看到之后，由于不会游泳，只能一手攀住游船，另一只手尽力救援。 危急时刻，一名路过的市民跳入水中游向孩子。几乎是同时，另外一人也从湖的另一边下水。在随后的20秒内，又有四人跳入水中。 很快，第一个入水的人抓到了孩子，开始努力把孩子往水面上举。此时，公园管理处的救援船只和其他五位救援者也赶了过来，大家协力将孩子托举到救援船只上。此时，孩子已经没有意识，心脏骤停，为了争取抢救时间，大家在船上就开始对孩子进行胸外心脏按压和人工呼吸。 经过一分多钟坚持不懈的急救，男孩终于有了反应。船靠岸后，就被紧急送往医院。因为救援及时，孩子当天中午已经恢复意识，身体并无大碍。
20170424,国内联播快讯,2017年全国五一劳动奖评选揭晓 “2017年全国五一劳动奖”评选结果今天揭晓，1593个先进集体和个人受表彰。其中，全国五一劳动奖状99个、五一劳动奖章694个，工人先锋号800个。获奖的先进个人中，一线工人和专业技术人员占总数一半以上。 全国销毁侵权盗版出版物1730万件 今天，全国“扫黄打非”工作小组在多地统一举行2017年侵权盗版及非法出版物集中销毁活动。这是连续第18年开展销毁活动，销毁盗版图书、盗版音像制品、盗版电子出版物及非法报刊共1730万件。 首个全国地理国情普查公报发布 我国首个全国地理国情普查公报今天发布。此次普查采用优于1米分辨率遥感影像，对除港澳台地区外，陆地国土范围内的地表自然和人文地理要素进行了全覆盖、无缝隙、高精度的地理国情摸底。 “一带一路”沿线18国在气候领域展开合作 来自“一带一路”沿线18个国家的30位气候官员日前来华合作研讨。各方围绕清洁能源、低碳技术、减灾防灾等议题展开交流，共享应对气候变化知识和经验，推动相关领域的务实合作。 第三届核能安全技术高峰论坛举行 今天，第三届核能安全技术高峰论坛在安徽合肥举行，300多名国内外专家学者共同探讨革新型核能安全、辐射安全技术发展等问题，为我国核能及核安全发展谏言献策。 新疆：“千企帮千村”精准扶贫全面启动 新疆“千企帮千村”精准扶贫行动近日全面启动，重点围绕和田、喀什等南疆四地州，把企业资本、技术等优势和贫困地区特色产业、劳动力等资源结合起来，开出“脱贫处方”，助力贫困群众脱贫致富。 黄埔海关查获价值2亿元走私洋酒 广东黄埔海关今天公布，摧毁了一个涉嫌以低报价格的方式走私洋酒团伙，抓获犯罪嫌疑人9名，查获法国干邑白兰地原酒270多吨及一批灌装成瓶洋酒，案值两亿元人民币。
20170424,马克龙和勒庞进入法总统选举第二轮,法国内政部24日公布的统计结果显示，在23日举行的法国总统选举首轮投票中，“非左非右”的“前进”运动候选人马克龙和极右翼政党“国民阵线”候选人勒庞得票领先，将进入总统选举的第二轮投票。 根据法国内政部的公告，马克龙得票率为23.75%，勒庞得票率为21.53%。右翼共和党候选人菲永和极左翼组织“不屈法国”候选人梅朗雄得票率分别排名第三第四。 这是法兰西第五共和国建立59年来，首次由两位不是传统左右翼政党的候选人占据总统选举“决赛”的舞台。 年仅39岁的马克龙23日在公开讲话中说，极端主义只会给法国带来不幸和分裂，他将以团结所有法国人为己任，并改变一个过去30年来都失效的政治体制。自2012年担任总统府副秘书长算起，马克龙从政时间只有5年，期间他还曾任法国经济部长。马克龙2016年成立号称“跨越左右之分”的“前进”运动，反对左右壁垒分明的法国传统政治格局，支持建设欧盟。 勒庞23日晚则表示，当天的选举结果是历史性的胜利，她将给法国带来真正的政权更迭。1968年出生的勒庞持反移民、反欧盟的主张，希望通过封闭主义来保护法国利益。勒庞曾表示，如果自己上台，第一件事就是收回边界管控权、控制移民。 法国舆论称，马克龙和勒庞的第二轮选举实际上是“全球化”和“民粹主义”的对决。 当晚，败选的左右翼候选人均呼吁选民支持马克龙。法国总理卡泽纳夫、前总理拉法兰等多名政界人士也一致呼吁支持马克龙。欧盟委员会主席容克、欧盟外交与安全政策高级代表莫盖里尼等欧盟领导人也对马克龙在首轮投票中领先表示祝贺，认为这一结果让欧盟看到了希望。
20170424,国际联播快讯,世行与亚投行签署备忘录加深合作 世界银行与亚洲基础设施投资银行23日在华盛顿签署合作备忘录。世行声明说，备忘录将为双方在开发融资、人员交流等领域提供合作框架，为双方在地区以及国家层面的协调合作打下基础。 去年4月，世行与亚投行签署了首份联合融资框架协议。目前，世行与亚投行在巴基斯坦、阿塞拜疆以及印度尼西亚等国共开展了五个联合融资项目。 以色列举行大屠杀纪念日悼念活动 以色列23日在耶路撒冷大屠杀纪念馆举行大屠杀纪念日悼念活动。6名大屠杀幸存者在活动上点燃6支火炬，悼念二战期间被德国纳粹屠杀的约600万犹太人。 以色列1948年建国后，以立法形式确定了国家对犹太人大屠杀的纪念活动。按照犹太历法，今年以色列大屠杀纪念日从23日日落开始到24日日落结束，期间所有娱乐场所停止营业。 欧安组织车队在乌克兰触雷 一死两伤 欧洲安全与合作组织特别观察团的车队23日在乌克兰东部卢甘斯克附近触雷，一名美国成员死亡，另有两人受伤。欧安组织在乌克兰冲突地区部署了约600名观察员，欧安组织已经要求全面调查这起事件。 数据显示，自2014年乌克兰冲突爆发以来，战争遗留的爆炸物已经造成至少250人死亡、470人受伤。 世界田径接力赛：中国女队4x100米摘铜 2017国际田联世界田径接力赛23日在巴哈马进行第二个比赛日的争夺。中国女队在4x100米决赛中以43秒11的成绩获得铜牌。中国男队此前一天在该项目上同样获得了铜牌。 根据伦敦世锦赛参赛规则，闯入本届赛事决赛的中国男队和女队均顺利锁定世锦赛门票。 另外值得一提的是，赛事效仿去年的里约奥运会，同样有难民代表队参赛。 罗马古装游行庆祝建城2770周年 意大利首都罗马23日举行了一场古典盛装游行，庆祝建城2770周年。约1600人装扮成古罗马历史中的角色，沿着罗马历史中心的道路游行。 根据传说，罗马建城日为公元前753年4月21日。罗马近年来每年都会隆重庆祝建城日，除古典盛装游行之外，还有广场音乐会、档案展览等一系列纪念活动。
