date,title,content
20170307,习近平参加辽宁代表团审议,党和国家领导人习近平、李克强、俞正声、刘云山、王岐山，今天上午分别参加了十二届全国人大五次会议一些代表团的审议。 3月7日上午，习近平在辽宁代表团参加审议。会上，李希、陈求发、唐复平、徐强、陈秀艳、王孝久、冯玉萍等7位代表先后围绕推进辽宁振兴发展、深化国有企业改革、弘扬工匠精神、加强农村基层政权建设、发展壮大民营经济、弘扬优秀传统文化等问题发表意见。习近平认真听取和记录并同大家交流，最后作了重要讲话。习近平在肯定辽宁过去一年的工作后指出，要推进供给侧结构性改革，推进国有企业改革发展，推进干部作风转变，深入实施东北老工业基地振兴战略，全面做好稳增长、促改革、调结构、惠民生、防风险各项工作。习近平指出，供给侧结构性改革是辽宁振兴必由之路。要抓住主要矛盾，明确主攻方向，推进辽宁供给侧结构性改革继续取得新进展，下决心振兴辽宁工业，再创辽宁工业辉煌。不论经济发展到什么时候，实体经济都是我国经济发展、在国际经济竞争中赢得主动的根基。辽宁老工业基地是靠实体经济起家的，新一轮振兴发展也要靠实体经济。要重点抓好产业转型升级，形成具有持续竞争力和支撑力的工业体系，推动形成战略性新兴产业和传统制造业并驾齐驱、现代服务业和传统服务业相互促进、信息化和工业化深度融合、军民融合发展的结构新格局。习近平指出，要把国有企业作为辽宁振兴的“龙头”，坚定不移把国有企业做强、做优、做大，培育核心竞争力，争当创新驱动发展先行军，加快培育具有较强创新精神和创新能力的企业科技人才队伍。要优化国有资本布局，全面落实国有资产保值增值责任，防止国有资产流失和重大风险事件发生。习近平指出，要以推进干部作风转变为抓手，全面推进干部队伍建设。一个地方要实现政通人和、安定有序，必须有良好政治生态。政治生态污浊，就会滋生权欲熏心、阳奉阴违、结党营私、团团伙伙、拉帮结派等一系列问题，侵蚀党的思想道德基础。要严肃党内政治生活，深入整治选人用人不正之风，坚持正确用人导向，真正把忠诚党和人民事业、做人堂堂正正、干事干干净净的干部选拔出来，形成风清气正的良好政治生态。每一位人大代表都要站稳政治立场，增强政治观念、法治观念、群众观念，发挥来自人民、植根人民的特点，接地气、察民情、聚民智，努力做到民有所呼、我有所应。
20170307,李克强参加西藏代表团审议,中共中央政治局常委、国务院总理李克强在西藏代表团参加审议。在听了代表们的发言后，李克强说，西藏在全国大局中具有特殊重要地位。党的十八大以来，以习近平同志为核心的党中央进一步把西藏工作放在重要位置，今年要继续按照党中央、国务院部署，统筹谋划推动西藏工作，使发展与稳定相辅相成。突出保障和改善民生的重点，补上教育、医疗、供暖工程等“短板”，提高基本公共服务水平。在严格保护生态前提下，大力发展旅游、清洁能源、民族医药等特色优势产业。国家要在交通、电网基础设施建设等方面加大支持和投入。加大脱贫攻坚力度，特别要改善边境地区群众生产生活条件。加强民族团结，促进各民族和睦相处，促进宗教关系和谐，维护西藏社会稳定和长治久安。
20170307,俞正声参加台湾代表团审议,中共中央政治局常委、全国政协主席俞正声在台湾代表团参加审议。俞正声指出，党的十八大以来，对台工作取得积极成果。我们要认真学习领会和贯彻落实习近平总书记对台工作重要思想，继续坚持“和平统一、一国两制”基本方针，坚持体现一个中国原则的“九二共识”，坚决反对和遏制任何形式的“台独”分裂活动，努力维护台海和平稳定。要秉持“两岸一家亲”理念，持续推进两岸民间各领域交流合作，促进两岸经济社会融合发展，增进两岸同胞亲情和福祉。
20170307,王岐山参加湖南代表团审议,中共中央政治局常委、中央纪委书记王岐山在湖南代表团参加审议。他指出，党的执政之基就是民心向背，人民代表的掌声反映的是人民的心声。不忘初心、践行宗旨，走好新的长征路，关键在坚持党的领导、全面从严治党，要害在党员领导干部这个“关键少数”。全面从严治党永远在路上，群众身边的腐败损害百姓切身利益，透支党的信用，严重侵蚀党执政的政治基础。各级党组织和党员领导干部要担当起沉甸甸的政治责任，坚决惩治群众身边的不正之风，以心系人民的情怀弯下腰去联系群众，把党的好政策落到实处，增强人民群众对党中央的信任和信赖。
20170307,香港代表团：报告突显中央对港重,出席十二届全国人大五次会议的香港代表团，今天下午在人民大会堂举行全体会议，审议政府工作报告。 港区全国人大代表表示，今年的政府工作报告务实全面，显示发展强大信心，而涉港部分，提出深化港澳与内地合作的新举措，体现出中央对香港未来发展及港人福祉的关心与重视。 政府工作报告首次提出研究制定粤港澳大湾区城市群发展规划。代表认为，中央政府把这一发展规划提上国家发展战略层面，对香港是机遇也是激励。 政府工作报告中，首次明确提到“港独”是没有出路的。代表认为，这显示出中央在这一原则性问题上的立场和态度，是对“港独”分子提出的严正警告。
20170307,【代表委员议政建言】践行新发展理念 加快全面建成小康社会,全国政协委员在分组讨论时认为，今年的政府工作报告亮点多、看点多，新政策、新办法承载着新发展理念，贯彻了习近平总书记系列重要讲话精神，为加快全面建成小康社会提供了施工图。 “小康不小康，关键看老乡”。委员们认为，必须紧盯全面建成小康社会的短板，在补齐短板上下足功夫。 委员们认为，全面建成小康社会进程中剩下的更多是难啃的“硬骨头”，必须用新发展理念引领新的实践，解放思想，敢为人先。 委员们认为，如果新发展理念是指挥棒，政策措施就是指路牌，只要我们坚持用新发展理念统领全局，就一定能够加快全面建成小康社会的进程。
20170307,【来自基层代表委员的声音】变化看在眼里 记在心头,两会上，来自基层的代表委员表示，现在老百姓腰包越来越鼓，生活环境越来越好，变化看在眼里，记在心头。 来自新疆的全国人大代表玛依努尔·尼亚孜是一名妇产科医生，她说，这些年，农牧区医疗条件在变化，健康意识也在提高，真切地感受到了国家的发展。 鲍红艺代表是云南临沧市沧源佤族自治县的一名小学教师，她说，做梦也没想到阿佤山能有机场。 很多来自农村的代表说，现在农村的环境越来越好。 怎样让生活越来越好，如何同步小康，围绕这些话题代表委员们在会上积极发言。
20170307,全国人大 政协今天举行四场记者会,两会今天举行了四场记者会，邀请财政部长肖捷、农业部长韩长赋、国务院扶贫办主任刘永富以及刘长乐等五位全国政协委员回答中外记者的提问。 在回答企业减税降费的问题时，肖捷表示，今年将在去年减负5000多亿元的基础上，再减轻企业税负3500亿元左右。同时，在降费方面将做好两项工作。 此外，肖捷还就个人所得税调整等问题回答了记者提问。 针对当前农村环境污染的问题，农业部部长韩长赋表示，要努力把农业资源过高的利用强度缓下来，把面源污染加重的趋势降下来。 韩长赋还就农业供给侧结构性改革等问题回答了记者提问。 针对是否存在虚假脱贫的现象，国务院扶贫办主任刘永富表示，凡是不符合实际情况的、层层加码的，必然后面会出现“数字脱贫”，对于这种现象是要纠正的，必须是真正的脱贫，实事求是。 此外，刘永富还就脱贫攻坚考评制度等问题回答了记者提问。 全国政协记者会上，刘长乐、冯骥才、苏士澍、成龙、海霞五位全国政协委员就坚定文化自信，讲好中国故事等问题回应媒体关切。在回答如何让青少年传承中华优秀传统文化时，冯骥才表示，要不断地用新方式，用年轻人喜欢的方式激起大家的热爱，在热爱过程中一定会提高他们的修养。 刘长乐、苏士澍、成龙、海霞四位委员还就传统文化走出去、书法进校园、国产电影发展、媒体如何讲好中国故事等问题回答记者提问。
20170307,【点赞中国】,清洁能源支撑绿色文明，尖端科技保证信息安全，一起来看今天的《点赞中国》。 累计发电突破一万亿千瓦时，三峡电站日前交出14年绿色发电成绩单。这1万亿度水电，节省了3.19亿吨标准煤，也意味着减少了2.8亿辆小汽车一年排放的二氧化碳。这里保持着单座水电站年发电量的世界纪录，这里拥有占世界近4成的巨型水轮机组，用全球最大清洁能源基地参与生态文明建设。 引擎澎湃，为中国动力点赞！ 今天，港珠澳大桥最后一节沉管安放到位，只剩12米接头冲刺，全线贯通指日可待。利用先进信息技术和遥控技术，精准完成高难度的海底管道安装，这座集桥、岛、隧道于一体的世界最长大桥，将在港珠澳三地建起一个立体交通系统。通车后水上有大桥，水底有隧道，中间过轮船，还预留了海洋动物通道，港珠澳将形成半小时生活圈。 工程攻关，为中国能力点赞！ 传输距离长达2000公里，保密级别全球最高，世界上最优秀的信息快递能手即将上岗。它就是我国量子保密通信干线“京沪干线”。在此之前，用量子秘钥送信，全世界最远也就几百公里。 有了它，金融和政务信息安全将首先受益，刷卡购物、银行转账的安全问题可以不用担心了。 领跑世界尖端通信技术，为中国智力点赞！
20170307,本台明天将直播十二届全国人大五次会议第二次全体会议,十二届全国人大五次会议将于3月8日下午3点在北京人民大会堂召开第二次全体会议，全国人大常委会委员长张德江作全国人大常委会工作报告。届时，我台综合频道、新闻频道、中文国际频道及中国国际电视台的英语、西班牙语、法语、阿拉伯语、俄语等5个外语频道进行现场直播，综合频道、新闻频道将手语同步播报。中央人民广播电台、中国国际广播电台直播，央视网、央视新闻移动网、人民网、新华网等也将作实时报道。
20170307,国内联播快讯,“西电东送”大动脉完成年度检修 连接四川宜宾和浙江金华的特高压直流输电工程日前完成全线检修，恢复送电。投产三年来，这条“西电东送”大动脉累计向浙江输送清洁水电近千亿千瓦时。 海归大熊猫“宝宝”各项指标正常 今天，我国大熊猫保护研究中心对外公布，半个月前从美国回来的大熊猫“宝宝”，经过体检各项指标正常。再过半个月，它将结束隔离检疫，正式与公众见面。 《中国经济生活大调查》今晚播出 《中国经济生活大调查》发布晚会今晚八点在央视财经频道播出。中央电视台首次联手多家大数据研究机构，发布50大核心数据发现，线上线下参与总人数超过50万。
20170307,【世界观两会】“一带一路”促共赢 中国方案惠及世界,今年的政府工作报告中，几次提到了推进“一带一路”建设。在国际贸易和投资低迷、保护主义抬头的全球经济形势大背景之下，中国依然坚定地推动经济全球化进程，继续开展“一带一路”建设，被外界视作为全球化的积极发展提供了好的范本。 今年的政府工作报告在回顾2016年工作时，特别提到了积极扩大对外开放，推进“一带一路”建设，与沿线国家加强战略对接、务实合作。就在2016年，“中巴经济走廊”首次海陆试联运活动完成，巴基斯坦瓜达尔港第一次实现大规模集装箱出口，这一走廊被认为是促进整个地区发展的催化剂。可以说，“一带一路”倡议为沿线国家创造了前所未有的发展新机遇，因此也成为这些国家对今年中国两会的重要关注点。 扎实推进“一带一路”建设，被列在了中国政府新一年的工作任务中，这也让全世界对“一带一路”倡议的开花结果充满期待。
20170307,中方坚决反对在韩部署“萨德”,7日，“萨德”反导系统部分装备运抵韩国，这意味着“萨德”部署工作正式开始。 韩国国防部以及驻韩美军7日确认，“萨德”反导系统部分装备已运抵韩国，其中包括两台发射架，双方将尽快完成部署。 韩美去年7月宣布在韩部署“萨德”反导系统，遭到包括中国在内的有关国家的坚决反对。 中国外交部发言人耿爽今天表示，中方坚决反对美韩在韩国部署“萨德”，也将坚决采取必要措施来维护自身的安全利益，由此产生的后果由美韩来承担。并再次强烈敦促有关方面停止部署的进程，不要在错误的道路上越走越远。
20170307,国际联播快讯,中菲经贸联委会第28次会议举行 中国商务部和菲律宾贸工部7日在马尼拉举行第28届中菲经贸联委会。双方代表会后表示，中菲政府经贸联委会是重要经贸合作机制，是将两国领导人经贸领域共识转化为实际成果的重要后续行动。会议达成广泛共识，中菲将进一步加强双边贸易合作。 朝鲜马来西亚互相驱逐大使 朝鲜外务省7日宣布，暂时禁止境内马来西亚公民离境，直到此前发生在马来西亚的事件得到公正解决，马来西亚境内的朝鲜外交官以及公民安全得到确保为止。马方随后也发布声明，在确保所有在朝的马来西亚公民安全之前，禁止所有在马朝鲜公民离境。近日，朝马两国围绕朝鲜籍男子在马身亡一事互相指责，先后宣布驱逐对方大使。
