date,title,content
20170213,习近平向德国当选总统施泰因迈尔致贺电,2月12日，国家主席习近平向德国当选联邦总统施泰因迈尔致贺电。 习近平在贺电中指出，当前，中德关系步入高水平发展阶段，双方高层交往密切，各领域合作日益深化。中德加强合作不仅有利于增进两国人民的福祉，而且有利于促进世界和平、稳定、繁荣。我愿同你一道努力，共同推动中德全方位战略伙伴关系取得更好发展。
20170213,施泰因迈尔当选德国新任总统,德国12号举行联邦大会总统选举，前外长施泰因迈尔获得1239张有效票中的931票，远超其他候选人，在第一轮投票中就当选第12任德国总统。施泰因迈尔当选属于意料之中，德国主要大党先前均表态支持他竞选总统。施泰因迈尔将于3月19号正式履职。 施泰因迈尔现年61岁，2005年到2009年以及2013年到2017年年初两度担任德国外交部长，2007年到2009年还曾担任德国副总理。　 德国总统选举每五年举行一次，由联邦议员以及德国16个联邦州代表组成的联邦大会投票选出国家元首。
20170213,人民日报评论员文章：在党的十九大代表选举中提高党内民主质量和实效,明天出版的《人民日报》将发表评论员文章，题目是《在党的十九大代表选举中提高党内民主质量和实效》。 文章指出，充分发扬党内民主，严格代表产生程序，是选好十九大代表、增强代表先进性和广泛代表性的重要保证。各级党组织要认真按党章和中央要求办事，严格遵循规定的程序步骤，注重提高民主质量和实效，确保选出符合中央要求、广大党员拥护的十九大代表。
20170213,“大功三连”先进事迹首场巡回报告会举行,今天，陆军某部“大功三连”先进事迹首场巡回报告会在陆军机关举行，陆军1400多个分会场同步收听收看了报告会实况。报告团成员从不同侧面讲述了“大功三连”在强国强军征程上与时俱进、奋斗如新的成功经验，有力诠释了习主席系列重要讲话的真理魅力和实践威力。 据了解，从2月中旬到3月底，报告团将赴全军各部队作巡回报告。
20170213,“天舟一号”货运飞船运抵文昌发射场,据中国载人航天工程办公室消息，天舟一号货运飞船按流程完成了出厂前所有研制工作，2月5日从天津港启程，经过约一周的海陆运输，今天安全运抵海南文昌航天发射场，开展发射场区总装和测试工作，计划于4月中下旬由长征七号遥二运载火箭发射升空。 天舟一号是我国自主研制的首艘货运飞船，采用两舱构型，由货物舱和推进舱组成，总长10.6米，舱体最大直径3.35米，太阳帆板展开后最大宽度14.9米，起飞重量约13吨，物资上行能力约6吨，推进剂补加能力约为2吨，具备独立飞行3个月的能力，具有与天宫二号空间实验室交会对接、实施推进剂在轨补加、开展空间科学实验和技术试验等功能。 目前，发射场设施设备状态良好，各项准备工作有序进行。按计划，发射天舟一号货运飞船的长征七号遥二火箭将于3月中旬运抵海南文昌航天发射场。
20170213,陕西石泉：创新机制 推进县乡人大换届选举,陕西安康石泉县在县乡人大换届选举中创新机制，保证了选举的高参与率。 不久前，石泉县梧桐寺村党支部书记袁世清，经过群众联名推荐和组织考察后，再次当选石泉县人大代表。他之前在人代会上提交的议案质量高，与百姓关系密切，大家这次又联名推荐他。 通过扩大宣传，建立选民电子信息库等方式，石泉县新一届县乡人大换届选举中，选民参选率达到89.1%。由群众联名推荐产生的县乡两级人大代表，占到了总数的六成以上。今年，当地还建起了人大代表工作站，让代表们轮流值班，每周定期接待群众来访，更好地了解群众所想所需，忠诚履职。
20170213,国内联播快讯,今天全国铁路预计发送旅客980万人次 全国铁路返程客流持续高位运行，今天预计发送旅客980万人次，增开旅客列车840列，成都、西安、南昌、乌鲁木齐、沈阳等地均增开了农民工返程专列。 气温回升 北方将出现中至重度污染 未来几天，我国中东部大部地区将维持晴朗升温天气，南方部分地区的最高气温将超过20℃。北方大气扩散条件持续不利，环保部预计今天到15日，华北、东北及西北部分地区将出现中至重度污染过程。 2017世界广播日主题活动在沪举办 2017世界广播日主题活动今天在上海举办。来自亚太广播联盟、欧洲广播联盟等国际组织和各国广播机构的中外嘉宾，围绕广播的创新发展、融合转型展开研讨。
20170213,朝鲜宣布发射一枚中远程弹道导弹,据朝中社13号报道，朝鲜12号成功发射一枚地对地中远程战略弹道导弹。 报道说，当天发射的导弹被命名为“北极星-2”型，是在2016年8月成功发射的潜射导弹的基础上研制的。报道说，此次发射验证了地上发射系统的可靠性和安全性，再次确认了相关武器的特性等。发射还验证了能搭载更高水平核弹头的弹道导弹的制导及躲避拦截性能等。 另据韩国军队联合参谋本部12号说，当天早上，朝鲜在平安北道芳岘一带发射了一枚弹道导弹。导弹飞行高度为500多公里、射程为500公里。 中国外交部发言人耿爽13号表示，中方反对朝鲜违反安理会决议进行有关发射活动。他说，当前形势下，有关各方不应做相互刺激、可能加剧半岛紧张局势的事，各方都应保持克制，共同维护本地区的和平稳定。 韩国外交部12号发表声明，谴责朝鲜发射弹道导弹，称其行为违反安理会相关决议。俄罗斯外交部13号表示，对朝鲜发射活动表示关切，呼吁各方保持冷静克制，避免局势升级。日本方面称，朝鲜必须遵守安理会相关决议，美方表示支持日方立场。欧盟发表声明，谴责朝鲜发射导弹，并呼吁朝鲜不要加剧地区紧张局势，重返国际谈判，尤其是六方会谈。
20170213,墨西哥多城市抗议特朗普修墙计划,12号，墨西哥全国20多个城市同时举行示威游行，抗议美国总统特朗普计划在美墨边境修建隔离墙等针对墨西哥的政策。 在墨西哥首都墨西哥城，大约两万人参加了当天的抗议示威。抗议人群分东西两队，向墨西哥城标志性建筑——独立纪念碑聚集。抗议者高举着“不要仇恨不要修墙”等标语，要求美国政府给予墨西哥及墨西哥移民应有的尊重。 为防止意外事件发生，墨西哥政府派出三千多名警察，从11号晚就开始在游行区域巡逻戒备。 同一天，墨西哥第二大城市瓜达拉哈拉等多地也出现了规模不等的抗议活动。 美国总统特朗普早在竞选时期就主张在美墨边境修建隔离墙，而且相关费用必须由墨西哥通过交税或者其他方式来支付。特朗普上台后很快就签署了相关行政令。特朗普认为，这一措施将有效阻挡来自墨西哥等拉美国家的非法移民，将缓解美墨边境地区的毒品交易和犯罪问题，并提高美国人的就业率。 而这引发了墨西哥的强烈不满。墨西哥总统培尼亚取消原定于1月31号与特朗普的会面。培尼亚表示，墨美关系的基础应该是对墨西哥国家主权、尊严和独立的尊重，以及两国人民间的友谊和合作。秘鲁、哥伦比亚等拉美国家也先后表示，在对美立场上，与墨西哥站在同一阵线。
20170213,国际联播快讯,土库曼斯坦现总统获得连任 土库曼斯坦中央选举委员会13号宣布，现任总统别尔德穆哈梅多夫在12号举行的总统选举中赢得约97.7%的选票，成功连任总统。别尔德穆哈梅多夫在竞选纲领中承诺，他将把土库曼斯坦发展成为工业发达国家并将居民人均收入提高到发达国家水平，并将同国际组织合作，联手打击恐怖主义、跨国犯罪以及毒品走私活动。 根据土库曼斯坦去年9月修改的宪法，新一届总统任期将从此前的5年延长为7年。 中国驻日使馆发布福岛核辐射提醒 近期，日本福岛第一核电站2号机组安全壳内辐射情况引发我在日侨胞及访日中国游客担忧。中国驻日本大使馆12号在官方网站发布关于福岛核辐射的提醒，建议在日侨胞及赴日中国公民妥善安排出行计划。 日本东京电力公司9号晚说，根据分析推断，福岛第一核电站2号机组安全壳内部最大辐射值达到每小时650希沃特，再次刷新了反应堆内部辐射情况的最高推测值。 汉堡机场现刺激性气体 短暂关闭 德国北部城市汉堡机场当地时间12号中午发现不明刺激性气体，数十名安检人员和旅客出现眼部不适和刺激性咳嗽症状。机场随后一度关闭，所有班机停飞，疏散数百名旅客，但目前已恢复正常运行。初步调查显示，不明气体可能是通过空调系统扩散的辣椒喷雾或类似物质，但具体来源仍有待确定。目前已经排除恐怖袭击的可能。 新西兰提醒游客远离搁浅鲸尸体 新西兰环保机构13号提醒游客，远离数百头在新西兰南岛西北部海域搁浅死亡的鲸的尸体，原因是鲸尸内部蓄积过多腐败气体易发生爆炸。目前，相关海滩已经暂停向公众开放，工作人员将尽快对这些鲸尸进行集中处理。 连日来，总共有700多头领航鲸在费尔韦尔沙咀海滩及邻近区域搁浅，其中约350头死亡。 美最高大坝现缺口 20万人疏散 由于连日降雨、水位上涨以及水体常年侵蚀，美国最高大坝——加利福尼亚州奥罗维尔坝的紧急泄洪道近日出现缺口，一度面临坍塌危险，大坝下游多地约20万居民被要求紧急疏散。这也是这一大坝建成近半个世纪以来首次遇到如此严峻的情况。 当地政府随后用直升机投掷石块，堵住缺口，并通过泄洪降低水位，目前威胁已经暂时解除，但是当地官员表示，仍需随时保持警惕。
