date,title,content
20170403,习近平在芬兰媒体发表署名文章,4月3日，在对芬兰共和国进行国事访问前夕，国家主席习近平在芬兰《赫尔辛基时报》发表题为《穿越历史的友谊》的署名文章。 习近平指出，我即将对芬兰进行国事访问。今年适逢芬兰独立百年纪念，我很高兴同芬兰人民分享喜悦之情。芬兰是最早同新中国建交的西方国家之一，是第一个同中国签订政府间贸易协定的西方国家。两国人民的深厚感情为双边关系发展奠定了坚实基础，中芬关系经受住时间和国际风云变幻考验，成为不同幅员、不同文化、不同发展水平国家和平共处、友好交往的典范。 习近平强调，当前，中芬两国正在积极构建面向未来的新型合作伙伴关系，两国关系面临良好发展机遇。中芬经济优势互补，合作互利共赢的特点突出。中国推进“十三五”规划同芬兰实施“2025发展愿景”多有契合，双方在创新创业、清洁能源、生物经济、北极科研等领域务实合作将呈现更多新亮点。中方正在积极推进“一带一路”建设，欢迎芬方积极参与。中芬人员往来密切，人文交流蓬勃发展。中国将于2022年举办冬季奥运会，芬兰是世界冰雪运动强国，双方合作大有可为。中国始终从战略高度和长远角度看待中芬关系，坚持相互尊重、平等相待，通过互利合作谋求共同发展。 习近平强调，这次访问是我担任中国国家主席后首次访问北欧地区。中国和北欧国家有着良好双边关系和真诚合作意愿，双方各领域交流合作稳步扩大。中国是欧洲值得信赖的伙伴。当前中欧全面战略伙伴关系发展日趋成熟深入，和平、增长、改革、文明四大伙伴关系全面推进。双方对接各自发展战略、加强利益融合，对促进中欧共同增长具有重要意义。相信中国同北欧的密切联系将为促进欧洲繁荣和中欧关系发展作出贡献。中芬两国人民要携手合作，同各国人民一道，努力创造人类更加幸福美好的明天。
20170403,芬兰各界期待习主席到访,应芬兰共和国总统尼尼斯托邀请，国家主席习近平将于本月4号到6号对芬兰进行国事访问。芬兰各界人士在接受央视记者采访时表示，期待习主席此访进一步提升两国关系水平，拓展各领域务实合作。 刊登习近平主席署名文章的《赫尔辛基时报》是芬兰第一家，也是最大的一家英文新闻报刊。《赫尔辛基时报》的主编艾利克斯·库洛斯说，习近平主席在文章中提到了中国与芬兰和欧洲的关系。目前，世界正在向一个多极化的局面迈进，中国在这个进程中发挥着非常重要的作用。 罗瓦涅米市位于芬兰北部拉普兰地区，地处北极圈。2010年，时任中国国家副主席的习近平曾访问过这里。罗瓦涅米市议长奥托是2010年负责安排行程的芬方代表，他对习近平当年的访问记忆犹新。 芬兰是冰雪运动强国，随着中国承办2022年冬季奥运会，两国在冰雪项目上的合作热情迅速升温。芬兰体育界期待习主席此访能加深两国在冬季运动领域的合作，包括建设体育基础设施和人才培养等方方面面。
20170403,传承就是最好的纪念,无论战争年代还是和平时期，英烈们用鲜血和生命、用责任和担当，致富一方、守护平安。清明时节，人们怀念他们的牺牲和奉献，传承的是他们的精神和情怀。 在河南省兰考县焦裕禄纪念园，来自各地的干部群众在人民的好书记——焦裕禄墓前，寄托哀思。这片焦裕禄曾战斗过并为之付出生命的豫东小城，前不久宣布摘掉了“穷帽子”，全面脱贫。这无疑是对他们的好书记焦裕禄最好的告慰。 清明时节，人们更忘不了浴血奋战的革命先烈。老红军张道干今年已经95岁高龄，他念念不忘的是老首长李照东，当年在被敌人围剿的危难之际，李照东命令战士们先撤离，自己留下，牺牲在了战场。因为年事已高，张道干今天执意要来。 在江西宜春万载槽上村，有一座埋葬着45名无名红军烈士的墓地。67年前，凌高寿给亲人扫墓时经过烈士墓，作为当年那场战斗的亲历者，他当即决定要守护好这片墓地，这一守就是66年。今年清明，90多岁的凌高寿已经下不了床，扫墓的事儿他交代给了儿子。
20170403,【与亲书】施一公：子承父志 科学报国,清明时节，慎终追远。对中科院院士、清华大学副校长施一公来说，父亲在世留下的点滴记忆，在潜移默化地影响着他，一步步成长为著名的结构生物学家，放弃国外教职、全职回到清华。继承父亲科学报国的遗志，是对父亲最好的告慰。 这段文字，节选自施一公2015年追忆父亲时写下的文章，1962年，施怀琳从哈尔滨工业大学毕业，被分配到河南省电力工业局工作。他和爱人一共有4个孩子，在1967年生下了小儿子，取名“一公”。 一心为公，就是父亲施怀琳的选择。1969年，施怀琳一家被下放到河南驻马店的小郭庄。 这些童年的回忆，让施一公觉得父亲即便从大学生下放到农村，也要有所作为、充满乐观。那时，父亲常常骑车带施一公出去。坐在自行车前横梁上，施一公经常听到父亲吟唱的曲段。 父亲的“壮志”是什么？施一公那时并不懂。但他记得，父亲很希望学有所用。即便在高考制度的中断时期，父亲仍然没有放弃。 科学的神奇，在父亲的讲述中被施一公记在心里。在父亲的启蒙下，施一公的表姐、表哥、大姐在恢复高考的第一年，全都考进了大学。施一公也在1984年获得全国高中生数学联赛河南赛区第一名，保送进了清华。 1987年9月21日，施一公的父亲遭遇车祸，从此阴阳相隔。 带着对父亲的思念，1989年，施一公从清华毕业出国留学。在美国奋斗十八年，施一公成为国外著名大学的终身教授。但异国他乡的成功事业，并没有让他忘记父亲未酬的“壮志”。 10年前，施一公不顾很多人的反对，毅然辞掉美国教职、放弃美国国籍，全职回到母校清华任教。他最想做的回报，就是培养一批为科技强国而努力的科学家。 施一公带着“徒弟”研究抑制肿瘤的因子，将成果转化为抗癌新药应用临床实验；他们攻克世界性难题——解析剪接体结构，未来可能据此研发治疗遗传疾病的药物。 父亲的期望，激励施一公带领清华生命科学快速冲到世界一流，招揽几十名国际顶尖科学家回到中国全职任教。在他的心中，父亲的“壮志”，就是自己的“科技强国梦”。
20170403,【说出你的思念】往事如昨 思念如故,清明时节，央视新闻官方微博发起视频征集活动，对那些曾经呵护过生命成长、给予温暖和希望的父母、亲友，拿起手机、对着镜头，说出心中的思念。
20170403,全国铁路旅客发送量达984万人次,今天是清明小长假第二天，多地增开旅游赏花线路列车。公路出行车流量回落，全国公路运行顺畅。 4月2日，全国铁路发送旅客1268.4万人次，同比增长10.1%，创历年清明假期旅客单日发送量新高。今天，全国铁路旅客发送量达到984万人次，沈阳铁路局、南昌铁路局、南宁铁路局、太原铁路局增开多趟旅游线路列车。从明天起，铁路将迎来返程高峰，京津冀、长三角等地的短途列车上座率高。 小长假第二天，全国高速公路网运行顺畅。车流量高于工作日，但是和昨天高峰时段相比，回落明显。今天，广东、江苏、浙江的小客车出行量排在全国前三位。北京周边的京藏、大广、京承高速等高速公路，局部路段有短时拥堵的情况出现。预计从明天午后开始，全国高速公路网将迎来返程高峰。
20170403,各景区客流激增 踏青赏花为首选,清明假期第二天，全国各景区客流量激增，近郊踏青、赏花成为游客首选。 这两天，在四川都江堰，一年一度的放水节祭祀及旅游活动吸引了众多中外游客。当地用舞台分幕剧的形式，通过四幕实景画卷，深度还原两千多年前的“古法治水”。 从进入三月开始，北京玉渊潭公园进入了最佳观赏期，上千株樱花竞相绽放，吸引了大量游客前往。今天，北京故宫博物院参观游客人数超过了8万人次，中午12点故宫已经采取了限流措施，预计明天仍是参观的高峰。山东泰山、山西五台山、浙江淳安、贵州百里杜鹃等景区的周边村镇，引来大量游客来踏春赏景，体验农家生活。
20170403,港珠澳大桥拱北隧道即将全隧贯通,今天，港珠澳大桥珠海连接线的核心控制性工程，拱北隧道最后一层实现贯通。这也标志着这个世界上最大的断面公路隧道进入冲刺阶段。 拱北隧道是港珠澳大桥主体工程与珠海连接的唯一通道。采用双向六车道设计，全长2741米。由海域人工岛明挖段、口岸暗挖段以及陆域明挖段三种不同结构的隧道连接而成。今天实现贯通的是口岸暗挖段，它也被称为世界上施工难度最大的隧道工程。 为了达到施工基础条件，工程人员利用36根具有冷冻功能的特殊钢管先行搭建出隧道结构，将隧道周边泥沙变成具有支撑条件的冻土层。这也让其成为当今世界上首个使用曲线管幕加水平冻结施工工法建造的世界最大断面公路隧道。 根据进度，隧道将于近期实现全隧贯通，今年年底前与主桥一起具备通车条件。
20170403,黑龙江：春耕围绕市场作文章,市场需要啥就种啥，今年，我国大粮仓黑龙江的春耕，在调整种植结构、培育农业发展新动力中拉开了序幕。 黑龙江双义村的这几台播种机拉开了北大仓今年的春耕，接下来的几天里，它们要完成5000亩小麦的播种。今年，村里与面粉企业对接，将5000亩玉米全部改种成了小麦。 农业供给侧结构性改革，必须瞄准市场，今年播种的小麦，村里主打有机绿色种植，石磨生态加工，先签订单，后种植，从开种就锁定了市场、锁定了价格。 今年，黑土地上杂粮、蔬菜、食用菌、鲜食玉米，这些优质的经济作物将增加一千万亩。为支持结构调整，黑龙江今年采取财政贴息，安排45个标准化绿色蔬菜生产基地县，分别拿出2000万元的反担保资金，可以撬动金融部门为基地内农民合作社提供贷款近90亿元。 种好传统农作物也是农业供给侧结构性改革的重中之重，今年黑龙江在优质、绿色、有机上花力气，目前，全省共打造1300个互联网+农业高标准示范基地，绿色食品认证面积力争达到7600万亩 。
20170403,国内联播快讯,吉林今年8万多眼灌溉井通电 为抗旱保春耕，吉林省的8万多眼农用灌溉井今年将全部通电并投入使用。从2016年开始，吉林实施“井井通电”工程，把所有以柴油机为动力灌溉井替换成以电为动力，每年可节省灌溉费7亿元。 2017机器人世界杯中国赛开战 2017机器人世界杯中国赛在山东日照举行，来自全国的400多支队伍参赛。机器人世界杯赛，是当前国际上级别最高、规模最大的机器人赛事，优胜选手将代表中国参加机器人世界杯大赛。 中俄界江乌苏里江连续32年“文开江” 封冻了五个多月的中俄界江乌苏里江近日全面开江，这也是乌苏里江连续第32年“文开江”。按民间说法，开江分为“文开”和“武开”，所谓“文开江”是指冰排量小、冰面自然融化速度快；“武开江”则是冰层迅速断裂，大块冰排堵塞江面形成凌汛。
20170403,哥伦比亚泥石流搜救工作展开,2号，大约1500名哥伦比亚士兵和警察在发生泥石流的西南部城市莫科阿进行搜救。到目前为止，1号发生的泥石流已造成254人遇难，仍然有200多人失踪。 哥伦比亚国家风险管控中心负责人马尔克斯说，救援人员正在空军配合下帮助有需要的人员撤离。目前最大的目标是寻找失踪者。他们还在尝试恢复城市的供水供电，但全面恢复仍需数天时间。 救灾部门官员表示，已有600人被安置在紧急避难所内。恶劣天气和道路条件给救援物资的运送带来极大的困难。许多树木被连根拔起，横在路面上，车辆难以通行。此外，部分受灾地区的降雨还没有停止。哥伦比亚政府调动了附近空军基地的多架运输机用来运送物资，转移伤员。2号，空军向灾区的医院运送了2到3吨药品。已经有10辆水车2号抵达了莫科阿，还有16辆水车和净水设备在运抵灾区的路上。 哥伦比亚总统桑托斯2号在视察灾区时承诺将尽快修复受损的基础设施，恢复水电供应。
20170403,伊军暂缓摩苏尔老城收复战：40万平民被困 伊军开辟撤离通道,伊拉克政府军2日说，政府军暂缓了对摩苏尔老城区的围攻，以便开辟安全通道，帮助平民撤离。目前，仍有大约40万平民被困在摩苏尔。 伊拉克政府军一名军官介绍说，近几天，伊拉克政府军集中攻打了位于摩苏尔老城区的一座清真寺。2014年，极端组织头目巴格达迪曾在这里发表讲话，并对外公布了视频。伊拉克政府军认为，这里可能是极端组织的一个重要据点。 摩苏尔老城区区内巷道狭窄、建筑密集、易守难攻，除了部署狙击手之外，极端组织武装分子还挟持了大量平民作为人盾。伊拉克政府军表示，为了保障城内平民的安全，政府军目前暂停了打击极端组织的军事行动，为居民开辟安全通道撤离。伊拉克政府方面统计，截至目前已经有至少35.5万摩苏尔居民逃离，留在城中的平民也在战火中遭受重大伤亡。
20170403,国际联播快讯,塞尔维亚总理武契奇宣布当选新总统 当地时间2日晚，塞尔维亚总理、执政党进步党主席武契奇在进步党总部宣布自己在当天的总统选举中获胜。根据塞尔维亚选举委员会公布的初步统计结果，在已统计的56.56%的选票中，武契奇的得票率为57.03%，远超其他几名候选人。武契奇说，塞尔维亚新政府将在两个月内成立，在此期间他仍将担任总理一职。他表示，塞尔维亚将继续坚持改革、打击腐败，并寻求加入欧盟，同时保持与俄罗斯和中国的友好关系。 “大卫弹弓”系统在以投入运行 以色列政府2日宣布“大卫弹弓”中程导弹拦截系统在以色列投入全面运行。以色列总理内塔尼亚胡在启动仪式上说，任何想要打击以色列的人都将受到打击。 “大卫弹弓”中程导弹拦截系统由以色列与美国合作研发，主要用于拦截射程40公里到300公里的中程导弹。“大卫弹弓”系统是以色列多层导弹防御体系的重要组成部分。这一体系还包括“铁穹”短程导弹防御系统和主要防御远程导弹威胁的“箭”式反导系统。 福岛核事故处理费用或远超预计 日本共同社1日报道，根据智库“日本经济研究中心”估算，福岛第一核电站事故的处理费用可能高达50万亿至70万亿日元，约合3.1万亿至4.3万亿元人民币。比日本经济产业省去年12月公布的约22万亿日元增加了2倍多。日本经济研究中心认为，国民负担有可能因此大幅增加，日本政府有必要调整核能政策。 第45届日内瓦国际发明展举行 第45届日内瓦国际发明展近日举行，来自大约40个国家和地区的企业机构和个人带来了近千项发明。展品中既有能够给人们日常生活带来便利的发明，也有应用于医疗、农业、环保等领域的大型技术创造。本届展会上中国参展的发明数量位居前列，有83项来自中国内地的发明，14项来自中国香港的发明。  国际泳联跳水喀山站 中国包揽十金 国际泳联世界跳水系列赛喀山站2日结束了全部比赛，在当天的比赛中，中国队在女子3米板、男子10米台、男女混合双人3米板三个项目中均获得冠军，至此，中国跳水梦之队包揽了本站全部10枚金牌。 俄罗斯喀山站是今年世界系列赛的第三站，中国队在首站北京站拿到了9金，在广州站囊括了全部冠军。
20170403,热带气旋“黛比”在澳造成5人死亡,热带气旋“黛比”在澳大利亚造成的损失和伤亡在继续攀升。据当地媒体报道，截至2号，“黛比”已经造成5人身亡。截至目前，暂时没有中国公民伤亡的消息。 3月28号从东北部昆士兰州登陆的“黛比”是6年来登陆澳大利亚的最强热带气旋。
