date,title,content
20170517,习近平举行仪式欢迎阿根廷总统访华,国家主席习近平17日下午在人民大会堂东门外广场举行仪式，欢迎阿根廷共和国总统马克里对我国进行国事访问。 习近平主席夫人彭丽媛，中共中央政治局委员、中央政策研究室主任王沪宁，中共中央政治局委员、中央书记处书记、中央办公厅主任栗战书，全国人大常委会副委员长陈昌智，国务委员杨洁篪，全国政协副主席王钦敏等出席欢迎仪式。 陪同马克里访华的有总统夫人、众议长等。 军乐团奏阿中两国国歌。鸣礼炮21响。 马克里在习近平陪同下检阅中国人民解放军三军仪仗队。 两国元首回到检阅台观看仪仗队分列式。 随后，军乐团进行行进吹奏表演。 马克里是应习近平的邀请对我国进行国事访问的。
20170517,习近平同阿根廷总统举行会谈 两国元首一致同意 推动中阿全面战略伙伴关系得到更大发展,欢迎仪式后，习近平主席同马克里总统举行会谈。两国元首一致同意，扩大两国各领域互利友好合作，推动中阿全面战略伙伴关系得到更大发展。 习近平指出，今年是中阿建交45周年。中阿两国作为二十国集团成员和重要新兴市场国家，双方加强合作，不仅符合两国和两国人民根本利益，也有利于促进世界繁荣稳定。中阿双方要巩固政治共识，引领好两国关系发展方向，使两国合作成果更好惠及两国人民。 习近平强调，双方要坚定不移加强政治互信，扩大政府、立法机构、政党、地方等各领域各层级交往，坚持相互尊重、平等相待、合作共赢，在涉及彼此核心利益问题上相互支持。要深化两国利益融合，推动“一带一路”倡议同阿国内发展规划实现对接，扩大基础设施建设、能源、农业、矿业、制造业等领域合作，落实好水电、铁路等现有重大合作项目，扩大市场开放，优化贸易结构。中方赞赏阿方明确承诺将履行《中国加入世界贸易组织议定书》第十五条义务。双方要共同办好庆祝两国建交45周年系列文化活动，增进文化、教育、科技、青年、旅游、地方、足球等领域交流合作，加强警务执法和司法、南极事务合作。中方愿同阿方就全球经济治理、气候变化、2030年可持续发展议程等重大全球性议题保持密切协调和配合，支持阿方办好2018年二十国集团领导人峰会。 习近平赞赏阿根廷支持并积极参与“一带一路”建设，强调拉美是21世纪海上丝绸之路的自然延伸。中方愿同拉美加强合作，包括在“一带一路”建设框架内实现中拉发展战略对接，促进共同发展，打造中拉命运共同体。 马克里热烈祝贺刚刚闭幕的“一带一路”国际合作高峰论坛取得圆满成功。马克里表示，阿方致力于推动阿中全面战略伙伴关系深入发展。阿方坚持一个中国政策，愿本着相互尊重、相互信任的精神推进两国互利合作，增进两国人民相互理解，扩大双方共识。阿方愿同中方共同努力，推动贸易平衡发展，加强投资、金融、农业、科技、基础设施、旅游、人文、足球合作，深化拉美同中国关系，密切在国际事务中的沟通和协调。 会谈后，双方发表了《中华人民共和国和阿根廷共和国联合声明》。 两国元首共同见证了教育、文化、农业、质检、体育、投资、能源、铁路和金融等领域双边合作文件的签署。 王沪宁、栗战书、杨洁篪等出席上述活动。
20170517,习近平会见柬埔寨首相,17日，国家主席习近平在钓鱼台国宾馆会见柬埔寨首相洪森。 习近平欢迎洪森正式访华并出席“一带一路”国际合作高峰论坛。习近平指出，中柬关系发展势头良好。中方高度重视发展同柬埔寨关系，愿同柬方一道，坚定不移推进中柬友好事业，深化全面战略合作，更好造福两国人民，为地区和平和繁荣作出更大贡献。 习近平强调，中柬明年迎来建交60周年。双方要以纪念建交60周年为契机，推动中柬关系行稳致远、更好发展。我们要发挥高层接触对双边关系的引领作用，加强治国理政交流。要深化务实合作，落实好推进“一带一路”建设合作规划纲要，抓好产能和投资合作重点项目。要提升经贸合作规模和水平，实施好有关合作项目建设。要加强执法安全、反恐、打击网络犯罪以及境外追逃等领域合作，扩大旅游、文化、教育、青年等社会人文交流。中方支持柬方在国际和地区事务中发挥更大作用，支持柬方当好澜湄合作主席国。 洪森表示，柬埔寨坚定奉行西哈努克太皇确定的对华友好政策，感谢中国长期以来给予的坚定支持和大力帮助，愿同中方一道，巩固传统友谊，推动柬中全面战略合作伙伴关系取得更大发展。双方要在各自发展和彼此重大关切问题上始终相互理解和支持，拓展经贸、发展、减贫、卫生、安全、打击跨国犯罪等领域务实合作，密切在国际和地区事务中沟通协调。柬方赞同双方明年共同办好柬中建交60周年纪念活动。 王沪宁、栗战书、杨洁篪等参加会见。
20170517,习近平致信祝贺中国社会科学院建院40周年,中共中央总书记、国家主席、中央军委主席习近平17日致信祝贺中国社会科学院建院40周年，向全国广大哲学社会科学工作者致以诚挚问候。 习近平在贺信中指出，40年来，在党的领导下，中国社会科学院与时代同发展、与人民齐奋进，努力建设马克思主义理论阵地，发挥为党和国家决策服务的思想库作用，不断出成果、出人才，为推进马克思主义中国化、繁荣发展我国哲学社会科学作出了重要贡献。 习近平强调，坚持和发展中国特色社会主义，是理论和实践的双重探索。希望中国社会科学院的同志们和广大哲学社会科学工作者，紧紧围绕坚持和发展中国特色社会主义，坚持马克思主义指导地位，贯彻“百花齐放、百家争鸣”方针，坚持为人民做学问理念，以研究我国改革发展稳定重大理论和实践问题为主攻方向，立时代潮头，通古今变化，发思想先声，繁荣中国学术，发展中国理论，传播中国思想，努力为发展21世纪马克思主义、当代中国马克思主义，构建中国特色哲学社会科学学科体系、学术体系、话语体系，增强我国哲学社会科学国际影响力作出新的更大的贡献。
20170517,中国社会科学院建院40周年庆祝大会在京举行,中国社会科学院建院40周年庆祝大会17日下午在京举行。中共中央政治局委员、国务院副总理刘延东在会上宣读了习近平的贺信。 中共中央政治局委员、中宣部部长刘奇葆出席大会并讲话。他说，要认真学习贯彻习近平总书记哲学社会科学工作座谈会重要讲话精神和贺信提出的要求，贯彻落实党中央关于加快构建中国特色哲学社会科学的意见，始终坚持以马克思主义为指导，把学习研究阐释当代中国马克思主义最新成果作为重中之重，以重大理论和现实问题为主攻方向，集聚优势、创新发展，更好地出成果出人才，不断繁荣发展哲学社会科学。
20170517,“一带一路”国际合作高峰论坛成果丰硕,17日，国务委员杨洁篪在钓鱼台国宾馆接受中央电视台采访，介绍“一带一路”国际合作高峰论坛成果。 杨洁篪指出，“一带一路”国际合作高峰论坛刚刚落下帷幕，各方反响热烈。这次高峰论坛是“一带一路”框架下最高规格的国际活动，也是建国以来由中国首倡、中国主办的层级最高、规模最大的多边外交活动，对外发出了各方合力推动“一带一路”国际合作、携手构建人类命运共同体的积极信号。 杨洁篪表示，中国主办高峰论坛恰逢其时。这次论坛的一个突出特点是参与方多，代表性强。来自29个国家的国家元首、政府首脑与会，来自130多个国家和70多个国际组织的1500多名代表参会。中方主办高峰论坛，目的就是要进一步凝聚共识，促进政策沟通、设施联通、贸易畅通、资金融通、民心相通，加强发展战略对接，深化伙伴关系，推动国际合作，实现互利共赢。我们圆满实现了预期目标。从各方面的反映看，大家都有获得感，都感到不虚此行，也都认为这是一项可以实现共赢的事业。 杨洁篪表示，这次高峰论坛成果丰硕，有很多亮点。一是进一步明确了未来“一带一路”的合作方向。二是规划了“一带一路”建设的具体路线图。三是确定了一批“一带一路”将实施的重点项目。同时，中国在对接政策和发展战略、推进经济走廊建设、加强重大项目合作、加大资金支持等方面提出了多项新举措。 杨洁篪指出，中国一直在积极地为世界经济寻找出路。我们大力践行合作共赢理念，推动建设全球伙伴关系网络，着力构建开放、创新、联动型世界经济，就是要为中国发展营造更好的环境，为世界发展作出更大贡献，同各方共同努力构建人类命运共同体。共商、共建、共享是“一带一路”国际合作的核心理念。我们在办会过程中，始终秉持这一原则，把“共商”的态度、“共建”的决心、“共享”的诚意贯穿到办会的各个方面。高峰论坛成功举办后，很多与会国家领导人和各界与会代表都希望论坛定期举办。习近平主席在圆桌峰会闭幕式上宣布，中国将在2019年举办第二届“一带一路”国际合作高峰论坛。相信经过大家共同努力，“一带一路”的美好愿景一定能够实现。
20170517,李克强主持召开国务院常务会议,国务院总理李克强5月17日主持召开国务院常务会议，确定进一步减少涉企经营服务性收费和降低物流用能成本，为企业减负助力；部署以试点示范推进“中国制造2025”深入实施，促进制造业转型升级。 按照中央经济工作会议精神和《政府工作报告》部署，围绕推进供给侧结构性改革、激发市场活力，会议确定，在落实好已出台涉企减负政策基础上，再推出一批新的降费措施。一是降低物流成本。取消电网公司收取的电气化铁路还贷电价，等额下浮铁路货物运价。合并货车年检年审，减少检验检测费用。取消甘肃、青海、内蒙古、宁夏政府还贷二级公路收费。二是合理降低输配电价格。扩大发电企业和用户直接交易规模。通过取消工业企业结构调整专项资金、降低重大水利工程建设基金征收标准和脱硫脱硝电价等，减轻企业用电负担。降低省内天然气输配价格。三是减少经营服务性收费。行政审批部门开展技术性服务一律由其自行支付费用。取消行业协会商会不合理收费项目，对保留项目降低偏高收费标准。规范金融机构收费行为。上述措施一年将减轻企业负担约1200亿元。会议要求对乱收费要抓典型，坚决治理。全面推开涉企收费公示制，各级地方政府要在年内公布收费清单。 会议指出，“中国制造2025”是推动新旧动能转换和经济迈向中高端的重要抓手，实施两年来取得明显成效。下一步实施中，要深化供给侧结构性改革，以市场为导向、企业为主体，以智能制造为主攻方向，结合“互联网+”和“双创”，促进制造业向智能、绿色和服务型升级，建设制造强国。 一要攻关键、强基础。狠抓关键核心技术攻关，加快突破短板与瓶颈，支持急需装备产业化，启动实施新材料等研发和应用工程。二要建设工业互联网云平台和开放式“双创”平台，支持大中小企业融通发展，培育网络化跨界协同研发制造、大规模个性化定制等新模式。三要在“中国制造2025”试点示范城市（群）和智能制造示范区基础上，择优创建一批“中国制造2025”示范区，在制度创新上先行先试，形成产业集群和新的增长区域。四要弘扬企业家精神和工匠精神，培育创客品质，促进增品种、提品质、创品牌。五要深化“放管服”改革，强化知识产权保护，调动科技人才积极性。通过整合中央多种专项基金加大担保贴息力度、引导社会资本投入等，合力促进制造业升级。六要扩大开放和国际合作，实现优势互补、共赢发展。
20170517,李克强会见阿根廷总统,国务院总理李克强17日在人民大会堂会见来华进行国事访问并出席“一带一路”国际合作高峰论坛的阿根廷总统马克里。 李克强表示，中阿建交45年来，两国关系始终稳步前行。习近平主席同总统先生多次会晤，有力推动两国关系向前发展。中方愿同阿方增进政治互信，密切互利合作，加强人文交流，扩大共同利益，促进共同发展。 李克强指出，中阿合作互补性强。我们愿同阿方相互扩大市场开放，推动双边贸易均衡发展，促进贸易投资自由化便利化。加强基础设施建设、产能、能源、农业等领域互利合作。中方支持拉美经济一体化，愿同阿方一道为中拉关系发展作出努力。 马克里表示，阿方愿同中方加强基础设施建设、核电、金融、旅游等领域合作，推动贸易平衡增长。阿方欢迎中国企业赴阿投资，愿积极推动南方共同市场同中国开展多种形式的经贸合作。
20170517,张德江会见阿根廷总统,全国人大常委会委员长张德江17日在人民大会堂会见阿根廷总统马克里。 张德江说，建交45年来，中阿关系持续稳定向前发展。总统先生来华出席“一带一路”国际合作高峰论坛并进行国事访问，习近平主席与你深入交换意见，对两国关系发展作出全面规划，必将促进中阿全面战略伙伴关系更快更好发展。中国全国人大与阿根廷国会保持着友好往来，为中阿关系发展作出了积极贡献。双方要继续发挥友好小组、交流机制等平台作用，增进相互了解，推动政党、地方、文化、媒体等各界往来，创造更好的务实合作法律和政策环境，使中阿友好造福两国人民。 马克里说，发展对华关系是阿各政党和全国人民的共同意愿，阿方愿推动两国关系走向更加美好的未来。 张平参加会见。 当天，马克里还前往北京天安门广场，向人民英雄纪念碑敬献花圈。
20170517,中共中央办公厅 国务院办公厅印发《关于实行国家机关“谁执法谁普法”普法责任制的意见》,近日，中共中央办公厅、国务院办公厅印发了《关于实行国家机关“谁执法谁普法”普法责任制的意见》，并发出通知，要求各地区各部门结合实际认真贯彻落实。 《意见》要求，国家机关要坚持普法工作与法治实践相结合，坚持系统内普法与社会普法并重，坚持条块结合、密切协作，坚持从实际出发、注重实效。要建立普法责任制，明确普法内容，切实做好本系统普法，充分利用法律法规规章和司法解释起草制定过程向社会开展普法，围绕热点难点问题向社会开展普法，建立法官、检察官、行政执法人员、律师等以案释法制度，创新普法工作方式方法。
20170517,人民日报评论员文章：推动“一带一路”建设行稳致远——三论习近平主席在“一带一路”国际合作高峰论坛开幕式演讲,明天出版的人民日报将发表评论员文章《推动“一带一路”建设行稳致远——三论习近平主席在“一带一路”国际合作高峰论坛开幕式演讲》。
20170517,1-4月全国生产安全事故总量和较大事故同比双下降,今年以来，各地区、各部门认真贯彻党中央、国务院决策部署，狠抓安全生产责任落实，坚决遏制重特大事故发生，推动了安全生产形势持续稳定好转。据安全监管总局统计，今年1-4月份实现了全国生产安全事故总量、较大事故同比双下降，未发生特别重大事故。全国各类生产安全事故总量14405起，其中较大事故207起，同比分别下降25.4%和2.4%。
20170517,联播快讯,青年发展规划 十重点项目促青年发展 国务院新闻办今天召开新闻发布会，介绍日前印发的《中长期青年发展规划（2016—2025年）》的制定与实施情况。《规划》从思想道德、就业等10个领域，配套提出10个重点项目促进青年发展。 央行开放香港内地“债券通” 中国人民银行、香港金融管理局昨天联合发布公告，决定在香港与内地债券市场之间开展基础设施的互联互通合作，简称“债券通”。今后，境内外投资者可以经由债券通买卖两地债券。 电信普遍服务助力十万山村通光纤 今天是世界电信日，记者从工信部了解到，2016年实施电信普遍服务补偿机制试点以来，已有10万个行政村开展了光纤到村建设和网络升级改造。今年国家还将为3万多个行政村开通光纤。 第十届中博会 2017徽商大会开幕 今天，第十届中国中部投资贸易博览会、2017中国国际徽商大会在安徽合肥开幕。会议积极对接“一带一路”发展机遇，推动中部地区深入参与国内国际合作。 2017中国(昆山)产品进口交易会开幕 2017中国(昆山)品牌产品进口交易会今天在江苏昆山举行，重点展示了智能制造、生活消费等领域的新产品和新技术。 美土领导人会谈 力图修复两国关系 16日，美国总统特朗普与到访的土耳其总统埃尔多安举行会谈，由于近期两国因库尔德武装等问题出现裂痕，会谈被认为是两国领导人修复双方关系的一次努力。特朗普在会谈后表示，美土是长期盟友，美国支持土耳其打击极端组织、库尔德工人党武装等“恐怖团伙”，两国将继续反恐合作。埃尔多安强调了继续发展两国关系的重要性，但对美国政府支持叙利亚境内的库尔德武装表示不满。美国白宫9日证实，特朗普授权向叙利亚境内的库尔德武装提供武器，以支持其攻打极端组织所谓的首都拉卡。这引发了土耳其不满，担心该武装坐大威胁土耳其安全。 伊军称收复摩苏尔西城近九成地区 伊拉克军方联合行动指挥部发言人拉苏尔16日在巴格达宣布，目前政府军已经收复了摩苏尔西城89.5%的地区，摩苏尔西城被极端组织控制的地区仅剩约12平方公里。摩苏尔位于巴格达以北约四百公里处，是伊拉克第二大城市，2014年6月被极端组织控制。伊政府军去年10月发动摩苏尔收复战，今年1月收复该市东部城区。 伊朗大选在即 两位候选人退出 伊朗总统选举候选人、现任第一副总统贾汉吉里16日发表声明称退出竞选，并向现任总统鲁哈尼表达支持。此前一天，德黑兰市长卡利巴夫也宣布退选，转而支持强硬保守派候选人莱希。伊朗总统选举将于本月19日举行，此前共有6名候选人通过了宪法监护委员会的资格审查，现在还剩下4名候选人。 白宫否认特朗普曾干预调查弗林 美国《纽约时报》16日报道称，根据不久前被解职的联邦调查局局长科米的一份备忘录，今年2月总统特朗普曾要求科米停止对前总统国家安全事务助理弗林的调查。对此，白宫发表声明说，总统从未要求科米或其他任何人停止任何调查活动，包括对弗林的调查，总统尊重执法部门及其调查活动。
