date,title,content
20170227,井冈山：率先脱贫 老区迈向新起点,党的十八大以来，江西革命老区井冈山深刻牢记习近平总书记“井冈山要在脱贫攻坚中作示范、带好头”的殷切嘱托，大力弘扬井冈山精神，实事求是闯新路，艰苦奋斗攻难关，一步一个脚印打好脱贫攻坚战。2月26日，经国务院扶贫开发领导小组评估并经江西省政府批准，江西省井冈山市正式宣布在全国率先脱贫摘帽。 距离井冈山著名的八角楼景区不到三公里的茅坪乡马源村，村委会正在与三家机构签署促进乡村旅游发展的合作协议，得知井冈山市脱贫摘帽的消息，宁静的小山村一下子沸腾了。 信心是一步一步干出来的。由于山大沟深、交通不便、基础薄弱，老区群众的脱贫无疑是一块“难啃的骨头”。 到2014年初，井冈山仍有44个贫困村、4638户16934名农村贫困人口。 山旮旯里的茅坪乡神山村，贫困户占到全村人口的一半。去年2月，习近平总书记冒着小雪来到这里。他对乡亲们说，我们党是全心全意为人民服务的党，将继续大力支持老区发展，让乡亲们日子越过越好。在扶贫的路上，不能落下一个贫困家庭，丢下一个贫困群众。 时隔一年，记者再次来到神山村，这里的变化令人振奋，当年的21户贫困户中20户实现脱贫，村民人均年收入达1.18万元，37栋土坯房换上了客家风貌的“新装”，泥泞的道路也变得平整。村里搞起乡村旅游，全村有47%的村民参与进来。习总书记曾经打糍粑的这口石臼，很多游客都想体验体验，红军后代左秀发买来糯米、白糖，让人们过上了一把瘾。 而邀请习总书记品尝过“米果”的彭夏英，也发挥自己的好厨艺，开起了农家乐。 在脱贫攻坚中，井冈山突出精准为先，因地制宜，因人施策。拿山乡三百多亩草莓基地，2016年吸收144户贫困户加入草莓种植。当初，为了把草莓变成一项扶贫产业，干部们可没少下工夫。 精诚所至，金石为开。三个多月后，草莓公司把帮村里脱贫变成了自己的事，他们拿出17个大棚免费交由贫困户种植，免费提供种苗和技术支持，还同意33户贫困户利用帮扶单位的扶贫资金入股，当年种植草莓的贫困户户均收益1.5万多元。 一个“咬”字，是扶贫干部践行井冈山精神的生动体现。井冈山3000余名党员干部，112名“第一书记”到村入户，“咬”住“精准”二字，按照贫困程度不同，分“红卡”和“蓝卡”建档立卡。对蓝卡户根据其劳动能力和致富意愿制定帮扶措施，发挥他自身“造血功能”。而对完全丧失劳动能力的红卡户，实施相应的差异性保障政策，统筹推进社会保障扶贫、就业扶贫、健康扶贫、教育扶贫，扎牢兜底保障网，确保每户贫困户吃穿、住房、就医、就学有保障。 截至目前，井冈山农民人均纯收入由2013年的5857元，增长到8647元，贫困户人均纯收入由2600元，增长到4500元以上，每年增长超过10%。甩掉贫困帽子的井冈山，已经站上了奔向小康的新起点。
20170227,中共中央 国务院印发《关于加强和改进新形势下高校思想政治工作的意见》,中共中央、国务院近日印发了《关于加强和改进新形势下高校思想政治工作的意见》。 《意见》强调指出，加强和改进高校思想政治工作，事关办什么样的大学、怎样办大学的根本问题，事关党对高校的领导，事关中国特色社会主义事业后继有人，是一项重大的政治任务和战略工程。 《意见》指出，要强化思想理论教育和价值引领，把理想信念教育放在首位。要发挥哲学社会科学育人功能，加强对课堂教学和各类思想文化阵地的建设管理，加强教师队伍和专门力量建设，推进高校思想政治工作改革创新。 《意见》强调，要完善高校党的领导体制，坚持和完善普通高校党委领导下的校长负责制，高校党委对本校工作实行全面领导，履行管党治党、办学治校的主体责任，切实发挥领导核心作用。
20170227,李克强签署国务院令 公布《残疾预防和残疾人康复条例》,近日，国务院总理李克强签署第675号国务院令，公布《残疾预防和残疾人康复条例》，从制度层面部署促进我国残疾预防和残疾人康复事业持续健康发展。《条例》共6章36条，自2017年7月1日起施行。
20170227,全国政协十二届常委会第十九次会议开幕,政协第十二届全国委员会常务委员会第十九次会议27日在京开幕。会议的主要议题是为全国政协十二届五次会议作准备。全国政协主席俞正声出席。 会议审议通过了关于召开政协第十二届全国委员会第五次会议的决定，听取了关于政协第十二届全国委员会第五次会议议程（草案）和日程（草案）的说明、关于政协全国委员会常务委员会工作报告（草案）起草情况的说明、关于政协全国委员会常务委员会关于政协十二届四次会议以来提案工作情况的报告（草案）起草情况的说明和关于人事事项的说明。 全国政协副主席兼秘书长张庆黎、全国政协常务副秘书长潘立刚、中共中央统战部常务副部长张裔炯、全国政协提案委员会主任孙淦，分别就上述议题作了说明。 经济委员会主任周伯华、人口资源环境委员会主任贾治邦、教科文卫体委员会主任张玉台、社会和法制委员会主任孟学农、民族和宗教委员会主任朱维群、港澳台侨委员会副主任杨衍银、外事委员会主任潘云鹤、文史和学习委员会主任王太华，分别汇报了本委员会2016年度工作情况。 全国政协副主席杜青林主持会议。
20170227,【两会一年间】进诤言谋良策 协商民主重实效,人民政协是社会主义协商民主的重要渠道和专门协商机构，是国家治理体系的重要组成部分。一年来，人民政协认真履行政治协商、民主监督、参政议政职能，建言建在需要时、议政议到点子上、监督监在关键处，进一步提高政协协商的实效性。 两会召开前夕，全国政协委员胡国珍再次来到位于铜仁市玉屏县山区。绵延贵州、湖南、云南、重庆四省市的武陵山片区是国家确定的14个集中连片特困地区之一。多年来，胡国珍一直心系这里的产业扶贫。 9个月前，十多名全国政协委员来这里调研，还特邀农业部、国家发改委等部委的人员，一同把脉当地特色产业。 调研结束后，围绕“实施精准扶贫、精准脱贫，提高扶贫实效”，全国政协召开了专题议政性常委会议。农业部、财政部等八部门共同出台《贫困地区发展特色产业促进精准脱贫指导意见》，为山区百姓的脱贫带来实实在在的帮助。 既精又准的点子加上各部门的大力扶持，部分村民很快就尝到了甜头。 协商座谈、专题调研、视察考察是人民政协建言献策的重要方式。去年9月，围绕“提升中华老字号品牌质量”，十多名全国政协委员赴浙江、湖南等地进行了调研。品牌遭侵权是老字号的困扰，也是委员们的调研重点。 王星记扇厂，1875年创建，是首批“中华老字号”。两会前夕，全国政协委员高鹰忠第四次来到老字号企业调研。他发现，中华老字号遭遇侵权并非个例。在今年1月的全国政协双周协商座谈会上，政协委员和国务院有关部门针对老字号发展面临的问题充分交流，达成共识。2月初，商务部等16部门联合印发的《关于促进老字号改革发展创新的指导意见》正式公布。 一年来，全国政协开展了106项视察考察调研活动，组织2次专题议政性常委会议，3次专题协商会和16次双周协商座谈会。全国政协积极推动有关各方互动交流，凸显了政协协商平台作用。
20170227,《二十国集团领导人杭州峰会成果文件选编》出版发行,《二十国集团领导人杭州峰会成果文件选编》一书，近日由外文出版社以中、英文在国内外出版发行。 二十国集团领导人第十一次峰会2016年9月在杭州成功举办，峰会取得一系列开创性、突破性成果，勾画了世界经济增长的新蓝图、新愿景，为促进全球经济复苏发展留下了鲜明的中国印记。《二十国集团领导人杭州峰会成果文件选编》一书，编入二十国集团领导人杭州峰会公报、二十国集团创新增长蓝图、二十国集团落实2030年可持续发展议程行动计划等10个重要成果文件。
20170227,中央纪委通报六起落实全面从严治党主体责任和监督责任不力被问责的典型案例,自从2016年7月《中国共产党问责条例》施行以来，各地查处了一批落实全面从严治党主体责任和监督责任不力被问责的案例。日前，中央纪委通报了部分地区和单位查处的6起典型案例。 这6起案例分别是： 湖南省娄底市冷水江市委原书记刘小龙、市纪委原书记阳卫龙等人因该市多名党员领导干部长期参与赌博问题被问责。 湖北省武汉市政协办公厅副巡视员、机关党委副书记、纪委书记赵英俊因对信访举报调查不力等问题被问责。 山东省菏泽市曹县庄寨镇党委原书记陈观海、镇纪委原书记孔博等人因下辖村党支部换届选举违规问题被问责。 中国能源建设集团山西省电力勘测设计院有限公司党委书记王新平、纪委书记王又崑因班子成员大操大办婚宴问题被问责。 广东省汕尾市海丰县原副县长、县公安局原党委书记兼局长王楚雄和县公安局党委副书记、纪委书记曾小彪因本系统多人违纪违法问题被问责。 辽宁省鞍山市岫岩县粮食局党委书记、局长刘键和局纪委书记程言因对本单位人员受处分决定落实不到位被问责。 通报要求，各级党委（党组）要认真贯彻落实党的十八届六中全会和中央纪委七次全会精神，牢固树立政治意识、大局意识、核心意识、看齐意识，深入推进全面从严治党，用好问责这个利器，推动管党治党从宽松软走向严紧硬。各级纪委（纪检组）要强化监督执纪问责，推动失责必问、问责必严成为常态，向党的十九大交上改进作风、严明纪律、惩治腐败的优秀答卷。
20170227,交通运输部：今年力争再降物流成本,今天，国务院新闻办举行新闻发布会，交通运输部部长李小鹏介绍了交通运输供给侧结构性改革、《“十三五”现代综合交通运输体系发展规划》的相关情况。 李小鹏介绍，交通运输供给侧结构性改革的重点是一降两提高，即降低物流成本，提高运输效率，提升服务品质。2016年据不完全统计，公路和水路两个方面共实现降低成本365亿元。 国务院近日批准了《“十三五”现代综合交通运输体系发展规划》，预计“十三五”期间，高速铁路将覆盖80%以上的大城市，铁路、高速公路、民航运输机场将基本覆盖20万人口以上城市。交通投资总规模15万亿元，交通扶贫建设总投资规模达到1.8万亿元。
20170227,国家食药监总局：严守食品药品安全防线,国家食品药品监督管理总局局长毕井泉在今天国新办召开的新闻发布会上表示，2016年我国食品抽检合格率为96.8%。在谈到网络订餐监管问题时，毕井泉强调，只有取得许可证的实体餐饮店才能在网上接受订餐。针对目前有些中成药名称存在着误导消费者的情况，毕井泉表示，下一步将重点整顿夸大疗效、暗示疗效以及用语低俗的命名。毕井泉还表示，开展仿制药一致性评价的目的，就是要使我们生产的仿制药，在质量和疗效上与原研药一致，有助提高中国药企的国际竞争力。
20170227,10位杰出女性获全国三八红旗手标兵,今天，由全国妇联评选的10位杰出女性全国三八红旗手标兵揭晓，她们是： 中铁十七局集团有限公司铺架分公司唐曹项目探伤工关改玉   吉林省长春市宽城区团山街道长山花园社区党委书记吴亚琴 南昌大学第四附属医院医疗服务部主任邹德凤 中国交通通信信息中心导航中心副主任王淑芳 河南省洛阳市孟津县京孟种植专业合作社理事长吕妙霞 海军辽宁舰通信部门通信中队二区队信号班班长吴冬燕 北京大学经济学院院长孙祁祥 山东省济南市章丘区双山街道三涧溪村党总支书记高淑贞 海南省公安边防总队医院政治处主任陈少峰 成都华西海圻医药科技有限公司总经理王莉
20170227,特大系列“地下钱庄”案告破,今天，公安部对外通报了近期破获的一系列涉案资金额巨大的“地下钱庄”案件，并且由此追查出多种依托“地下钱庄”的上游犯罪。其中，黑龙江七台河市公安局历时一年多打掉“地下钱庄”8个、报关行14个，查处骗取出口退税、虚开增值税专用发票违法犯罪企业15家，抓获犯罪嫌疑人82人。深圳警方侦破系列“地下钱庄”案件4宗，抓捕犯罪嫌疑人8名。 近年来，“地下钱庄”已成为走私、贩毒、电信诈骗、证券违法等犯罪活动转移赃款的秘密通道，甚至成为贪腐分子的“洗钱工具”和“帮凶”，严重扰乱了金融管理秩序，危害到国家经济安全。 2016年，全国公安机关共破获“地下钱庄”重大案件380余起，抓获犯罪嫌疑人800余名，打掉作案窝点500余个，涉案交易总金额9000多亿元人民币。
20170227,藏区群众欢度藏历火鸡新年,今天，西藏、青海、甘肃、四川、云南等地的藏族群众用丰富多彩的活动，欢度藏历火鸡新年。 在西藏农牧区，传说初一的第一桶水最为圣洁、清甜。阿旺加村一家用虔诚的心接来第一壶象征如意美满的吉祥水。 今天，青藏高原的藏族群众都走出家门，互敬切玛、青稞酒，互道“扎西德勒”，用舞蹈和歌声表达对过上好日子的喜悦，迎接新的一年。 藏历新年是藏族群众一年中最隆重的节日，从初一持续到十五。 在甘肃武威的天祝县，人们在激情的赛马大会上欢度节日。 在云南迪庆藏族自治州，大家在欢快的锅庄舞中互致吉祥。 在四川甘孜藏族自治州的藏家乐里，靠旅游富裕起来的藏族群众，用民族特色的美食招待四面八方的游客，一起欢度藏历新年。
20170227,国内联播快讯,风云四号气象卫星首批图像与数据发布 国防科工局、中国气象局今天联合发布了我国新一代静止轨道气象卫星“风云四号”获取的首批图像与数据，包括我国、澳大利亚、南极等多地的气象监测图，大气辐射温度垂直分布图、空间高能电子变化图等，图像层次分明，云层和地表纹理丰富。这也意味着我国在静止轨道气象卫星研制上成功实现升级换代。 港珠澳大桥沉管隧道最终接头起运 港珠澳大桥沉管隧道最终接头今天在江苏南通起运，最终接头重5500吨，首次采用世界上最先进的“整体预制安装式”工艺。 四川今天集中开工一批重大项目 四川省今天集中开工1952个重大项目，总投资7869亿元，项目涉及产业发展、基础设施建设、民生及社会事业等领域。 内蒙古与近60家央企签署战略合作协议 今天，内蒙古自治区与近60家央企在京签署战略合作框架协议，共签署协议88个，投资金额4000多亿元，涉及清洁能源、装备制造等领域。 36家网游运营单位被依法查处 因提供含有宣扬赌博、教唆犯罪、违背社会公德内容的网络游戏产品和服务，北京畅游时代、上海游族等36家网络游戏运营单位，被依法给予罚款、没收违法所得等行政处罚。文化部同时启动网络表演市场执法检查，首轮抽查将覆盖50%的经营单位，违规表演者将列入行业黑名单。 2017中华龙舟大赛海南万宁开赛 2017中华龙舟大赛第一站比赛今天在海南万宁举行，来自全国的36支龙舟队参加。经过100米、200米、500米直道赛三个项目的比拼，聊城大学队包揽青少年男、女子组总冠军。名门世家九江队包揽职业男、女子组总冠军。
20170227,乐天集团同意为部署“萨德”供地,韩国国防部今天下午发布消息称，乐天集团已经同意向韩国军方转让星州高尔夫球场，作为部署“萨德”反导系统的用地。中方对在韩部署萨德表示坚决反对和强烈不满。 韩国国防部说，将很快与乐天集团签署相关的土地交换协议，用一块国有用地与乐天交换星州高尔夫球场。按照计划，协议签署后，韩国军方将依据《驻韩美军地位协定》向美方供地。韩国军方今天称，争取“萨德”年内入韩的立场没有变化。 韩国在野党和民众对部署萨德强烈不满，抗议活动持续不断。反对者表示，部署“萨德”系统不能保护韩国安全，只会使韩国成为半岛“火药桶”和冲突前沿。　 中国外交部发言人耿爽今天表示，美韩推进在韩国部属萨德反导系统，严重破坏地区战略平衡，严重损害包括中国在内的本地区有关国家战略安全利益，不利于维护朝鲜半岛的和平与稳定。韩方罔顾中方利益关切，执意配合美方加紧推进有关部署进程，中方对此表示坚决反对和强烈不满。中方反对在韩部署萨德系统的意志是坚定的，将坚决采取必要措施维护自身安全利益，由此产生的一切后果由美韩承担。中方强烈敦促有关方停止相关部署进程，不要在错误的道路上越走越远。 俄罗斯方面对此也多次表达了反对立场。
20170227,国际联播快讯,伊朗海军举行大规模军事演习 伊朗海军26日在霍尔木兹海峡举行了代号为“守卫95”的大规模演习，演习区域包括霍尔木兹海峡、阿曼湾以及印度洋北部的大片水域。伊朗海军司令萨亚利说，演习主要是展示伊朗军队的作战和防御能力，并测试多种新型武器装备。 伊朗国内有分析认为，特朗普政府最近的一系列举措正将伊美关系引向危险的边缘，地区局势目前非常敏感。 伊军收复摩苏尔西部城区两个街区 伊拉克联合行动指挥部26日说，伊拉克政府军收复了摩苏尔西部城区的两个街区：马蒙区和塔亚然区。伊军指挥官说，在收复行动中，这两个街区都发生了十次以上的汽车炸弹袭击，其中一次造成伤亡。 摩苏尔是最后一座极端组织在伊拉克占领的大城市。在收复东部城区后，本月19日，伊拉克政府军开始收复摩苏尔西部城区，目前还有大约3000名武装分子盘踞在那里。 今年唯一日环食在南半球上演 26日，今年全球唯一一次日环食在南半球上演。本次日环食始于东南太平洋，穿过南美洲的智利和阿根廷以后进入南大西洋，结束于非洲西南部。在太平洋东南部、南美洲南部等一些地区可以看见日偏食。本次日环食非常接近于全食，但持续时间较短，只有40多秒。
